[2026-07-18 05:27:30] production.ERROR: Attempt to read property "spot_detail" on null {"view":{"view":"/home/wonderparkbd/public_html/resources/views/pages/frontend/spot_details.blade.php","data":[]},"exception":"[object] (Spatie\\LaravelIgnition\\Exceptions\\ViewException(code: 0): Attempt to read property \"spot_detail\" on null at /home/wonderparkbd/public_html/resources/views/pages/frontend/spot_details.blade.php:91)
[stacktrace]
#0 /home/wonderparkbd/public_html/vendor/laravel/framework/src/Illuminate/Filesystem/Filesystem.php(123): require('/home/wonderpar...')
#1 /home/wonderparkbd/public_html/vendor/laravel/framework/src/Illuminate/Filesystem/Filesystem.php(124): Illuminate\\Filesystem\\Filesystem::{closure:Illuminate\\Filesystem\\Filesystem::getRequire():120}()
#2 /home/wonderparkbd/public_html/vendor/laravel/framework/src/Illuminate/View/Engines/PhpEngine.php(58): Illuminate\\Filesystem\\Filesystem->getRequire()
#3 /home/wonderparkbd/public_html/vendor/livewire/livewire/src/ComponentConcerns/RendersLivewireComponents.php(69): Illuminate\\View\\Engines\\PhpEngine->evaluatePath()
#4 /home/wonderparkbd/public_html/vendor/laravel/framework/src/Illuminate/View/Engines/CompilerEngine.php(72): Livewire\\LivewireViewCompilerEngine->evaluatePath()
#5 /home/wonderparkbd/public_html/vendor/livewire/livewire/src/ComponentConcerns/RendersLivewireComponents.php(35): Illuminate\\View\\Engines\\CompilerEngine->get()
#6 /home/wonderparkbd/public_html/vendor/laravel/framework/src/Illuminate/View/View.php(207): Livewire\\LivewireViewCompilerEngine->get()
#7 /home/wonderparkbd/public_html/vendor/laravel/framework/src/Illuminate/View/View.php(190): Illuminate\\View\\View->getContents()
#8 /home/wonderparkbd/public_html/vendor/laravel/framework/src/Illuminate/View/View.php(159): Illuminate\\View\\View->renderContents()
#9 /home/wonderparkbd/public_html/vendor/laravel/framework/src/Illuminate/Http/Response.php(69): Illuminate\\View\\View->render()
#10 /home/wonderparkbd/public_html/vendor/laravel/framework/src/Illuminate/Http/Response.php(35): Illuminate\\Http\\Response->setContent()
#11 /home/wonderparkbd/public_html/vendor/laravel/framework/src/Illuminate/Routing/Router.php(918): Illuminate\\Http\\Response->__construct()
#12 /home/wonderparkbd/public_html/vendor/laravel/framework/src/Illuminate/Routing/Router.php(885): Illuminate\\Routing\\Router::toResponse()
#13 /home/wonderparkbd/public_html/vendor/laravel/framework/src/Illuminate/Routing/Router.php(805): Illuminate\\Routing\\Router->prepareResponse()
#14 /home/wonderparkbd/public_html/vendor/laravel/framework/src/Illuminate/Pipeline/Pipeline.php(144): Illuminate\\Routing\\Router->{closure:Illuminate\\Routing\\Router::runRouteWithinStack():805}()
#15 /home/wonderparkbd/public_html/app/Http/Middleware/SetLocale.php(18): Illuminate\\Pipeline\\Pipeline->{closure:Illuminate\\Pipeline\\Pipeline::prepareDestination():142}()
#16 /home/wonderparkbd/public_html/vendor/laravel/framework/src/Illuminate/Pipeline/Pipeline.php(183): App\\Http\\Middleware\\SetLocale->handle()
#17 /home/wonderparkbd/public_html/vendor/laravel/framework/src/Illuminate/Routing/Middleware/SubstituteBindings.php(50): Illuminate\\Pipeline\\Pipeline->{closure:{closure:Illuminate\\Pipeline\\Pipeline::carry():158}:159}()
#18 /home/wonderparkbd/public_html/vendor/laravel/framework/src/Illuminate/Pipeline/Pipeline.php(183): Illuminate\\Routing\\Middleware\\SubstituteBindings->handle()
#19 /home/wonderparkbd/public_html/vendor/laravel/framework/src/Illuminate/Foundation/Http/Middleware/VerifyCsrfToken.php(78): Illuminate\\Pipeline\\Pipeline->{closure:{closure:Illuminate\\Pipeline\\Pipeline::carry():158}:159}()
#20 /home/wonderparkbd/public_html/vendor/laravel/framework/src/Illuminate/Pipeline/Pipeline.php(183): Illuminate\\Foundation\\Http\\Middleware\\VerifyCsrfToken->handle()
#21 /home/wonderparkbd/public_html/vendor/laravel/framework/src/Illuminate/View/Middleware/ShareErrorsFromSession.php(49): Illuminate\\Pipeline\\Pipeline->{closure:{closure:Illuminate\\Pipeline\\Pipeline::carry():158}:159}()
#22 /home/wonderparkbd/public_html/vendor/laravel/framework/src/Illuminate/Pipeline/Pipeline.php(183): Illuminate\\View\\Middleware\\ShareErrorsFromSession->handle()
#23 /home/wonderparkbd/public_html/vendor/laravel/framework/src/Illuminate/Session/Middleware/StartSession.php(121): Illuminate\\Pipeline\\Pipeline->{closure:{closure:Illuminate\\Pipeline\\Pipeline::carry():158}:159}()
#24 /home/wonderparkbd/public_html/vendor/laravel/framework/src/Illuminate/Session/Middleware/StartSession.php(64): Illuminate\\Session\\Middleware\\StartSession->handleStatefulRequest()
#25 /home/wonderparkbd/public_html/vendor/laravel/framework/src/Illuminate/Pipeline/Pipeline.php(183): Illuminate\\Session\\Middleware\\StartSession->handle()
#26 /home/wonderparkbd/public_html/vendor/laravel/framework/src/Illuminate/Cookie/Middleware/AddQueuedCookiesToResponse.php(37): Illuminate\\Pipeline\\Pipeline->{closure:{closure:Illuminate\\Pipeline\\Pipeline::carry():158}:159}()
#27 /home/wonderparkbd/public_html/vendor/laravel/framework/src/Illuminate/Pipeline/Pipeline.php(183): Illuminate\\Cookie\\Middleware\\AddQueuedCookiesToResponse->handle()
#28 /home/wonderparkbd/public_html/vendor/laravel/framework/src/Illuminate/Cookie/Middleware/EncryptCookies.php(67): Illuminate\\Pipeline\\Pipeline->{closure:{closure:Illuminate\\Pipeline\\Pipeline::carry():158}:159}()
#29 /home/wonderparkbd/public_html/vendor/laravel/framework/src/Illuminate/Pipeline/Pipeline.php(183): Illuminate\\Cookie\\Middleware\\EncryptCookies->handle()
#30 /home/wonderparkbd/public_html/vendor/laravel/framework/src/Illuminate/Pipeline/Pipeline.php(119): Illuminate\\Pipeline\\Pipeline->{closure:{closure:Illuminate\\Pipeline\\Pipeline::carry():158}:159}()
#31 /home/wonderparkbd/public_html/vendor/laravel/framework/src/Illuminate/Routing/Router.php(805): Illuminate\\Pipeline\\Pipeline->then()
#32 /home/wonderparkbd/public_html/vendor/laravel/framework/src/Illuminate/Routing/Router.php(784): Illuminate\\Routing\\Router->runRouteWithinStack()
#33 /home/wonderparkbd/public_html/vendor/laravel/framework/src/Illuminate/Routing/Router.php(748): Illuminate\\Routing\\Router->runRoute()
#34 /home/wonderparkbd/public_html/vendor/laravel/framework/src/Illuminate/Routing/Router.php(737): Illuminate\\Routing\\Router->dispatchToRoute()
#35 /home/wonderparkbd/public_html/vendor/laravel/framework/src/Illuminate/Foundation/Http/Kernel.php(200): Illuminate\\Routing\\Router->dispatch()
#36 /home/wonderparkbd/public_html/vendor/laravel/framework/src/Illuminate/Pipeline/Pipeline.php(144): Illuminate\\Foundation\\Http\\Kernel->{closure:Illuminate\\Foundation\\Http\\Kernel::dispatchToRouter():197}()
#37 /home/wonderparkbd/public_html/vendor/livewire/livewire/src/DisableBrowserCache.php(19): Illuminate\\Pipeline\\Pipeline->{closure:Illuminate\\Pipeline\\Pipeline::prepareDestination():142}()
#38 /home/wonderparkbd/public_html/vendor/laravel/framework/src/Illuminate/Pipeline/Pipeline.php(183): Livewire\\DisableBrowserCache->handle()
#39 /home/wonderparkbd/public_html/vendor/laravel/framework/src/Illuminate/Foundation/Http/Middleware/TransformsRequest.php(21): Illuminate\\Pipeline\\Pipeline->{closure:{closure:Illuminate\\Pipeline\\Pipeline::carry():158}:159}()
#40 /home/wonderparkbd/public_html/vendor/laravel/framework/src/Illuminate/Foundation/Http/Middleware/ConvertEmptyStringsToNull.php(31): Illuminate\\Foundation\\Http\\Middleware\\TransformsRequest->handle()
#41 /home/wonderparkbd/public_html/vendor/laravel/framework/src/Illuminate/Pipeline/Pipeline.php(183): Illuminate\\Foundation\\Http\\Middleware\\ConvertEmptyStringsToNull->handle()
#42 /home/wonderparkbd/public_html/vendor/laravel/framework/src/Illuminate/Foundation/Http/Middleware/TransformsRequest.php(21): Illuminate\\Pipeline\\Pipeline->{closure:{closure:Illuminate\\Pipeline\\Pipeline::carry():158}:159}()
#43 /home/wonderparkbd/public_html/vendor/laravel/framework/src/Illuminate/Foundation/Http/Middleware/TrimStrings.php(40): Illuminate\\Foundation\\Http\\Middleware\\TransformsRequest->handle()
#44 /home/wonderparkbd/public_html/vendor/laravel/framework/src/Illuminate/Pipeline/Pipeline.php(183): Illuminate\\Foundation\\Http\\Middleware\\TrimStrings->handle()
#45 /home/wonderparkbd/public_html/vendor/laravel/framework/src/Illuminate/Foundation/Http/Middleware/ValidatePostSize.php(27): Illuminate\\Pipeline\\Pipeline->{closure:{closure:Illuminate\\Pipeline\\Pipeline::carry():158}:159}()
#46 /home/wonderparkbd/public_html/vendor/laravel/framework/src/Illuminate/Pipeline/Pipeline.php(183): Illuminate\\Foundation\\Http\\Middleware\\ValidatePostSize->handle()
#47 /home/wonderparkbd/public_html/vendor/laravel/framework/src/Illuminate/Foundation/Http/Middleware/PreventRequestsDuringMaintenance.php(99): Illuminate\\Pipeline\\Pipeline->{closure:{closure:Illuminate\\Pipeline\\Pipeline::carry():158}:159}()
#48 /home/wonderparkbd/public_html/vendor/laravel/framework/src/Illuminate/Pipeline/Pipeline.php(183): Illuminate\\Foundation\\Http\\Middleware\\PreventRequestsDuringMaintenance->handle()
#49 /home/wonderparkbd/public_html/vendor/laravel/framework/src/Illuminate/Http/Middleware/HandleCors.php(49): Illuminate\\Pipeline\\Pipeline->{closure:{closure:Illuminate\\Pipeline\\Pipeline::carry():158}:159}()
#50 /home/wonderparkbd/public_html/vendor/laravel/framework/src/Illuminate/Pipeline/Pipeline.php(183): Illuminate\\Http\\Middleware\\HandleCors->handle()
#51 /home/wonderparkbd/public_html/vendor/laravel/framework/src/Illuminate/Http/Middleware/TrustProxies.php(39): Illuminate\\Pipeline\\Pipeline->{closure:{closure:Illuminate\\Pipeline\\Pipeline::carry():158}:159}()
#52 /home/wonderparkbd/public_html/vendor/laravel/framework/src/Illuminate/Pipeline/Pipeline.php(183): Illuminate\\Http\\Middleware\\TrustProxies->handle()
#53 /home/wonderparkbd/public_html/vendor/laravel/framework/src/Illuminate/Pipeline/Pipeline.php(119): Illuminate\\Pipeline\\Pipeline->{closure:{closure:Illuminate\\Pipeline\\Pipeline::carry():158}:159}()
#54 /home/wonderparkbd/public_html/vendor/laravel/framework/src/Illuminate/Foundation/Http/Kernel.php(175): Illuminate\\Pipeline\\Pipeline->then()
#55 /home/wonderparkbd/public_html/vendor/laravel/framework/src/Illuminate/Foundation/Http/Kernel.php(144): Illuminate\\Foundation\\Http\\Kernel->sendRequestThroughRouter()
#56 /home/wonderparkbd/public_html/public/index.php(51): Illuminate\\Foundation\\Http\\Kernel->handle()
#57 {main}

[previous exception] [object] (ErrorException(code: 0): Attempt to read property \"spot_detail\" on null at /home/wonderparkbd/public_html/storage/framework/views/e225f9eb62bb1b9fc0a5c49cfd20de21.php:91)
[stacktrace]
#0 /home/wonderparkbd/public_html/vendor/laravel/framework/src/Illuminate/Foundation/Bootstrap/HandleExceptions.php(255): Illuminate\\Foundation\\Bootstrap\\HandleExceptions->handleError()
#1 /home/wonderparkbd/public_html/storage/framework/views/e225f9eb62bb1b9fc0a5c49cfd20de21.php(91): Illuminate\\Foundation\\Bootstrap\\HandleExceptions->{closure:Illuminate\\Foundation\\Bootstrap\\HandleExceptions::forwardsTo():254}()
#2 /home/wonderparkbd/public_html/vendor/laravel/framework/src/Illuminate/Filesystem/Filesystem.php(123): require('/home/wonderpar...')
#3 /home/wonderparkbd/public_html/vendor/laravel/framework/src/Illuminate/Filesystem/Filesystem.php(124): Illuminate\\Filesystem\\Filesystem::{closure:Illuminate\\Filesystem\\Filesystem::getRequire():120}()
#4 /home/wonderparkbd/public_html/vendor/laravel/framework/src/Illuminate/View/Engines/PhpEngine.php(58): Illuminate\\Filesystem\\Filesystem->getRequire()
#5 /home/wonderparkbd/public_html/vendor/livewire/livewire/src/ComponentConcerns/RendersLivewireComponents.php(69): Illuminate\\View\\Engines\\PhpEngine->evaluatePath()
#6 /home/wonderparkbd/public_html/vendor/laravel/framework/src/Illuminate/View/Engines/CompilerEngine.php(72): Livewire\\LivewireViewCompilerEngine->evaluatePath()
#7 /home/wonderparkbd/public_html/vendor/livewire/livewire/src/ComponentConcerns/RendersLivewireComponents.php(35): Illuminate\\View\\Engines\\CompilerEngine->get()
#8 /home/wonderparkbd/public_html/vendor/laravel/framework/src/Illuminate/View/View.php(207): Livewire\\LivewireViewCompilerEngine->get()
#9 /home/wonderparkbd/public_html/vendor/laravel/framework/src/Illuminate/View/View.php(190): Illuminate\\View\\View->getContents()
#10 /home/wonderparkbd/public_html/vendor/laravel/framework/src/Illuminate/View/View.php(159): Illuminate\\View\\View->renderContents()
#11 /home/wonderparkbd/public_html/vendor/laravel/framework/src/Illuminate/Http/Response.php(69): Illuminate\\View\\View->render()
#12 /home/wonderparkbd/public_html/vendor/laravel/framework/src/Illuminate/Http/Response.php(35): Illuminate\\Http\\Response->setContent()
#13 /home/wonderparkbd/public_html/vendor/laravel/framework/src/Illuminate/Routing/Router.php(918): Illuminate\\Http\\Response->__construct()
#14 /home/wonderparkbd/public_html/vendor/laravel/framework/src/Illuminate/Routing/Router.php(885): Illuminate\\Routing\\Router::toResponse()
#15 /home/wonderparkbd/public_html/vendor/laravel/framework/src/Illuminate/Routing/Router.php(805): Illuminate\\Routing\\Router->prepareResponse()
#16 /home/wonderparkbd/public_html/vendor/laravel/framework/src/Illuminate/Pipeline/Pipeline.php(144): Illuminate\\Routing\\Router->{closure:Illuminate\\Routing\\Router::runRouteWithinStack():805}()
#17 /home/wonderparkbd/public_html/app/Http/Middleware/SetLocale.php(18): Illuminate\\Pipeline\\Pipeline->{closure:Illuminate\\Pipeline\\Pipeline::prepareDestination():142}()
#18 /home/wonderparkbd/public_html/vendor/laravel/framework/src/Illuminate/Pipeline/Pipeline.php(183): App\\Http\\Middleware\\SetLocale->handle()
#19 /home/wonderparkbd/public_html/vendor/laravel/framework/src/Illuminate/Routing/Middleware/SubstituteBindings.php(50): Illuminate\\Pipeline\\Pipeline->{closure:{closure:Illuminate\\Pipeline\\Pipeline::carry():158}:159}()
#20 /home/wonderparkbd/public_html/vendor/laravel/framework/src/Illuminate/Pipeline/Pipeline.php(183): Illuminate\\Routing\\Middleware\\SubstituteBindings->handle()
#21 /home/wonderparkbd/public_html/vendor/laravel/framework/src/Illuminate/Foundation/Http/Middleware/VerifyCsrfToken.php(78): Illuminate\\Pipeline\\Pipeline->{closure:{closure:Illuminate\\Pipeline\\Pipeline::carry():158}:159}()
#22 /home/wonderparkbd/public_html/vendor/laravel/framework/src/Illuminate/Pipeline/Pipeline.php(183): Illuminate\\Foundation\\Http\\Middleware\\VerifyCsrfToken->handle()
#23 /home/wonderparkbd/public_html/vendor/laravel/framework/src/Illuminate/View/Middleware/ShareErrorsFromSession.php(49): Illuminate\\Pipeline\\Pipeline->{closure:{closure:Illuminate\\Pipeline\\Pipeline::carry():158}:159}()
#24 /home/wonderparkbd/public_html/vendor/laravel/framework/src/Illuminate/Pipeline/Pipeline.php(183): Illuminate\\View\\Middleware\\ShareErrorsFromSession->handle()
#25 /home/wonderparkbd/public_html/vendor/laravel/framework/src/Illuminate/Session/Middleware/StartSession.php(121): Illuminate\\Pipeline\\Pipeline->{closure:{closure:Illuminate\\Pipeline\\Pipeline::carry():158}:159}()
#26 /home/wonderparkbd/public_html/vendor/laravel/framework/src/Illuminate/Session/Middleware/StartSession.php(64): Illuminate\\Session\\Middleware\\StartSession->handleStatefulRequest()
#27 /home/wonderparkbd/public_html/vendor/laravel/framework/src/Illuminate/Pipeline/Pipeline.php(183): Illuminate\\Session\\Middleware\\StartSession->handle()
#28 /home/wonderparkbd/public_html/vendor/laravel/framework/src/Illuminate/Cookie/Middleware/AddQueuedCookiesToResponse.php(37): Illuminate\\Pipeline\\Pipeline->{closure:{closure:Illuminate\\Pipeline\\Pipeline::carry():158}:159}()
#29 /home/wonderparkbd/public_html/vendor/laravel/framework/src/Illuminate/Pipeline/Pipeline.php(183): Illuminate\\Cookie\\Middleware\\AddQueuedCookiesToResponse->handle()
#30 /home/wonderparkbd/public_html/vendor/laravel/framework/src/Illuminate/Cookie/Middleware/EncryptCookies.php(67): Illuminate\\Pipeline\\Pipeline->{closure:{closure:Illuminate\\Pipeline\\Pipeline::carry():158}:159}()
#31 /home/wonderparkbd/public_html/vendor/laravel/framework/src/Illuminate/Pipeline/Pipeline.php(183): Illuminate\\Cookie\\Middleware\\EncryptCookies->handle()
#32 /home/wonderparkbd/public_html/vendor/laravel/framework/src/Illuminate/Pipeline/Pipeline.php(119): Illuminate\\Pipeline\\Pipeline->{closure:{closure:Illuminate\\Pipeline\\Pipeline::carry():158}:159}()
#33 /home/wonderparkbd/public_html/vendor/laravel/framework/src/Illuminate/Routing/Router.php(805): Illuminate\\Pipeline\\Pipeline->then()
#34 /home/wonderparkbd/public_html/vendor/laravel/framework/src/Illuminate/Routing/Router.php(784): Illuminate\\Routing\\Router->runRouteWithinStack()
#35 /home/wonderparkbd/public_html/vendor/laravel/framework/src/Illuminate/Routing/Router.php(748): Illuminate\\Routing\\Router->runRoute()
#36 /home/wonderparkbd/public_html/vendor/laravel/framework/src/Illuminate/Routing/Router.php(737): Illuminate\\Routing\\Router->dispatchToRoute()
#37 /home/wonderparkbd/public_html/vendor/laravel/framework/src/Illuminate/Foundation/Http/Kernel.php(200): Illuminate\\Routing\\Router->dispatch()
#38 /home/wonderparkbd/public_html/vendor/laravel/framework/src/Illuminate/Pipeline/Pipeline.php(144): Illuminate\\Foundation\\Http\\Kernel->{closure:Illuminate\\Foundation\\Http\\Kernel::dispatchToRouter():197}()
#39 /home/wonderparkbd/public_html/vendor/livewire/livewire/src/DisableBrowserCache.php(19): Illuminate\\Pipeline\\Pipeline->{closure:Illuminate\\Pipeline\\Pipeline::prepareDestination():142}()
#40 /home/wonderparkbd/public_html/vendor/laravel/framework/src/Illuminate/Pipeline/Pipeline.php(183): Livewire\\DisableBrowserCache->handle()
#41 /home/wonderparkbd/public_html/vendor/laravel/framework/src/Illuminate/Foundation/Http/Middleware/TransformsRequest.php(21): Illuminate\\Pipeline\\Pipeline->{closure:{closure:Illuminate\\Pipeline\\Pipeline::carry():158}:159}()
#42 /home/wonderparkbd/public_html/vendor/laravel/framework/src/Illuminate/Foundation/Http/Middleware/ConvertEmptyStringsToNull.php(31): Illuminate\\Foundation\\Http\\Middleware\\TransformsRequest->handle()
#43 /home/wonderparkbd/public_html/vendor/laravel/framework/src/Illuminate/Pipeline/Pipeline.php(183): Illuminate\\Foundation\\Http\\Middleware\\ConvertEmptyStringsToNull->handle()
#44 /home/wonderparkbd/public_html/vendor/laravel/framework/src/Illuminate/Foundation/Http/Middleware/TransformsRequest.php(21): Illuminate\\Pipeline\\Pipeline->{closure:{closure:Illuminate\\Pipeline\\Pipeline::carry():158}:159}()
#45 /home/wonderparkbd/public_html/vendor/laravel/framework/src/Illuminate/Foundation/Http/Middleware/TrimStrings.php(40): Illuminate\\Foundation\\Http\\Middleware\\TransformsRequest->handle()
#46 /home/wonderparkbd/public_html/vendor/laravel/framework/src/Illuminate/Pipeline/Pipeline.php(183): Illuminate\\Foundation\\Http\\Middleware\\TrimStrings->handle()
#47 /home/wonderparkbd/public_html/vendor/laravel/framework/src/Illuminate/Foundation/Http/Middleware/ValidatePostSize.php(27): Illuminate\\Pipeline\\Pipeline->{closure:{closure:Illuminate\\Pipeline\\Pipeline::carry():158}:159}()
#48 /home/wonderparkbd/public_html/vendor/laravel/framework/src/Illuminate/Pipeline/Pipeline.php(183): Illuminate\\Foundation\\Http\\Middleware\\ValidatePostSize->handle()
#49 /home/wonderparkbd/public_html/vendor/laravel/framework/src/Illuminate/Foundation/Http/Middleware/PreventRequestsDuringMaintenance.php(99): Illuminate\\Pipeline\\Pipeline->{closure:{closure:Illuminate\\Pipeline\\Pipeline::carry():158}:159}()
#50 /home/wonderparkbd/public_html/vendor/laravel/framework/src/Illuminate/Pipeline/Pipeline.php(183): Illuminate\\Foundation\\Http\\Middleware\\PreventRequestsDuringMaintenance->handle()
#51 /home/wonderparkbd/public_html/vendor/laravel/framework/src/Illuminate/Http/Middleware/HandleCors.php(49): Illuminate\\Pipeline\\Pipeline->{closure:{closure:Illuminate\\Pipeline\\Pipeline::carry():158}:159}()
#52 /home/wonderparkbd/public_html/vendor/laravel/framework/src/Illuminate/Pipeline/Pipeline.php(183): Illuminate\\Http\\Middleware\\HandleCors->handle()
#53 /home/wonderparkbd/public_html/vendor/laravel/framework/src/Illuminate/Http/Middleware/TrustProxies.php(39): Illuminate\\Pipeline\\Pipeline->{closure:{closure:Illuminate\\Pipeline\\Pipeline::carry():158}:159}()
#54 /home/wonderparkbd/public_html/vendor/laravel/framework/src/Illuminate/Pipeline/Pipeline.php(183): Illuminate\\Http\\Middleware\\TrustProxies->handle()
#55 /home/wonderparkbd/public_html/vendor/laravel/framework/src/Illuminate/Pipeline/Pipeline.php(119): Illuminate\\Pipeline\\Pipeline->{closure:{closure:Illuminate\\Pipeline\\Pipeline::carry():158}:159}()
#56 /home/wonderparkbd/public_html/vendor/laravel/framework/src/Illuminate/Foundation/Http/Kernel.php(175): Illuminate\\Pipeline\\Pipeline->then()
#57 /home/wonderparkbd/public_html/vendor/laravel/framework/src/Illuminate/Foundation/Http/Kernel.php(144): Illuminate\\Foundation\\Http\\Kernel->sendRequestThroughRouter()
#58 /home/wonderparkbd/public_html/public/index.php(51): Illuminate\\Foundation\\Http\\Kernel->handle()
#59 {main}
"} 
[2026-07-18 05:28:25] production.ERROR: Attempt to read property "spot_detail" on null {"view":{"view":"/home/wonderparkbd/public_html/resources/views/pages/frontend/spot_details.blade.php","data":[]},"exception":"[object] (Spatie\\LaravelIgnition\\Exceptions\\ViewException(code: 0): Attempt to read property \"spot_detail\" on null at /home/wonderparkbd/public_html/resources/views/pages/frontend/spot_details.blade.php:91)
[stacktrace]
#0 /home/wonderparkbd/public_html/vendor/laravel/framework/src/Illuminate/Filesystem/Filesystem.php(123): require('/home/wonderpar...')
#1 /home/wonderparkbd/public_html/vendor/laravel/framework/src/Illuminate/Filesystem/Filesystem.php(124): Illuminate\\Filesystem\\Filesystem::{closure:Illuminate\\Filesystem\\Filesystem::getRequire():120}()
#2 /home/wonderparkbd/public_html/vendor/laravel/framework/src/Illuminate/View/Engines/PhpEngine.php(58): Illuminate\\Filesystem\\Filesystem->getRequire()
#3 /home/wonderparkbd/public_html/vendor/livewire/livewire/src/ComponentConcerns/RendersLivewireComponents.php(69): Illuminate\\View\\Engines\\PhpEngine->evaluatePath()
#4 /home/wonderparkbd/public_html/vendor/laravel/framework/src/Illuminate/View/Engines/CompilerEngine.php(72): Livewire\\LivewireViewCompilerEngine->evaluatePath()
#5 /home/wonderparkbd/public_html/vendor/livewire/livewire/src/ComponentConcerns/RendersLivewireComponents.php(35): Illuminate\\View\\Engines\\CompilerEngine->get()
#6 /home/wonderparkbd/public_html/vendor/laravel/framework/src/Illuminate/View/View.php(207): Livewire\\LivewireViewCompilerEngine->get()
#7 /home/wonderparkbd/public_html/vendor/laravel/framework/src/Illuminate/View/View.php(190): Illuminate\\View\\View->getContents()
#8 /home/wonderparkbd/public_html/vendor/laravel/framework/src/Illuminate/View/View.php(159): Illuminate\\View\\View->renderContents()
#9 /home/wonderparkbd/public_html/vendor/laravel/framework/src/Illuminate/Http/Response.php(69): Illuminate\\View\\View->render()
#10 /home/wonderparkbd/public_html/vendor/laravel/framework/src/Illuminate/Http/Response.php(35): Illuminate\\Http\\Response->setContent()
#11 /home/wonderparkbd/public_html/vendor/laravel/framework/src/Illuminate/Routing/Router.php(918): Illuminate\\Http\\Response->__construct()
#12 /home/wonderparkbd/public_html/vendor/laravel/framework/src/Illuminate/Routing/Router.php(885): Illuminate\\Routing\\Router::toResponse()
#13 /home/wonderparkbd/public_html/vendor/laravel/framework/src/Illuminate/Routing/Router.php(805): Illuminate\\Routing\\Router->prepareResponse()
#14 /home/wonderparkbd/public_html/vendor/laravel/framework/src/Illuminate/Pipeline/Pipeline.php(144): Illuminate\\Routing\\Router->{closure:Illuminate\\Routing\\Router::runRouteWithinStack():805}()
#15 /home/wonderparkbd/public_html/app/Http/Middleware/SetLocale.php(18): Illuminate\\Pipeline\\Pipeline->{closure:Illuminate\\Pipeline\\Pipeline::prepareDestination():142}()
#16 /home/wonderparkbd/public_html/vendor/laravel/framework/src/Illuminate/Pipeline/Pipeline.php(183): App\\Http\\Middleware\\SetLocale->handle()
#17 /home/wonderparkbd/public_html/vendor/laravel/framework/src/Illuminate/Routing/Middleware/SubstituteBindings.php(50): Illuminate\\Pipeline\\Pipeline->{closure:{closure:Illuminate\\Pipeline\\Pipeline::carry():158}:159}()
#18 /home/wonderparkbd/public_html/vendor/laravel/framework/src/Illuminate/Pipeline/Pipeline.php(183): Illuminate\\Routing\\Middleware\\SubstituteBindings->handle()
#19 /home/wonderparkbd/public_html/vendor/laravel/framework/src/Illuminate/Foundation/Http/Middleware/VerifyCsrfToken.php(78): Illuminate\\Pipeline\\Pipeline->{closure:{closure:Illuminate\\Pipeline\\Pipeline::carry():158}:159}()
#20 /home/wonderparkbd/public_html/vendor/laravel/framework/src/Illuminate/Pipeline/Pipeline.php(183): Illuminate\\Foundation\\Http\\Middleware\\VerifyCsrfToken->handle()
#21 /home/wonderparkbd/public_html/vendor/laravel/framework/src/Illuminate/View/Middleware/ShareErrorsFromSession.php(49): Illuminate\\Pipeline\\Pipeline->{closure:{closure:Illuminate\\Pipeline\\Pipeline::carry():158}:159}()
#22 /home/wonderparkbd/public_html/vendor/laravel/framework/src/Illuminate/Pipeline/Pipeline.php(183): Illuminate\\View\\Middleware\\ShareErrorsFromSession->handle()
#23 /home/wonderparkbd/public_html/vendor/laravel/framework/src/Illuminate/Session/Middleware/StartSession.php(121): Illuminate\\Pipeline\\Pipeline->{closure:{closure:Illuminate\\Pipeline\\Pipeline::carry():158}:159}()
#24 /home/wonderparkbd/public_html/vendor/laravel/framework/src/Illuminate/Session/Middleware/StartSession.php(64): Illuminate\\Session\\Middleware\\StartSession->handleStatefulRequest()
#25 /home/wonderparkbd/public_html/vendor/laravel/framework/src/Illuminate/Pipeline/Pipeline.php(183): Illuminate\\Session\\Middleware\\StartSession->handle()
#26 /home/wonderparkbd/public_html/vendor/laravel/framework/src/Illuminate/Cookie/Middleware/AddQueuedCookiesToResponse.php(37): Illuminate\\Pipeline\\Pipeline->{closure:{closure:Illuminate\\Pipeline\\Pipeline::carry():158}:159}()
#27 /home/wonderparkbd/public_html/vendor/laravel/framework/src/Illuminate/Pipeline/Pipeline.php(183): Illuminate\\Cookie\\Middleware\\AddQueuedCookiesToResponse->handle()
#28 /home/wonderparkbd/public_html/vendor/laravel/framework/src/Illuminate/Cookie/Middleware/EncryptCookies.php(67): Illuminate\\Pipeline\\Pipeline->{closure:{closure:Illuminate\\Pipeline\\Pipeline::carry():158}:159}()
#29 /home/wonderparkbd/public_html/vendor/laravel/framework/src/Illuminate/Pipeline/Pipeline.php(183): Illuminate\\Cookie\\Middleware\\EncryptCookies->handle()
#30 /home/wonderparkbd/public_html/vendor/laravel/framework/src/Illuminate/Pipeline/Pipeline.php(119): Illuminate\\Pipeline\\Pipeline->{closure:{closure:Illuminate\\Pipeline\\Pipeline::carry():158}:159}()
#31 /home/wonderparkbd/public_html/vendor/laravel/framework/src/Illuminate/Routing/Router.php(805): Illuminate\\Pipeline\\Pipeline->then()
#32 /home/wonderparkbd/public_html/vendor/laravel/framework/src/Illuminate/Routing/Router.php(784): Illuminate\\Routing\\Router->runRouteWithinStack()
#33 /home/wonderparkbd/public_html/vendor/laravel/framework/src/Illuminate/Routing/Router.php(748): Illuminate\\Routing\\Router->runRoute()
#34 /home/wonderparkbd/public_html/vendor/laravel/framework/src/Illuminate/Routing/Router.php(737): Illuminate\\Routing\\Router->dispatchToRoute()
#35 /home/wonderparkbd/public_html/vendor/laravel/framework/src/Illuminate/Foundation/Http/Kernel.php(200): Illuminate\\Routing\\Router->dispatch()
#36 /home/wonderparkbd/public_html/vendor/laravel/framework/src/Illuminate/Pipeline/Pipeline.php(144): Illuminate\\Foundation\\Http\\Kernel->{closure:Illuminate\\Foundation\\Http\\Kernel::dispatchToRouter():197}()
#37 /home/wonderparkbd/public_html/vendor/livewire/livewire/src/DisableBrowserCache.php(19): Illuminate\\Pipeline\\Pipeline->{closure:Illuminate\\Pipeline\\Pipeline::prepareDestination():142}()
#38 /home/wonderparkbd/public_html/vendor/laravel/framework/src/Illuminate/Pipeline/Pipeline.php(183): Livewire\\DisableBrowserCache->handle()
#39 /home/wonderparkbd/public_html/vendor/laravel/framework/src/Illuminate/Foundation/Http/Middleware/TransformsRequest.php(21): Illuminate\\Pipeline\\Pipeline->{closure:{closure:Illuminate\\Pipeline\\Pipeline::carry():158}:159}()
#40 /home/wonderparkbd/public_html/vendor/laravel/framework/src/Illuminate/Foundation/Http/Middleware/ConvertEmptyStringsToNull.php(31): Illuminate\\Foundation\\Http\\Middleware\\TransformsRequest->handle()
#41 /home/wonderparkbd/public_html/vendor/laravel/framework/src/Illuminate/Pipeline/Pipeline.php(183): Illuminate\\Foundation\\Http\\Middleware\\ConvertEmptyStringsToNull->handle()
#42 /home/wonderparkbd/public_html/vendor/laravel/framework/src/Illuminate/Foundation/Http/Middleware/TransformsRequest.php(21): Illuminate\\Pipeline\\Pipeline->{closure:{closure:Illuminate\\Pipeline\\Pipeline::carry():158}:159}()
#43 /home/wonderparkbd/public_html/vendor/laravel/framework/src/Illuminate/Foundation/Http/Middleware/TrimStrings.php(40): Illuminate\\Foundation\\Http\\Middleware\\TransformsRequest->handle()
#44 /home/wonderparkbd/public_html/vendor/laravel/framework/src/Illuminate/Pipeline/Pipeline.php(183): Illuminate\\Foundation\\Http\\Middleware\\TrimStrings->handle()
#45 /home/wonderparkbd/public_html/vendor/laravel/framework/src/Illuminate/Foundation/Http/Middleware/ValidatePostSize.php(27): Illuminate\\Pipeline\\Pipeline->{closure:{closure:Illuminate\\Pipeline\\Pipeline::carry():158}:159}()
#46 /home/wonderparkbd/public_html/vendor/laravel/framework/src/Illuminate/Pipeline/Pipeline.php(183): Illuminate\\Foundation\\Http\\Middleware\\ValidatePostSize->handle()
#47 /home/wonderparkbd/public_html/vendor/laravel/framework/src/Illuminate/Foundation/Http/Middleware/PreventRequestsDuringMaintenance.php(99): Illuminate\\Pipeline\\Pipeline->{closure:{closure:Illuminate\\Pipeline\\Pipeline::carry():158}:159}()
#48 /home/wonderparkbd/public_html/vendor/laravel/framework/src/Illuminate/Pipeline/Pipeline.php(183): Illuminate\\Foundation\\Http\\Middleware\\PreventRequestsDuringMaintenance->handle()
#49 /home/wonderparkbd/public_html/vendor/laravel/framework/src/Illuminate/Http/Middleware/HandleCors.php(49): Illuminate\\Pipeline\\Pipeline->{closure:{closure:Illuminate\\Pipeline\\Pipeline::carry():158}:159}()
#50 /home/wonderparkbd/public_html/vendor/laravel/framework/src/Illuminate/Pipeline/Pipeline.php(183): Illuminate\\Http\\Middleware\\HandleCors->handle()
#51 /home/wonderparkbd/public_html/vendor/laravel/framework/src/Illuminate/Http/Middleware/TrustProxies.php(39): Illuminate\\Pipeline\\Pipeline->{closure:{closure:Illuminate\\Pipeline\\Pipeline::carry():158}:159}()
#52 /home/wonderparkbd/public_html/vendor/laravel/framework/src/Illuminate/Pipeline/Pipeline.php(183): Illuminate\\Http\\Middleware\\TrustProxies->handle()
#53 /home/wonderparkbd/public_html/vendor/laravel/framework/src/Illuminate/Pipeline/Pipeline.php(119): Illuminate\\Pipeline\\Pipeline->{closure:{closure:Illuminate\\Pipeline\\Pipeline::carry():158}:159}()
#54 /home/wonderparkbd/public_html/vendor/laravel/framework/src/Illuminate/Foundation/Http/Kernel.php(175): Illuminate\\Pipeline\\Pipeline->then()
#55 /home/wonderparkbd/public_html/vendor/laravel/framework/src/Illuminate/Foundation/Http/Kernel.php(144): Illuminate\\Foundation\\Http\\Kernel->sendRequestThroughRouter()
#56 /home/wonderparkbd/public_html/public/index.php(51): Illuminate\\Foundation\\Http\\Kernel->handle()
#57 {main}

[previous exception] [object] (ErrorException(code: 0): Attempt to read property \"spot_detail\" on null at /home/wonderparkbd/public_html/storage/framework/views/e225f9eb62bb1b9fc0a5c49cfd20de21.php:91)
[stacktrace]
#0 /home/wonderparkbd/public_html/vendor/laravel/framework/src/Illuminate/Foundation/Bootstrap/HandleExceptions.php(255): Illuminate\\Foundation\\Bootstrap\\HandleExceptions->handleError()
#1 /home/wonderparkbd/public_html/storage/framework/views/e225f9eb62bb1b9fc0a5c49cfd20de21.php(91): Illuminate\\Foundation\\Bootstrap\\HandleExceptions->{closure:Illuminate\\Foundation\\Bootstrap\\HandleExceptions::forwardsTo():254}()
#2 /home/wonderparkbd/public_html/vendor/laravel/framework/src/Illuminate/Filesystem/Filesystem.php(123): require('/home/wonderpar...')
#3 /home/wonderparkbd/public_html/vendor/laravel/framework/src/Illuminate/Filesystem/Filesystem.php(124): Illuminate\\Filesystem\\Filesystem::{closure:Illuminate\\Filesystem\\Filesystem::getRequire():120}()
#4 /home/wonderparkbd/public_html/vendor/laravel/framework/src/Illuminate/View/Engines/PhpEngine.php(58): Illuminate\\Filesystem\\Filesystem->getRequire()
#5 /home/wonderparkbd/public_html/vendor/livewire/livewire/src/ComponentConcerns/RendersLivewireComponents.php(69): Illuminate\\View\\Engines\\PhpEngine->evaluatePath()
#6 /home/wonderparkbd/public_html/vendor/laravel/framework/src/Illuminate/View/Engines/CompilerEngine.php(72): Livewire\\LivewireViewCompilerEngine->evaluatePath()
#7 /home/wonderparkbd/public_html/vendor/livewire/livewire/src/ComponentConcerns/RendersLivewireComponents.php(35): Illuminate\\View\\Engines\\CompilerEngine->get()
#8 /home/wonderparkbd/public_html/vendor/laravel/framework/src/Illuminate/View/View.php(207): Livewire\\LivewireViewCompilerEngine->get()
#9 /home/wonderparkbd/public_html/vendor/laravel/framework/src/Illuminate/View/View.php(190): Illuminate\\View\\View->getContents()
#10 /home/wonderparkbd/public_html/vendor/laravel/framework/src/Illuminate/View/View.php(159): Illuminate\\View\\View->renderContents()
#11 /home/wonderparkbd/public_html/vendor/laravel/framework/src/Illuminate/Http/Response.php(69): Illuminate\\View\\View->render()
#12 /home/wonderparkbd/public_html/vendor/laravel/framework/src/Illuminate/Http/Response.php(35): Illuminate\\Http\\Response->setContent()
#13 /home/wonderparkbd/public_html/vendor/laravel/framework/src/Illuminate/Routing/Router.php(918): Illuminate\\Http\\Response->__construct()
#14 /home/wonderparkbd/public_html/vendor/laravel/framework/src/Illuminate/Routing/Router.php(885): Illuminate\\Routing\\Router::toResponse()
#15 /home/wonderparkbd/public_html/vendor/laravel/framework/src/Illuminate/Routing/Router.php(805): Illuminate\\Routing\\Router->prepareResponse()
#16 /home/wonderparkbd/public_html/vendor/laravel/framework/src/Illuminate/Pipeline/Pipeline.php(144): Illuminate\\Routing\\Router->{closure:Illuminate\\Routing\\Router::runRouteWithinStack():805}()
#17 /home/wonderparkbd/public_html/app/Http/Middleware/SetLocale.php(18): Illuminate\\Pipeline\\Pipeline->{closure:Illuminate\\Pipeline\\Pipeline::prepareDestination():142}()
#18 /home/wonderparkbd/public_html/vendor/laravel/framework/src/Illuminate/Pipeline/Pipeline.php(183): App\\Http\\Middleware\\SetLocale->handle()
#19 /home/wonderparkbd/public_html/vendor/laravel/framework/src/Illuminate/Routing/Middleware/SubstituteBindings.php(50): Illuminate\\Pipeline\\Pipeline->{closure:{closure:Illuminate\\Pipeline\\Pipeline::carry():158}:159}()
#20 /home/wonderparkbd/public_html/vendor/laravel/framework/src/Illuminate/Pipeline/Pipeline.php(183): Illuminate\\Routing\\Middleware\\SubstituteBindings->handle()
#21 /home/wonderparkbd/public_html/vendor/laravel/framework/src/Illuminate/Foundation/Http/Middleware/VerifyCsrfToken.php(78): Illuminate\\Pipeline\\Pipeline->{closure:{closure:Illuminate\\Pipeline\\Pipeline::carry():158}:159}()
#22 /home/wonderparkbd/public_html/vendor/laravel/framework/src/Illuminate/Pipeline/Pipeline.php(183): Illuminate\\Foundation\\Http\\Middleware\\VerifyCsrfToken->handle()
#23 /home/wonderparkbd/public_html/vendor/laravel/framework/src/Illuminate/View/Middleware/ShareErrorsFromSession.php(49): Illuminate\\Pipeline\\Pipeline->{closure:{closure:Illuminate\\Pipeline\\Pipeline::carry():158}:159}()
#24 /home/wonderparkbd/public_html/vendor/laravel/framework/src/Illuminate/Pipeline/Pipeline.php(183): Illuminate\\View\\Middleware\\ShareErrorsFromSession->handle()
#25 /home/wonderparkbd/public_html/vendor/laravel/framework/src/Illuminate/Session/Middleware/StartSession.php(121): Illuminate\\Pipeline\\Pipeline->{closure:{closure:Illuminate\\Pipeline\\Pipeline::carry():158}:159}()
#26 /home/wonderparkbd/public_html/vendor/laravel/framework/src/Illuminate/Session/Middleware/StartSession.php(64): Illuminate\\Session\\Middleware\\StartSession->handleStatefulRequest()
#27 /home/wonderparkbd/public_html/vendor/laravel/framework/src/Illuminate/Pipeline/Pipeline.php(183): Illuminate\\Session\\Middleware\\StartSession->handle()
#28 /home/wonderparkbd/public_html/vendor/laravel/framework/src/Illuminate/Cookie/Middleware/AddQueuedCookiesToResponse.php(37): Illuminate\\Pipeline\\Pipeline->{closure:{closure:Illuminate\\Pipeline\\Pipeline::carry():158}:159}()
#29 /home/wonderparkbd/public_html/vendor/laravel/framework/src/Illuminate/Pipeline/Pipeline.php(183): Illuminate\\Cookie\\Middleware\\AddQueuedCookiesToResponse->handle()
#30 /home/wonderparkbd/public_html/vendor/laravel/framework/src/Illuminate/Cookie/Middleware/EncryptCookies.php(67): Illuminate\\Pipeline\\Pipeline->{closure:{closure:Illuminate\\Pipeline\\Pipeline::carry():158}:159}()
#31 /home/wonderparkbd/public_html/vendor/laravel/framework/src/Illuminate/Pipeline/Pipeline.php(183): Illuminate\\Cookie\\Middleware\\EncryptCookies->handle()
#32 /home/wonderparkbd/public_html/vendor/laravel/framework/src/Illuminate/Pipeline/Pipeline.php(119): Illuminate\\Pipeline\\Pipeline->{closure:{closure:Illuminate\\Pipeline\\Pipeline::carry():158}:159}()
#33 /home/wonderparkbd/public_html/vendor/laravel/framework/src/Illuminate/Routing/Router.php(805): Illuminate\\Pipeline\\Pipeline->then()
#34 /home/wonderparkbd/public_html/vendor/laravel/framework/src/Illuminate/Routing/Router.php(784): Illuminate\\Routing\\Router->runRouteWithinStack()
#35 /home/wonderparkbd/public_html/vendor/laravel/framework/src/Illuminate/Routing/Router.php(748): Illuminate\\Routing\\Router->runRoute()
#36 /home/wonderparkbd/public_html/vendor/laravel/framework/src/Illuminate/Routing/Router.php(737): Illuminate\\Routing\\Router->dispatchToRoute()
#37 /home/wonderparkbd/public_html/vendor/laravel/framework/src/Illuminate/Foundation/Http/Kernel.php(200): Illuminate\\Routing\\Router->dispatch()
#38 /home/wonderparkbd/public_html/vendor/laravel/framework/src/Illuminate/Pipeline/Pipeline.php(144): Illuminate\\Foundation\\Http\\Kernel->{closure:Illuminate\\Foundation\\Http\\Kernel::dispatchToRouter():197}()
#39 /home/wonderparkbd/public_html/vendor/livewire/livewire/src/DisableBrowserCache.php(19): Illuminate\\Pipeline\\Pipeline->{closure:Illuminate\\Pipeline\\Pipeline::prepareDestination():142}()
#40 /home/wonderparkbd/public_html/vendor/laravel/framework/src/Illuminate/Pipeline/Pipeline.php(183): Livewire\\DisableBrowserCache->handle()
#41 /home/wonderparkbd/public_html/vendor/laravel/framework/src/Illuminate/Foundation/Http/Middleware/TransformsRequest.php(21): Illuminate\\Pipeline\\Pipeline->{closure:{closure:Illuminate\\Pipeline\\Pipeline::carry():158}:159}()
#42 /home/wonderparkbd/public_html/vendor/laravel/framework/src/Illuminate/Foundation/Http/Middleware/ConvertEmptyStringsToNull.php(31): Illuminate\\Foundation\\Http\\Middleware\\TransformsRequest->handle()
#43 /home/wonderparkbd/public_html/vendor/laravel/framework/src/Illuminate/Pipeline/Pipeline.php(183): Illuminate\\Foundation\\Http\\Middleware\\ConvertEmptyStringsToNull->handle()
#44 /home/wonderparkbd/public_html/vendor/laravel/framework/src/Illuminate/Foundation/Http/Middleware/TransformsRequest.php(21): Illuminate\\Pipeline\\Pipeline->{closure:{closure:Illuminate\\Pipeline\\Pipeline::carry():158}:159}()
#45 /home/wonderparkbd/public_html/vendor/laravel/framework/src/Illuminate/Foundation/Http/Middleware/TrimStrings.php(40): Illuminate\\Foundation\\Http\\Middleware\\TransformsRequest->handle()
#46 /home/wonderparkbd/public_html/vendor/laravel/framework/src/Illuminate/Pipeline/Pipeline.php(183): Illuminate\\Foundation\\Http\\Middleware\\TrimStrings->handle()
#47 /home/wonderparkbd/public_html/vendor/laravel/framework/src/Illuminate/Foundation/Http/Middleware/ValidatePostSize.php(27): Illuminate\\Pipeline\\Pipeline->{closure:{closure:Illuminate\\Pipeline\\Pipeline::carry():158}:159}()
#48 /home/wonderparkbd/public_html/vendor/laravel/framework/src/Illuminate/Pipeline/Pipeline.php(183): Illuminate\\Foundation\\Http\\Middleware\\ValidatePostSize->handle()
#49 /home/wonderparkbd/public_html/vendor/laravel/framework/src/Illuminate/Foundation/Http/Middleware/PreventRequestsDuringMaintenance.php(99): Illuminate\\Pipeline\\Pipeline->{closure:{closure:Illuminate\\Pipeline\\Pipeline::carry():158}:159}()
#50 /home/wonderparkbd/public_html/vendor/laravel/framework/src/Illuminate/Pipeline/Pipeline.php(183): Illuminate\\Foundation\\Http\\Middleware\\PreventRequestsDuringMaintenance->handle()
#51 /home/wonderparkbd/public_html/vendor/laravel/framework/src/Illuminate/Http/Middleware/HandleCors.php(49): Illuminate\\Pipeline\\Pipeline->{closure:{closure:Illuminate\\Pipeline\\Pipeline::carry():158}:159}()
#52 /home/wonderparkbd/public_html/vendor/laravel/framework/src/Illuminate/Pipeline/Pipeline.php(183): Illuminate\\Http\\Middleware\\HandleCors->handle()
#53 /home/wonderparkbd/public_html/vendor/laravel/framework/src/Illuminate/Http/Middleware/TrustProxies.php(39): Illuminate\\Pipeline\\Pipeline->{closure:{closure:Illuminate\\Pipeline\\Pipeline::carry():158}:159}()
#54 /home/wonderparkbd/public_html/vendor/laravel/framework/src/Illuminate/Pipeline/Pipeline.php(183): Illuminate\\Http\\Middleware\\TrustProxies->handle()
#55 /home/wonderparkbd/public_html/vendor/laravel/framework/src/Illuminate/Pipeline/Pipeline.php(119): Illuminate\\Pipeline\\Pipeline->{closure:{closure:Illuminate\\Pipeline\\Pipeline::carry():158}:159}()
#56 /home/wonderparkbd/public_html/vendor/laravel/framework/src/Illuminate/Foundation/Http/Kernel.php(175): Illuminate\\Pipeline\\Pipeline->then()
#57 /home/wonderparkbd/public_html/vendor/laravel/framework/src/Illuminate/Foundation/Http/Kernel.php(144): Illuminate\\Foundation\\Http\\Kernel->sendRequestThroughRouter()
#58 /home/wonderparkbd/public_html/public/index.php(51): Illuminate\\Foundation\\Http\\Kernel->handle()
#59 {main}
"} 
[2026-07-18 08:30:51] production.ERROR: Attempt to read property "spot_detail" on null {"view":{"view":"/home/wonderparkbd/public_html/resources/views/pages/frontend/spot_details.blade.php","data":[]},"exception":"[object] (Spatie\\LaravelIgnition\\Exceptions\\ViewException(code: 0): Attempt to read property \"spot_detail\" on null at /home/wonderparkbd/public_html/resources/views/pages/frontend/spot_details.blade.php:91)
[stacktrace]
#0 /home/wonderparkbd/public_html/vendor/laravel/framework/src/Illuminate/Filesystem/Filesystem.php(123): require('/home/wonderpar...')
#1 /home/wonderparkbd/public_html/vendor/laravel/framework/src/Illuminate/Filesystem/Filesystem.php(124): Illuminate\\Filesystem\\Filesystem::{closure:Illuminate\\Filesystem\\Filesystem::getRequire():120}()
#2 /home/wonderparkbd/public_html/vendor/laravel/framework/src/Illuminate/View/Engines/PhpEngine.php(58): Illuminate\\Filesystem\\Filesystem->getRequire()
#3 /home/wonderparkbd/public_html/vendor/livewire/livewire/src/ComponentConcerns/RendersLivewireComponents.php(69): Illuminate\\View\\Engines\\PhpEngine->evaluatePath()
#4 /home/wonderparkbd/public_html/vendor/laravel/framework/src/Illuminate/View/Engines/CompilerEngine.php(72): Livewire\\LivewireViewCompilerEngine->evaluatePath()
#5 /home/wonderparkbd/public_html/vendor/livewire/livewire/src/ComponentConcerns/RendersLivewireComponents.php(35): Illuminate\\View\\Engines\\CompilerEngine->get()
#6 /home/wonderparkbd/public_html/vendor/laravel/framework/src/Illuminate/View/View.php(207): Livewire\\LivewireViewCompilerEngine->get()
#7 /home/wonderparkbd/public_html/vendor/laravel/framework/src/Illuminate/View/View.php(190): Illuminate\\View\\View->getContents()
#8 /home/wonderparkbd/public_html/vendor/laravel/framework/src/Illuminate/View/View.php(159): Illuminate\\View\\View->renderContents()
#9 /home/wonderparkbd/public_html/vendor/laravel/framework/src/Illuminate/Http/Response.php(69): Illuminate\\View\\View->render()
#10 /home/wonderparkbd/public_html/vendor/laravel/framework/src/Illuminate/Http/Response.php(35): Illuminate\\Http\\Response->setContent()
#11 /home/wonderparkbd/public_html/vendor/laravel/framework/src/Illuminate/Routing/Router.php(918): Illuminate\\Http\\Response->__construct()
#12 /home/wonderparkbd/public_html/vendor/laravel/framework/src/Illuminate/Routing/Router.php(885): Illuminate\\Routing\\Router::toResponse()
#13 /home/wonderparkbd/public_html/vendor/laravel/framework/src/Illuminate/Routing/Router.php(805): Illuminate\\Routing\\Router->prepareResponse()
#14 /home/wonderparkbd/public_html/vendor/laravel/framework/src/Illuminate/Pipeline/Pipeline.php(144): Illuminate\\Routing\\Router->{closure:Illuminate\\Routing\\Router::runRouteWithinStack():805}()
#15 /home/wonderparkbd/public_html/app/Http/Middleware/SetLocale.php(18): Illuminate\\Pipeline\\Pipeline->{closure:Illuminate\\Pipeline\\Pipeline::prepareDestination():142}()
#16 /home/wonderparkbd/public_html/vendor/laravel/framework/src/Illuminate/Pipeline/Pipeline.php(183): App\\Http\\Middleware\\SetLocale->handle()
#17 /home/wonderparkbd/public_html/vendor/laravel/framework/src/Illuminate/Routing/Middleware/SubstituteBindings.php(50): Illuminate\\Pipeline\\Pipeline->{closure:{closure:Illuminate\\Pipeline\\Pipeline::carry():158}:159}()
#18 /home/wonderparkbd/public_html/vendor/laravel/framework/src/Illuminate/Pipeline/Pipeline.php(183): Illuminate\\Routing\\Middleware\\SubstituteBindings->handle()
#19 /home/wonderparkbd/public_html/vendor/laravel/framework/src/Illuminate/Foundation/Http/Middleware/VerifyCsrfToken.php(78): Illuminate\\Pipeline\\Pipeline->{closure:{closure:Illuminate\\Pipeline\\Pipeline::carry():158}:159}()
#20 /home/wonderparkbd/public_html/vendor/laravel/framework/src/Illuminate/Pipeline/Pipeline.php(183): Illuminate\\Foundation\\Http\\Middleware\\VerifyCsrfToken->handle()
#21 /home/wonderparkbd/public_html/vendor/laravel/framework/src/Illuminate/View/Middleware/ShareErrorsFromSession.php(49): Illuminate\\Pipeline\\Pipeline->{closure:{closure:Illuminate\\Pipeline\\Pipeline::carry():158}:159}()
#22 /home/wonderparkbd/public_html/vendor/laravel/framework/src/Illuminate/Pipeline/Pipeline.php(183): Illuminate\\View\\Middleware\\ShareErrorsFromSession->handle()
#23 /home/wonderparkbd/public_html/vendor/laravel/framework/src/Illuminate/Session/Middleware/StartSession.php(121): Illuminate\\Pipeline\\Pipeline->{closure:{closure:Illuminate\\Pipeline\\Pipeline::carry():158}:159}()
#24 /home/wonderparkbd/public_html/vendor/laravel/framework/src/Illuminate/Session/Middleware/StartSession.php(64): Illuminate\\Session\\Middleware\\StartSession->handleStatefulRequest()
#25 /home/wonderparkbd/public_html/vendor/laravel/framework/src/Illuminate/Pipeline/Pipeline.php(183): Illuminate\\Session\\Middleware\\StartSession->handle()
#26 /home/wonderparkbd/public_html/vendor/laravel/framework/src/Illuminate/Cookie/Middleware/AddQueuedCookiesToResponse.php(37): Illuminate\\Pipeline\\Pipeline->{closure:{closure:Illuminate\\Pipeline\\Pipeline::carry():158}:159}()
#27 /home/wonderparkbd/public_html/vendor/laravel/framework/src/Illuminate/Pipeline/Pipeline.php(183): Illuminate\\Cookie\\Middleware\\AddQueuedCookiesToResponse->handle()
#28 /home/wonderparkbd/public_html/vendor/laravel/framework/src/Illuminate/Cookie/Middleware/EncryptCookies.php(67): Illuminate\\Pipeline\\Pipeline->{closure:{closure:Illuminate\\Pipeline\\Pipeline::carry():158}:159}()
#29 /home/wonderparkbd/public_html/vendor/laravel/framework/src/Illuminate/Pipeline/Pipeline.php(183): Illuminate\\Cookie\\Middleware\\EncryptCookies->handle()
#30 /home/wonderparkbd/public_html/vendor/laravel/framework/src/Illuminate/Pipeline/Pipeline.php(119): Illuminate\\Pipeline\\Pipeline->{closure:{closure:Illuminate\\Pipeline\\Pipeline::carry():158}:159}()
#31 /home/wonderparkbd/public_html/vendor/laravel/framework/src/Illuminate/Routing/Router.php(805): Illuminate\\Pipeline\\Pipeline->then()
#32 /home/wonderparkbd/public_html/vendor/laravel/framework/src/Illuminate/Routing/Router.php(784): Illuminate\\Routing\\Router->runRouteWithinStack()
#33 /home/wonderparkbd/public_html/vendor/laravel/framework/src/Illuminate/Routing/Router.php(748): Illuminate\\Routing\\Router->runRoute()
#34 /home/wonderparkbd/public_html/vendor/laravel/framework/src/Illuminate/Routing/Router.php(737): Illuminate\\Routing\\Router->dispatchToRoute()
#35 /home/wonderparkbd/public_html/vendor/laravel/framework/src/Illuminate/Foundation/Http/Kernel.php(200): Illuminate\\Routing\\Router->dispatch()
#36 /home/wonderparkbd/public_html/vendor/laravel/framework/src/Illuminate/Pipeline/Pipeline.php(144): Illuminate\\Foundation\\Http\\Kernel->{closure:Illuminate\\Foundation\\Http\\Kernel::dispatchToRouter():197}()
#37 /home/wonderparkbd/public_html/vendor/livewire/livewire/src/DisableBrowserCache.php(19): Illuminate\\Pipeline\\Pipeline->{closure:Illuminate\\Pipeline\\Pipeline::prepareDestination():142}()
#38 /home/wonderparkbd/public_html/vendor/laravel/framework/src/Illuminate/Pipeline/Pipeline.php(183): Livewire\\DisableBrowserCache->handle()
#39 /home/wonderparkbd/public_html/vendor/laravel/framework/src/Illuminate/Foundation/Http/Middleware/TransformsRequest.php(21): Illuminate\\Pipeline\\Pipeline->{closure:{closure:Illuminate\\Pipeline\\Pipeline::carry():158}:159}()
#40 /home/wonderparkbd/public_html/vendor/laravel/framework/src/Illuminate/Foundation/Http/Middleware/ConvertEmptyStringsToNull.php(31): Illuminate\\Foundation\\Http\\Middleware\\TransformsRequest->handle()
#41 /home/wonderparkbd/public_html/vendor/laravel/framework/src/Illuminate/Pipeline/Pipeline.php(183): Illuminate\\Foundation\\Http\\Middleware\\ConvertEmptyStringsToNull->handle()
#42 /home/wonderparkbd/public_html/vendor/laravel/framework/src/Illuminate/Foundation/Http/Middleware/TransformsRequest.php(21): Illuminate\\Pipeline\\Pipeline->{closure:{closure:Illuminate\\Pipeline\\Pipeline::carry():158}:159}()
#43 /home/wonderparkbd/public_html/vendor/laravel/framework/src/Illuminate/Foundation/Http/Middleware/TrimStrings.php(40): Illuminate\\Foundation\\Http\\Middleware\\TransformsRequest->handle()
#44 /home/wonderparkbd/public_html/vendor/laravel/framework/src/Illuminate/Pipeline/Pipeline.php(183): Illuminate\\Foundation\\Http\\Middleware\\TrimStrings->handle()
#45 /home/wonderparkbd/public_html/vendor/laravel/framework/src/Illuminate/Foundation/Http/Middleware/ValidatePostSize.php(27): Illuminate\\Pipeline\\Pipeline->{closure:{closure:Illuminate\\Pipeline\\Pipeline::carry():158}:159}()
#46 /home/wonderparkbd/public_html/vendor/laravel/framework/src/Illuminate/Pipeline/Pipeline.php(183): Illuminate\\Foundation\\Http\\Middleware\\ValidatePostSize->handle()
#47 /home/wonderparkbd/public_html/vendor/laravel/framework/src/Illuminate/Foundation/Http/Middleware/PreventRequestsDuringMaintenance.php(99): Illuminate\\Pipeline\\Pipeline->{closure:{closure:Illuminate\\Pipeline\\Pipeline::carry():158}:159}()
#48 /home/wonderparkbd/public_html/vendor/laravel/framework/src/Illuminate/Pipeline/Pipeline.php(183): Illuminate\\Foundation\\Http\\Middleware\\PreventRequestsDuringMaintenance->handle()
#49 /home/wonderparkbd/public_html/vendor/laravel/framework/src/Illuminate/Http/Middleware/HandleCors.php(49): Illuminate\\Pipeline\\Pipeline->{closure:{closure:Illuminate\\Pipeline\\Pipeline::carry():158}:159}()
#50 /home/wonderparkbd/public_html/vendor/laravel/framework/src/Illuminate/Pipeline/Pipeline.php(183): Illuminate\\Http\\Middleware\\HandleCors->handle()
#51 /home/wonderparkbd/public_html/vendor/laravel/framework/src/Illuminate/Http/Middleware/TrustProxies.php(39): Illuminate\\Pipeline\\Pipeline->{closure:{closure:Illuminate\\Pipeline\\Pipeline::carry():158}:159}()
#52 /home/wonderparkbd/public_html/vendor/laravel/framework/src/Illuminate/Pipeline/Pipeline.php(183): Illuminate\\Http\\Middleware\\TrustProxies->handle()
#53 /home/wonderparkbd/public_html/vendor/laravel/framework/src/Illuminate/Pipeline/Pipeline.php(119): Illuminate\\Pipeline\\Pipeline->{closure:{closure:Illuminate\\Pipeline\\Pipeline::carry():158}:159}()
#54 /home/wonderparkbd/public_html/vendor/laravel/framework/src/Illuminate/Foundation/Http/Kernel.php(175): Illuminate\\Pipeline\\Pipeline->then()
#55 /home/wonderparkbd/public_html/vendor/laravel/framework/src/Illuminate/Foundation/Http/Kernel.php(144): Illuminate\\Foundation\\Http\\Kernel->sendRequestThroughRouter()
#56 /home/wonderparkbd/public_html/public/index.php(51): Illuminate\\Foundation\\Http\\Kernel->handle()
#57 {main}

[previous exception] [object] (ErrorException(code: 0): Attempt to read property \"spot_detail\" on null at /home/wonderparkbd/public_html/storage/framework/views/e225f9eb62bb1b9fc0a5c49cfd20de21.php:91)
[stacktrace]
#0 /home/wonderparkbd/public_html/vendor/laravel/framework/src/Illuminate/Foundation/Bootstrap/HandleExceptions.php(255): Illuminate\\Foundation\\Bootstrap\\HandleExceptions->handleError()
#1 /home/wonderparkbd/public_html/storage/framework/views/e225f9eb62bb1b9fc0a5c49cfd20de21.php(91): Illuminate\\Foundation\\Bootstrap\\HandleExceptions->{closure:Illuminate\\Foundation\\Bootstrap\\HandleExceptions::forwardsTo():254}()
#2 /home/wonderparkbd/public_html/vendor/laravel/framework/src/Illuminate/Filesystem/Filesystem.php(123): require('/home/wonderpar...')
#3 /home/wonderparkbd/public_html/vendor/laravel/framework/src/Illuminate/Filesystem/Filesystem.php(124): Illuminate\\Filesystem\\Filesystem::{closure:Illuminate\\Filesystem\\Filesystem::getRequire():120}()
#4 /home/wonderparkbd/public_html/vendor/laravel/framework/src/Illuminate/View/Engines/PhpEngine.php(58): Illuminate\\Filesystem\\Filesystem->getRequire()
#5 /home/wonderparkbd/public_html/vendor/livewire/livewire/src/ComponentConcerns/RendersLivewireComponents.php(69): Illuminate\\View\\Engines\\PhpEngine->evaluatePath()
#6 /home/wonderparkbd/public_html/vendor/laravel/framework/src/Illuminate/View/Engines/CompilerEngine.php(72): Livewire\\LivewireViewCompilerEngine->evaluatePath()
#7 /home/wonderparkbd/public_html/vendor/livewire/livewire/src/ComponentConcerns/RendersLivewireComponents.php(35): Illuminate\\View\\Engines\\CompilerEngine->get()
#8 /home/wonderparkbd/public_html/vendor/laravel/framework/src/Illuminate/View/View.php(207): Livewire\\LivewireViewCompilerEngine->get()
#9 /home/wonderparkbd/public_html/vendor/laravel/framework/src/Illuminate/View/View.php(190): Illuminate\\View\\View->getContents()
#10 /home/wonderparkbd/public_html/vendor/laravel/framework/src/Illuminate/View/View.php(159): Illuminate\\View\\View->renderContents()
#11 /home/wonderparkbd/public_html/vendor/laravel/framework/src/Illuminate/Http/Response.php(69): Illuminate\\View\\View->render()
#12 /home/wonderparkbd/public_html/vendor/laravel/framework/src/Illuminate/Http/Response.php(35): Illuminate\\Http\\Response->setContent()
#13 /home/wonderparkbd/public_html/vendor/laravel/framework/src/Illuminate/Routing/Router.php(918): Illuminate\\Http\\Response->__construct()
#14 /home/wonderparkbd/public_html/vendor/laravel/framework/src/Illuminate/Routing/Router.php(885): Illuminate\\Routing\\Router::toResponse()
#15 /home/wonderparkbd/public_html/vendor/laravel/framework/src/Illuminate/Routing/Router.php(805): Illuminate\\Routing\\Router->prepareResponse()
#16 /home/wonderparkbd/public_html/vendor/laravel/framework/src/Illuminate/Pipeline/Pipeline.php(144): Illuminate\\Routing\\Router->{closure:Illuminate\\Routing\\Router::runRouteWithinStack():805}()
#17 /home/wonderparkbd/public_html/app/Http/Middleware/SetLocale.php(18): Illuminate\\Pipeline\\Pipeline->{closure:Illuminate\\Pipeline\\Pipeline::prepareDestination():142}()
#18 /home/wonderparkbd/public_html/vendor/laravel/framework/src/Illuminate/Pipeline/Pipeline.php(183): App\\Http\\Middleware\\SetLocale->handle()
#19 /home/wonderparkbd/public_html/vendor/laravel/framework/src/Illuminate/Routing/Middleware/SubstituteBindings.php(50): Illuminate\\Pipeline\\Pipeline->{closure:{closure:Illuminate\\Pipeline\\Pipeline::carry():158}:159}()
#20 /home/wonderparkbd/public_html/vendor/laravel/framework/src/Illuminate/Pipeline/Pipeline.php(183): Illuminate\\Routing\\Middleware\\SubstituteBindings->handle()
#21 /home/wonderparkbd/public_html/vendor/laravel/framework/src/Illuminate/Foundation/Http/Middleware/VerifyCsrfToken.php(78): Illuminate\\Pipeline\\Pipeline->{closure:{closure:Illuminate\\Pipeline\\Pipeline::carry():158}:159}()
#22 /home/wonderparkbd/public_html/vendor/laravel/framework/src/Illuminate/Pipeline/Pipeline.php(183): Illuminate\\Foundation\\Http\\Middleware\\VerifyCsrfToken->handle()
#23 /home/wonderparkbd/public_html/vendor/laravel/framework/src/Illuminate/View/Middleware/ShareErrorsFromSession.php(49): Illuminate\\Pipeline\\Pipeline->{closure:{closure:Illuminate\\Pipeline\\Pipeline::carry():158}:159}()
#24 /home/wonderparkbd/public_html/vendor/laravel/framework/src/Illuminate/Pipeline/Pipeline.php(183): Illuminate\\View\\Middleware\\ShareErrorsFromSession->handle()
#25 /home/wonderparkbd/public_html/vendor/laravel/framework/src/Illuminate/Session/Middleware/StartSession.php(121): Illuminate\\Pipeline\\Pipeline->{closure:{closure:Illuminate\\Pipeline\\Pipeline::carry():158}:159}()
#26 /home/wonderparkbd/public_html/vendor/laravel/framework/src/Illuminate/Session/Middleware/StartSession.php(64): Illuminate\\Session\\Middleware\\StartSession->handleStatefulRequest()
#27 /home/wonderparkbd/public_html/vendor/laravel/framework/src/Illuminate/Pipeline/Pipeline.php(183): Illuminate\\Session\\Middleware\\StartSession->handle()
#28 /home/wonderparkbd/public_html/vendor/laravel/framework/src/Illuminate/Cookie/Middleware/AddQueuedCookiesToResponse.php(37): Illuminate\\Pipeline\\Pipeline->{closure:{closure:Illuminate\\Pipeline\\Pipeline::carry():158}:159}()
#29 /home/wonderparkbd/public_html/vendor/laravel/framework/src/Illuminate/Pipeline/Pipeline.php(183): Illuminate\\Cookie\\Middleware\\AddQueuedCookiesToResponse->handle()
#30 /home/wonderparkbd/public_html/vendor/laravel/framework/src/Illuminate/Cookie/Middleware/EncryptCookies.php(67): Illuminate\\Pipeline\\Pipeline->{closure:{closure:Illuminate\\Pipeline\\Pipeline::carry():158}:159}()
#31 /home/wonderparkbd/public_html/vendor/laravel/framework/src/Illuminate/Pipeline/Pipeline.php(183): Illuminate\\Cookie\\Middleware\\EncryptCookies->handle()
#32 /home/wonderparkbd/public_html/vendor/laravel/framework/src/Illuminate/Pipeline/Pipeline.php(119): Illuminate\\Pipeline\\Pipeline->{closure:{closure:Illuminate\\Pipeline\\Pipeline::carry():158}:159}()
#33 /home/wonderparkbd/public_html/vendor/laravel/framework/src/Illuminate/Routing/Router.php(805): Illuminate\\Pipeline\\Pipeline->then()
#34 /home/wonderparkbd/public_html/vendor/laravel/framework/src/Illuminate/Routing/Router.php(784): Illuminate\\Routing\\Router->runRouteWithinStack()
#35 /home/wonderparkbd/public_html/vendor/laravel/framework/src/Illuminate/Routing/Router.php(748): Illuminate\\Routing\\Router->runRoute()
#36 /home/wonderparkbd/public_html/vendor/laravel/framework/src/Illuminate/Routing/Router.php(737): Illuminate\\Routing\\Router->dispatchToRoute()
#37 /home/wonderparkbd/public_html/vendor/laravel/framework/src/Illuminate/Foundation/Http/Kernel.php(200): Illuminate\\Routing\\Router->dispatch()
#38 /home/wonderparkbd/public_html/vendor/laravel/framework/src/Illuminate/Pipeline/Pipeline.php(144): Illuminate\\Foundation\\Http\\Kernel->{closure:Illuminate\\Foundation\\Http\\Kernel::dispatchToRouter():197}()
#39 /home/wonderparkbd/public_html/vendor/livewire/livewire/src/DisableBrowserCache.php(19): Illuminate\\Pipeline\\Pipeline->{closure:Illuminate\\Pipeline\\Pipeline::prepareDestination():142}()
#40 /home/wonderparkbd/public_html/vendor/laravel/framework/src/Illuminate/Pipeline/Pipeline.php(183): Livewire\\DisableBrowserCache->handle()
#41 /home/wonderparkbd/public_html/vendor/laravel/framework/src/Illuminate/Foundation/Http/Middleware/TransformsRequest.php(21): Illuminate\\Pipeline\\Pipeline->{closure:{closure:Illuminate\\Pipeline\\Pipeline::carry():158}:159}()
#42 /home/wonderparkbd/public_html/vendor/laravel/framework/src/Illuminate/Foundation/Http/Middleware/ConvertEmptyStringsToNull.php(31): Illuminate\\Foundation\\Http\\Middleware\\TransformsRequest->handle()
#43 /home/wonderparkbd/public_html/vendor/laravel/framework/src/Illuminate/Pipeline/Pipeline.php(183): Illuminate\\Foundation\\Http\\Middleware\\ConvertEmptyStringsToNull->handle()
#44 /home/wonderparkbd/public_html/vendor/laravel/framework/src/Illuminate/Foundation/Http/Middleware/TransformsRequest.php(21): Illuminate\\Pipeline\\Pipeline->{closure:{closure:Illuminate\\Pipeline\\Pipeline::carry():158}:159}()
#45 /home/wonderparkbd/public_html/vendor/laravel/framework/src/Illuminate/Foundation/Http/Middleware/TrimStrings.php(40): Illuminate\\Foundation\\Http\\Middleware\\TransformsRequest->handle()
#46 /home/wonderparkbd/public_html/vendor/laravel/framework/src/Illuminate/Pipeline/Pipeline.php(183): Illuminate\\Foundation\\Http\\Middleware\\TrimStrings->handle()
#47 /home/wonderparkbd/public_html/vendor/laravel/framework/src/Illuminate/Foundation/Http/Middleware/ValidatePostSize.php(27): Illuminate\\Pipeline\\Pipeline->{closure:{closure:Illuminate\\Pipeline\\Pipeline::carry():158}:159}()
#48 /home/wonderparkbd/public_html/vendor/laravel/framework/src/Illuminate/Pipeline/Pipeline.php(183): Illuminate\\Foundation\\Http\\Middleware\\ValidatePostSize->handle()
#49 /home/wonderparkbd/public_html/vendor/laravel/framework/src/Illuminate/Foundation/Http/Middleware/PreventRequestsDuringMaintenance.php(99): Illuminate\\Pipeline\\Pipeline->{closure:{closure:Illuminate\\Pipeline\\Pipeline::carry():158}:159}()
#50 /home/wonderparkbd/public_html/vendor/laravel/framework/src/Illuminate/Pipeline/Pipeline.php(183): Illuminate\\Foundation\\Http\\Middleware\\PreventRequestsDuringMaintenance->handle()
#51 /home/wonderparkbd/public_html/vendor/laravel/framework/src/Illuminate/Http/Middleware/HandleCors.php(49): Illuminate\\Pipeline\\Pipeline->{closure:{closure:Illuminate\\Pipeline\\Pipeline::carry():158}:159}()
#52 /home/wonderparkbd/public_html/vendor/laravel/framework/src/Illuminate/Pipeline/Pipeline.php(183): Illuminate\\Http\\Middleware\\HandleCors->handle()
#53 /home/wonderparkbd/public_html/vendor/laravel/framework/src/Illuminate/Http/Middleware/TrustProxies.php(39): Illuminate\\Pipeline\\Pipeline->{closure:{closure:Illuminate\\Pipeline\\Pipeline::carry():158}:159}()
#54 /home/wonderparkbd/public_html/vendor/laravel/framework/src/Illuminate/Pipeline/Pipeline.php(183): Illuminate\\Http\\Middleware\\TrustProxies->handle()
#55 /home/wonderparkbd/public_html/vendor/laravel/framework/src/Illuminate/Pipeline/Pipeline.php(119): Illuminate\\Pipeline\\Pipeline->{closure:{closure:Illuminate\\Pipeline\\Pipeline::carry():158}:159}()
#56 /home/wonderparkbd/public_html/vendor/laravel/framework/src/Illuminate/Foundation/Http/Kernel.php(175): Illuminate\\Pipeline\\Pipeline->then()
#57 /home/wonderparkbd/public_html/vendor/laravel/framework/src/Illuminate/Foundation/Http/Kernel.php(144): Illuminate\\Foundation\\Http\\Kernel->sendRequestThroughRouter()
#58 /home/wonderparkbd/public_html/public/index.php(51): Illuminate\\Foundation\\Http\\Kernel->handle()
#59 {main}
"} 
[2026-07-18 10:25:25] production.ERROR: Attempt to read property "spot_detail" on null {"view":{"view":"/home/wonderparkbd/public_html/resources/views/pages/frontend/spot_details.blade.php","data":[]},"exception":"[object] (Spatie\\LaravelIgnition\\Exceptions\\ViewException(code: 0): Attempt to read property \"spot_detail\" on null at /home/wonderparkbd/public_html/resources/views/pages/frontend/spot_details.blade.php:91)
[stacktrace]
#0 /home/wonderparkbd/public_html/vendor/laravel/framework/src/Illuminate/Filesystem/Filesystem.php(123): require('/home/wonderpar...')
#1 /home/wonderparkbd/public_html/vendor/laravel/framework/src/Illuminate/Filesystem/Filesystem.php(124): Illuminate\\Filesystem\\Filesystem::{closure:Illuminate\\Filesystem\\Filesystem::getRequire():120}()
#2 /home/wonderparkbd/public_html/vendor/laravel/framework/src/Illuminate/View/Engines/PhpEngine.php(58): Illuminate\\Filesystem\\Filesystem->getRequire()
#3 /home/wonderparkbd/public_html/vendor/livewire/livewire/src/ComponentConcerns/RendersLivewireComponents.php(69): Illuminate\\View\\Engines\\PhpEngine->evaluatePath()
#4 /home/wonderparkbd/public_html/vendor/laravel/framework/src/Illuminate/View/Engines/CompilerEngine.php(72): Livewire\\LivewireViewCompilerEngine->evaluatePath()
#5 /home/wonderparkbd/public_html/vendor/livewire/livewire/src/ComponentConcerns/RendersLivewireComponents.php(35): Illuminate\\View\\Engines\\CompilerEngine->get()
#6 /home/wonderparkbd/public_html/vendor/laravel/framework/src/Illuminate/View/View.php(207): Livewire\\LivewireViewCompilerEngine->get()
#7 /home/wonderparkbd/public_html/vendor/laravel/framework/src/Illuminate/View/View.php(190): Illuminate\\View\\View->getContents()
#8 /home/wonderparkbd/public_html/vendor/laravel/framework/src/Illuminate/View/View.php(159): Illuminate\\View\\View->renderContents()
#9 /home/wonderparkbd/public_html/vendor/laravel/framework/src/Illuminate/Http/Response.php(69): Illuminate\\View\\View->render()
#10 /home/wonderparkbd/public_html/vendor/laravel/framework/src/Illuminate/Http/Response.php(35): Illuminate\\Http\\Response->setContent()
#11 /home/wonderparkbd/public_html/vendor/laravel/framework/src/Illuminate/Routing/Router.php(918): Illuminate\\Http\\Response->__construct()
#12 /home/wonderparkbd/public_html/vendor/laravel/framework/src/Illuminate/Routing/Router.php(885): Illuminate\\Routing\\Router::toResponse()
#13 /home/wonderparkbd/public_html/vendor/laravel/framework/src/Illuminate/Routing/Router.php(805): Illuminate\\Routing\\Router->prepareResponse()
#14 /home/wonderparkbd/public_html/vendor/laravel/framework/src/Illuminate/Pipeline/Pipeline.php(144): Illuminate\\Routing\\Router->{closure:Illuminate\\Routing\\Router::runRouteWithinStack():805}()
#15 /home/wonderparkbd/public_html/app/Http/Middleware/SetLocale.php(18): Illuminate\\Pipeline\\Pipeline->{closure:Illuminate\\Pipeline\\Pipeline::prepareDestination():142}()
#16 /home/wonderparkbd/public_html/vendor/laravel/framework/src/Illuminate/Pipeline/Pipeline.php(183): App\\Http\\Middleware\\SetLocale->handle()
#17 /home/wonderparkbd/public_html/vendor/laravel/framework/src/Illuminate/Routing/Middleware/SubstituteBindings.php(50): Illuminate\\Pipeline\\Pipeline->{closure:{closure:Illuminate\\Pipeline\\Pipeline::carry():158}:159}()
#18 /home/wonderparkbd/public_html/vendor/laravel/framework/src/Illuminate/Pipeline/Pipeline.php(183): Illuminate\\Routing\\Middleware\\SubstituteBindings->handle()
#19 /home/wonderparkbd/public_html/vendor/laravel/framework/src/Illuminate/Foundation/Http/Middleware/VerifyCsrfToken.php(78): Illuminate\\Pipeline\\Pipeline->{closure:{closure:Illuminate\\Pipeline\\Pipeline::carry():158}:159}()
#20 /home/wonderparkbd/public_html/vendor/laravel/framework/src/Illuminate/Pipeline/Pipeline.php(183): Illuminate\\Foundation\\Http\\Middleware\\VerifyCsrfToken->handle()
#21 /home/wonderparkbd/public_html/vendor/laravel/framework/src/Illuminate/View/Middleware/ShareErrorsFromSession.php(49): Illuminate\\Pipeline\\Pipeline->{closure:{closure:Illuminate\\Pipeline\\Pipeline::carry():158}:159}()
#22 /home/wonderparkbd/public_html/vendor/laravel/framework/src/Illuminate/Pipeline/Pipeline.php(183): Illuminate\\View\\Middleware\\ShareErrorsFromSession->handle()
#23 /home/wonderparkbd/public_html/vendor/laravel/framework/src/Illuminate/Session/Middleware/StartSession.php(121): Illuminate\\Pipeline\\Pipeline->{closure:{closure:Illuminate\\Pipeline\\Pipeline::carry():158}:159}()
#24 /home/wonderparkbd/public_html/vendor/laravel/framework/src/Illuminate/Session/Middleware/StartSession.php(64): Illuminate\\Session\\Middleware\\StartSession->handleStatefulRequest()
#25 /home/wonderparkbd/public_html/vendor/laravel/framework/src/Illuminate/Pipeline/Pipeline.php(183): Illuminate\\Session\\Middleware\\StartSession->handle()
#26 /home/wonderparkbd/public_html/vendor/laravel/framework/src/Illuminate/Cookie/Middleware/AddQueuedCookiesToResponse.php(37): Illuminate\\Pipeline\\Pipeline->{closure:{closure:Illuminate\\Pipeline\\Pipeline::carry():158}:159}()
#27 /home/wonderparkbd/public_html/vendor/laravel/framework/src/Illuminate/Pipeline/Pipeline.php(183): Illuminate\\Cookie\\Middleware\\AddQueuedCookiesToResponse->handle()
#28 /home/wonderparkbd/public_html/vendor/laravel/framework/src/Illuminate/Cookie/Middleware/EncryptCookies.php(67): Illuminate\\Pipeline\\Pipeline->{closure:{closure:Illuminate\\Pipeline\\Pipeline::carry():158}:159}()
#29 /home/wonderparkbd/public_html/vendor/laravel/framework/src/Illuminate/Pipeline/Pipeline.php(183): Illuminate\\Cookie\\Middleware\\EncryptCookies->handle()
#30 /home/wonderparkbd/public_html/vendor/laravel/framework/src/Illuminate/Pipeline/Pipeline.php(119): Illuminate\\Pipeline\\Pipeline->{closure:{closure:Illuminate\\Pipeline\\Pipeline::carry():158}:159}()
#31 /home/wonderparkbd/public_html/vendor/laravel/framework/src/Illuminate/Routing/Router.php(805): Illuminate\\Pipeline\\Pipeline->then()
#32 /home/wonderparkbd/public_html/vendor/laravel/framework/src/Illuminate/Routing/Router.php(784): Illuminate\\Routing\\Router->runRouteWithinStack()
#33 /home/wonderparkbd/public_html/vendor/laravel/framework/src/Illuminate/Routing/Router.php(748): Illuminate\\Routing\\Router->runRoute()
#34 /home/wonderparkbd/public_html/vendor/laravel/framework/src/Illuminate/Routing/Router.php(737): Illuminate\\Routing\\Router->dispatchToRoute()
#35 /home/wonderparkbd/public_html/vendor/laravel/framework/src/Illuminate/Foundation/Http/Kernel.php(200): Illuminate\\Routing\\Router->dispatch()
#36 /home/wonderparkbd/public_html/vendor/laravel/framework/src/Illuminate/Pipeline/Pipeline.php(144): Illuminate\\Foundation\\Http\\Kernel->{closure:Illuminate\\Foundation\\Http\\Kernel::dispatchToRouter():197}()
#37 /home/wonderparkbd/public_html/vendor/livewire/livewire/src/DisableBrowserCache.php(19): Illuminate\\Pipeline\\Pipeline->{closure:Illuminate\\Pipeline\\Pipeline::prepareDestination():142}()
#38 /home/wonderparkbd/public_html/vendor/laravel/framework/src/Illuminate/Pipeline/Pipeline.php(183): Livewire\\DisableBrowserCache->handle()
#39 /home/wonderparkbd/public_html/vendor/laravel/framework/src/Illuminate/Foundation/Http/Middleware/TransformsRequest.php(21): Illuminate\\Pipeline\\Pipeline->{closure:{closure:Illuminate\\Pipeline\\Pipeline::carry():158}:159}()
#40 /home/wonderparkbd/public_html/vendor/laravel/framework/src/Illuminate/Foundation/Http/Middleware/ConvertEmptyStringsToNull.php(31): Illuminate\\Foundation\\Http\\Middleware\\TransformsRequest->handle()
#41 /home/wonderparkbd/public_html/vendor/laravel/framework/src/Illuminate/Pipeline/Pipeline.php(183): Illuminate\\Foundation\\Http\\Middleware\\ConvertEmptyStringsToNull->handle()
#42 /home/wonderparkbd/public_html/vendor/laravel/framework/src/Illuminate/Foundation/Http/Middleware/TransformsRequest.php(21): Illuminate\\Pipeline\\Pipeline->{closure:{closure:Illuminate\\Pipeline\\Pipeline::carry():158}:159}()
#43 /home/wonderparkbd/public_html/vendor/laravel/framework/src/Illuminate/Foundation/Http/Middleware/TrimStrings.php(40): Illuminate\\Foundation\\Http\\Middleware\\TransformsRequest->handle()
#44 /home/wonderparkbd/public_html/vendor/laravel/framework/src/Illuminate/Pipeline/Pipeline.php(183): Illuminate\\Foundation\\Http\\Middleware\\TrimStrings->handle()
#45 /home/wonderparkbd/public_html/vendor/laravel/framework/src/Illuminate/Foundation/Http/Middleware/ValidatePostSize.php(27): Illuminate\\Pipeline\\Pipeline->{closure:{closure:Illuminate\\Pipeline\\Pipeline::carry():158}:159}()
#46 /home/wonderparkbd/public_html/vendor/laravel/framework/src/Illuminate/Pipeline/Pipeline.php(183): Illuminate\\Foundation\\Http\\Middleware\\ValidatePostSize->handle()
#47 /home/wonderparkbd/public_html/vendor/laravel/framework/src/Illuminate/Foundation/Http/Middleware/PreventRequestsDuringMaintenance.php(99): Illuminate\\Pipeline\\Pipeline->{closure:{closure:Illuminate\\Pipeline\\Pipeline::carry():158}:159}()
#48 /home/wonderparkbd/public_html/vendor/laravel/framework/src/Illuminate/Pipeline/Pipeline.php(183): Illuminate\\Foundation\\Http\\Middleware\\PreventRequestsDuringMaintenance->handle()
#49 /home/wonderparkbd/public_html/vendor/laravel/framework/src/Illuminate/Http/Middleware/HandleCors.php(49): Illuminate\\Pipeline\\Pipeline->{closure:{closure:Illuminate\\Pipeline\\Pipeline::carry():158}:159}()
#50 /home/wonderparkbd/public_html/vendor/laravel/framework/src/Illuminate/Pipeline/Pipeline.php(183): Illuminate\\Http\\Middleware\\HandleCors->handle()
#51 /home/wonderparkbd/public_html/vendor/laravel/framework/src/Illuminate/Http/Middleware/TrustProxies.php(39): Illuminate\\Pipeline\\Pipeline->{closure:{closure:Illuminate\\Pipeline\\Pipeline::carry():158}:159}()
#52 /home/wonderparkbd/public_html/vendor/laravel/framework/src/Illuminate/Pipeline/Pipeline.php(183): Illuminate\\Http\\Middleware\\TrustProxies->handle()
#53 /home/wonderparkbd/public_html/vendor/laravel/framework/src/Illuminate/Pipeline/Pipeline.php(119): Illuminate\\Pipeline\\Pipeline->{closure:{closure:Illuminate\\Pipeline\\Pipeline::carry():158}:159}()
#54 /home/wonderparkbd/public_html/vendor/laravel/framework/src/Illuminate/Foundation/Http/Kernel.php(175): Illuminate\\Pipeline\\Pipeline->then()
#55 /home/wonderparkbd/public_html/vendor/laravel/framework/src/Illuminate/Foundation/Http/Kernel.php(144): Illuminate\\Foundation\\Http\\Kernel->sendRequestThroughRouter()
#56 /home/wonderparkbd/public_html/public/index.php(51): Illuminate\\Foundation\\Http\\Kernel->handle()
#57 {main}

[previous exception] [object] (ErrorException(code: 0): Attempt to read property \"spot_detail\" on null at /home/wonderparkbd/public_html/storage/framework/views/e225f9eb62bb1b9fc0a5c49cfd20de21.php:91)
[stacktrace]
#0 /home/wonderparkbd/public_html/vendor/laravel/framework/src/Illuminate/Foundation/Bootstrap/HandleExceptions.php(255): Illuminate\\Foundation\\Bootstrap\\HandleExceptions->handleError()
#1 /home/wonderparkbd/public_html/storage/framework/views/e225f9eb62bb1b9fc0a5c49cfd20de21.php(91): Illuminate\\Foundation\\Bootstrap\\HandleExceptions->{closure:Illuminate\\Foundation\\Bootstrap\\HandleExceptions::forwardsTo():254}()
#2 /home/wonderparkbd/public_html/vendor/laravel/framework/src/Illuminate/Filesystem/Filesystem.php(123): require('/home/wonderpar...')
#3 /home/wonderparkbd/public_html/vendor/laravel/framework/src/Illuminate/Filesystem/Filesystem.php(124): Illuminate\\Filesystem\\Filesystem::{closure:Illuminate\\Filesystem\\Filesystem::getRequire():120}()
#4 /home/wonderparkbd/public_html/vendor/laravel/framework/src/Illuminate/View/Engines/PhpEngine.php(58): Illuminate\\Filesystem\\Filesystem->getRequire()
#5 /home/wonderparkbd/public_html/vendor/livewire/livewire/src/ComponentConcerns/RendersLivewireComponents.php(69): Illuminate\\View\\Engines\\PhpEngine->evaluatePath()
#6 /home/wonderparkbd/public_html/vendor/laravel/framework/src/Illuminate/View/Engines/CompilerEngine.php(72): Livewire\\LivewireViewCompilerEngine->evaluatePath()
#7 /home/wonderparkbd/public_html/vendor/livewire/livewire/src/ComponentConcerns/RendersLivewireComponents.php(35): Illuminate\\View\\Engines\\CompilerEngine->get()
#8 /home/wonderparkbd/public_html/vendor/laravel/framework/src/Illuminate/View/View.php(207): Livewire\\LivewireViewCompilerEngine->get()
#9 /home/wonderparkbd/public_html/vendor/laravel/framework/src/Illuminate/View/View.php(190): Illuminate\\View\\View->getContents()
#10 /home/wonderparkbd/public_html/vendor/laravel/framework/src/Illuminate/View/View.php(159): Illuminate\\View\\View->renderContents()
#11 /home/wonderparkbd/public_html/vendor/laravel/framework/src/Illuminate/Http/Response.php(69): Illuminate\\View\\View->render()
#12 /home/wonderparkbd/public_html/vendor/laravel/framework/src/Illuminate/Http/Response.php(35): Illuminate\\Http\\Response->setContent()
#13 /home/wonderparkbd/public_html/vendor/laravel/framework/src/Illuminate/Routing/Router.php(918): Illuminate\\Http\\Response->__construct()
#14 /home/wonderparkbd/public_html/vendor/laravel/framework/src/Illuminate/Routing/Router.php(885): Illuminate\\Routing\\Router::toResponse()
#15 /home/wonderparkbd/public_html/vendor/laravel/framework/src/Illuminate/Routing/Router.php(805): Illuminate\\Routing\\Router->prepareResponse()
#16 /home/wonderparkbd/public_html/vendor/laravel/framework/src/Illuminate/Pipeline/Pipeline.php(144): Illuminate\\Routing\\Router->{closure:Illuminate\\Routing\\Router::runRouteWithinStack():805}()
#17 /home/wonderparkbd/public_html/app/Http/Middleware/SetLocale.php(18): Illuminate\\Pipeline\\Pipeline->{closure:Illuminate\\Pipeline\\Pipeline::prepareDestination():142}()
#18 /home/wonderparkbd/public_html/vendor/laravel/framework/src/Illuminate/Pipeline/Pipeline.php(183): App\\Http\\Middleware\\SetLocale->handle()
#19 /home/wonderparkbd/public_html/vendor/laravel/framework/src/Illuminate/Routing/Middleware/SubstituteBindings.php(50): Illuminate\\Pipeline\\Pipeline->{closure:{closure:Illuminate\\Pipeline\\Pipeline::carry():158}:159}()
#20 /home/wonderparkbd/public_html/vendor/laravel/framework/src/Illuminate/Pipeline/Pipeline.php(183): Illuminate\\Routing\\Middleware\\SubstituteBindings->handle()
#21 /home/wonderparkbd/public_html/vendor/laravel/framework/src/Illuminate/Foundation/Http/Middleware/VerifyCsrfToken.php(78): Illuminate\\Pipeline\\Pipeline->{closure:{closure:Illuminate\\Pipeline\\Pipeline::carry():158}:159}()
#22 /home/wonderparkbd/public_html/vendor/laravel/framework/src/Illuminate/Pipeline/Pipeline.php(183): Illuminate\\Foundation\\Http\\Middleware\\VerifyCsrfToken->handle()
#23 /home/wonderparkbd/public_html/vendor/laravel/framework/src/Illuminate/View/Middleware/ShareErrorsFromSession.php(49): Illuminate\\Pipeline\\Pipeline->{closure:{closure:Illuminate\\Pipeline\\Pipeline::carry():158}:159}()
#24 /home/wonderparkbd/public_html/vendor/laravel/framework/src/Illuminate/Pipeline/Pipeline.php(183): Illuminate\\View\\Middleware\\ShareErrorsFromSession->handle()
#25 /home/wonderparkbd/public_html/vendor/laravel/framework/src/Illuminate/Session/Middleware/StartSession.php(121): Illuminate\\Pipeline\\Pipeline->{closure:{closure:Illuminate\\Pipeline\\Pipeline::carry():158}:159}()
#26 /home/wonderparkbd/public_html/vendor/laravel/framework/src/Illuminate/Session/Middleware/StartSession.php(64): Illuminate\\Session\\Middleware\\StartSession->handleStatefulRequest()
#27 /home/wonderparkbd/public_html/vendor/laravel/framework/src/Illuminate/Pipeline/Pipeline.php(183): Illuminate\\Session\\Middleware\\StartSession->handle()
#28 /home/wonderparkbd/public_html/vendor/laravel/framework/src/Illuminate/Cookie/Middleware/AddQueuedCookiesToResponse.php(37): Illuminate\\Pipeline\\Pipeline->{closure:{closure:Illuminate\\Pipeline\\Pipeline::carry():158}:159}()
#29 /home/wonderparkbd/public_html/vendor/laravel/framework/src/Illuminate/Pipeline/Pipeline.php(183): Illuminate\\Cookie\\Middleware\\AddQueuedCookiesToResponse->handle()
#30 /home/wonderparkbd/public_html/vendor/laravel/framework/src/Illuminate/Cookie/Middleware/EncryptCookies.php(67): Illuminate\\Pipeline\\Pipeline->{closure:{closure:Illuminate\\Pipeline\\Pipeline::carry():158}:159}()
#31 /home/wonderparkbd/public_html/vendor/laravel/framework/src/Illuminate/Pipeline/Pipeline.php(183): Illuminate\\Cookie\\Middleware\\EncryptCookies->handle()
#32 /home/wonderparkbd/public_html/vendor/laravel/framework/src/Illuminate/Pipeline/Pipeline.php(119): Illuminate\\Pipeline\\Pipeline->{closure:{closure:Illuminate\\Pipeline\\Pipeline::carry():158}:159}()
#33 /home/wonderparkbd/public_html/vendor/laravel/framework/src/Illuminate/Routing/Router.php(805): Illuminate\\Pipeline\\Pipeline->then()
#34 /home/wonderparkbd/public_html/vendor/laravel/framework/src/Illuminate/Routing/Router.php(784): Illuminate\\Routing\\Router->runRouteWithinStack()
#35 /home/wonderparkbd/public_html/vendor/laravel/framework/src/Illuminate/Routing/Router.php(748): Illuminate\\Routing\\Router->runRoute()
#36 /home/wonderparkbd/public_html/vendor/laravel/framework/src/Illuminate/Routing/Router.php(737): Illuminate\\Routing\\Router->dispatchToRoute()
#37 /home/wonderparkbd/public_html/vendor/laravel/framework/src/Illuminate/Foundation/Http/Kernel.php(200): Illuminate\\Routing\\Router->dispatch()
#38 /home/wonderparkbd/public_html/vendor/laravel/framework/src/Illuminate/Pipeline/Pipeline.php(144): Illuminate\\Foundation\\Http\\Kernel->{closure:Illuminate\\Foundation\\Http\\Kernel::dispatchToRouter():197}()
#39 /home/wonderparkbd/public_html/vendor/livewire/livewire/src/DisableBrowserCache.php(19): Illuminate\\Pipeline\\Pipeline->{closure:Illuminate\\Pipeline\\Pipeline::prepareDestination():142}()
#40 /home/wonderparkbd/public_html/vendor/laravel/framework/src/Illuminate/Pipeline/Pipeline.php(183): Livewire\\DisableBrowserCache->handle()
#41 /home/wonderparkbd/public_html/vendor/laravel/framework/src/Illuminate/Foundation/Http/Middleware/TransformsRequest.php(21): Illuminate\\Pipeline\\Pipeline->{closure:{closure:Illuminate\\Pipeline\\Pipeline::carry():158}:159}()
#42 /home/wonderparkbd/public_html/vendor/laravel/framework/src/Illuminate/Foundation/Http/Middleware/ConvertEmptyStringsToNull.php(31): Illuminate\\Foundation\\Http\\Middleware\\TransformsRequest->handle()
#43 /home/wonderparkbd/public_html/vendor/laravel/framework/src/Illuminate/Pipeline/Pipeline.php(183): Illuminate\\Foundation\\Http\\Middleware\\ConvertEmptyStringsToNull->handle()
#44 /home/wonderparkbd/public_html/vendor/laravel/framework/src/Illuminate/Foundation/Http/Middleware/TransformsRequest.php(21): Illuminate\\Pipeline\\Pipeline->{closure:{closure:Illuminate\\Pipeline\\Pipeline::carry():158}:159}()
#45 /home/wonderparkbd/public_html/vendor/laravel/framework/src/Illuminate/Foundation/Http/Middleware/TrimStrings.php(40): Illuminate\\Foundation\\Http\\Middleware\\TransformsRequest->handle()
#46 /home/wonderparkbd/public_html/vendor/laravel/framework/src/Illuminate/Pipeline/Pipeline.php(183): Illuminate\\Foundation\\Http\\Middleware\\TrimStrings->handle()
#47 /home/wonderparkbd/public_html/vendor/laravel/framework/src/Illuminate/Foundation/Http/Middleware/ValidatePostSize.php(27): Illuminate\\Pipeline\\Pipeline->{closure:{closure:Illuminate\\Pipeline\\Pipeline::carry():158}:159}()
#48 /home/wonderparkbd/public_html/vendor/laravel/framework/src/Illuminate/Pipeline/Pipeline.php(183): Illuminate\\Foundation\\Http\\Middleware\\ValidatePostSize->handle()
#49 /home/wonderparkbd/public_html/vendor/laravel/framework/src/Illuminate/Foundation/Http/Middleware/PreventRequestsDuringMaintenance.php(99): Illuminate\\Pipeline\\Pipeline->{closure:{closure:Illuminate\\Pipeline\\Pipeline::carry():158}:159}()
#50 /home/wonderparkbd/public_html/vendor/laravel/framework/src/Illuminate/Pipeline/Pipeline.php(183): Illuminate\\Foundation\\Http\\Middleware\\PreventRequestsDuringMaintenance->handle()
#51 /home/wonderparkbd/public_html/vendor/laravel/framework/src/Illuminate/Http/Middleware/HandleCors.php(49): Illuminate\\Pipeline\\Pipeline->{closure:{closure:Illuminate\\Pipeline\\Pipeline::carry():158}:159}()
#52 /home/wonderparkbd/public_html/vendor/laravel/framework/src/Illuminate/Pipeline/Pipeline.php(183): Illuminate\\Http\\Middleware\\HandleCors->handle()
#53 /home/wonderparkbd/public_html/vendor/laravel/framework/src/Illuminate/Http/Middleware/TrustProxies.php(39): Illuminate\\Pipeline\\Pipeline->{closure:{closure:Illuminate\\Pipeline\\Pipeline::carry():158}:159}()
#54 /home/wonderparkbd/public_html/vendor/laravel/framework/src/Illuminate/Pipeline/Pipeline.php(183): Illuminate\\Http\\Middleware\\TrustProxies->handle()
#55 /home/wonderparkbd/public_html/vendor/laravel/framework/src/Illuminate/Pipeline/Pipeline.php(119): Illuminate\\Pipeline\\Pipeline->{closure:{closure:Illuminate\\Pipeline\\Pipeline::carry():158}:159}()
#56 /home/wonderparkbd/public_html/vendor/laravel/framework/src/Illuminate/Foundation/Http/Kernel.php(175): Illuminate\\Pipeline\\Pipeline->then()
#57 /home/wonderparkbd/public_html/vendor/laravel/framework/src/Illuminate/Foundation/Http/Kernel.php(144): Illuminate\\Foundation\\Http\\Kernel->sendRequestThroughRouter()
#58 /home/wonderparkbd/public_html/public/index.php(51): Illuminate\\Foundation\\Http\\Kernel->handle()
#59 {main}
"} 
[2026-07-18 10:56:25] production.ERROR: Attempt to read property "image" on null {"view":{"view":"/home/wonderparkbd/public_html/resources/views/pages/frontend/blog_details.blade.php","data":[]},"exception":"[object] (Spatie\\LaravelIgnition\\Exceptions\\ViewException(code: 0): Attempt to read property \"image\" on null at /home/wonderparkbd/public_html/resources/views/pages/frontend/blog_details.blade.php:43)
[stacktrace]
#0 /home/wonderparkbd/public_html/vendor/laravel/framework/src/Illuminate/Filesystem/Filesystem.php(123): require('/home/wonderpar...')
#1 /home/wonderparkbd/public_html/vendor/laravel/framework/src/Illuminate/Filesystem/Filesystem.php(124): Illuminate\\Filesystem\\Filesystem::{closure:Illuminate\\Filesystem\\Filesystem::getRequire():120}()
#2 /home/wonderparkbd/public_html/vendor/laravel/framework/src/Illuminate/View/Engines/PhpEngine.php(58): Illuminate\\Filesystem\\Filesystem->getRequire()
#3 /home/wonderparkbd/public_html/vendor/livewire/livewire/src/ComponentConcerns/RendersLivewireComponents.php(69): Illuminate\\View\\Engines\\PhpEngine->evaluatePath()
#4 /home/wonderparkbd/public_html/vendor/laravel/framework/src/Illuminate/View/Engines/CompilerEngine.php(72): Livewire\\LivewireViewCompilerEngine->evaluatePath()
#5 /home/wonderparkbd/public_html/vendor/livewire/livewire/src/ComponentConcerns/RendersLivewireComponents.php(35): Illuminate\\View\\Engines\\CompilerEngine->get()
#6 /home/wonderparkbd/public_html/vendor/laravel/framework/src/Illuminate/View/View.php(207): Livewire\\LivewireViewCompilerEngine->get()
#7 /home/wonderparkbd/public_html/vendor/laravel/framework/src/Illuminate/View/View.php(190): Illuminate\\View\\View->getContents()
#8 /home/wonderparkbd/public_html/vendor/laravel/framework/src/Illuminate/View/View.php(159): Illuminate\\View\\View->renderContents()
#9 /home/wonderparkbd/public_html/vendor/laravel/framework/src/Illuminate/Http/Response.php(69): Illuminate\\View\\View->render()
#10 /home/wonderparkbd/public_html/vendor/laravel/framework/src/Illuminate/Http/Response.php(35): Illuminate\\Http\\Response->setContent()
#11 /home/wonderparkbd/public_html/vendor/laravel/framework/src/Illuminate/Routing/Router.php(918): Illuminate\\Http\\Response->__construct()
#12 /home/wonderparkbd/public_html/vendor/laravel/framework/src/Illuminate/Routing/Router.php(885): Illuminate\\Routing\\Router::toResponse()
#13 /home/wonderparkbd/public_html/vendor/laravel/framework/src/Illuminate/Routing/Router.php(805): Illuminate\\Routing\\Router->prepareResponse()
#14 /home/wonderparkbd/public_html/vendor/laravel/framework/src/Illuminate/Pipeline/Pipeline.php(144): Illuminate\\Routing\\Router->{closure:Illuminate\\Routing\\Router::runRouteWithinStack():805}()
#15 /home/wonderparkbd/public_html/app/Http/Middleware/SetLocale.php(18): Illuminate\\Pipeline\\Pipeline->{closure:Illuminate\\Pipeline\\Pipeline::prepareDestination():142}()
#16 /home/wonderparkbd/public_html/vendor/laravel/framework/src/Illuminate/Pipeline/Pipeline.php(183): App\\Http\\Middleware\\SetLocale->handle()
#17 /home/wonderparkbd/public_html/vendor/laravel/framework/src/Illuminate/Routing/Middleware/SubstituteBindings.php(50): Illuminate\\Pipeline\\Pipeline->{closure:{closure:Illuminate\\Pipeline\\Pipeline::carry():158}:159}()
#18 /home/wonderparkbd/public_html/vendor/laravel/framework/src/Illuminate/Pipeline/Pipeline.php(183): Illuminate\\Routing\\Middleware\\SubstituteBindings->handle()
#19 /home/wonderparkbd/public_html/vendor/laravel/framework/src/Illuminate/Foundation/Http/Middleware/VerifyCsrfToken.php(78): Illuminate\\Pipeline\\Pipeline->{closure:{closure:Illuminate\\Pipeline\\Pipeline::carry():158}:159}()
#20 /home/wonderparkbd/public_html/vendor/laravel/framework/src/Illuminate/Pipeline/Pipeline.php(183): Illuminate\\Foundation\\Http\\Middleware\\VerifyCsrfToken->handle()
#21 /home/wonderparkbd/public_html/vendor/laravel/framework/src/Illuminate/View/Middleware/ShareErrorsFromSession.php(49): Illuminate\\Pipeline\\Pipeline->{closure:{closure:Illuminate\\Pipeline\\Pipeline::carry():158}:159}()
#22 /home/wonderparkbd/public_html/vendor/laravel/framework/src/Illuminate/Pipeline/Pipeline.php(183): Illuminate\\View\\Middleware\\ShareErrorsFromSession->handle()
#23 /home/wonderparkbd/public_html/vendor/laravel/framework/src/Illuminate/Session/Middleware/StartSession.php(121): Illuminate\\Pipeline\\Pipeline->{closure:{closure:Illuminate\\Pipeline\\Pipeline::carry():158}:159}()
#24 /home/wonderparkbd/public_html/vendor/laravel/framework/src/Illuminate/Session/Middleware/StartSession.php(64): Illuminate\\Session\\Middleware\\StartSession->handleStatefulRequest()
#25 /home/wonderparkbd/public_html/vendor/laravel/framework/src/Illuminate/Pipeline/Pipeline.php(183): Illuminate\\Session\\Middleware\\StartSession->handle()
#26 /home/wonderparkbd/public_html/vendor/laravel/framework/src/Illuminate/Cookie/Middleware/AddQueuedCookiesToResponse.php(37): Illuminate\\Pipeline\\Pipeline->{closure:{closure:Illuminate\\Pipeline\\Pipeline::carry():158}:159}()
#27 /home/wonderparkbd/public_html/vendor/laravel/framework/src/Illuminate/Pipeline/Pipeline.php(183): Illuminate\\Cookie\\Middleware\\AddQueuedCookiesToResponse->handle()
#28 /home/wonderparkbd/public_html/vendor/laravel/framework/src/Illuminate/Cookie/Middleware/EncryptCookies.php(67): Illuminate\\Pipeline\\Pipeline->{closure:{closure:Illuminate\\Pipeline\\Pipeline::carry():158}:159}()
#29 /home/wonderparkbd/public_html/vendor/laravel/framework/src/Illuminate/Pipeline/Pipeline.php(183): Illuminate\\Cookie\\Middleware\\EncryptCookies->handle()
#30 /home/wonderparkbd/public_html/vendor/laravel/framework/src/Illuminate/Pipeline/Pipeline.php(119): Illuminate\\Pipeline\\Pipeline->{closure:{closure:Illuminate\\Pipeline\\Pipeline::carry():158}:159}()
#31 /home/wonderparkbd/public_html/vendor/laravel/framework/src/Illuminate/Routing/Router.php(805): Illuminate\\Pipeline\\Pipeline->then()
#32 /home/wonderparkbd/public_html/vendor/laravel/framework/src/Illuminate/Routing/Router.php(784): Illuminate\\Routing\\Router->runRouteWithinStack()
#33 /home/wonderparkbd/public_html/vendor/laravel/framework/src/Illuminate/Routing/Router.php(748): Illuminate\\Routing\\Router->runRoute()
#34 /home/wonderparkbd/public_html/vendor/laravel/framework/src/Illuminate/Routing/Router.php(737): Illuminate\\Routing\\Router->dispatchToRoute()
#35 /home/wonderparkbd/public_html/vendor/laravel/framework/src/Illuminate/Foundation/Http/Kernel.php(200): Illuminate\\Routing\\Router->dispatch()
#36 /home/wonderparkbd/public_html/vendor/laravel/framework/src/Illuminate/Pipeline/Pipeline.php(144): Illuminate\\Foundation\\Http\\Kernel->{closure:Illuminate\\Foundation\\Http\\Kernel::dispatchToRouter():197}()
#37 /home/wonderparkbd/public_html/vendor/livewire/livewire/src/DisableBrowserCache.php(19): Illuminate\\Pipeline\\Pipeline->{closure:Illuminate\\Pipeline\\Pipeline::prepareDestination():142}()
#38 /home/wonderparkbd/public_html/vendor/laravel/framework/src/Illuminate/Pipeline/Pipeline.php(183): Livewire\\DisableBrowserCache->handle()
#39 /home/wonderparkbd/public_html/vendor/laravel/framework/src/Illuminate/Foundation/Http/Middleware/TransformsRequest.php(21): Illuminate\\Pipeline\\Pipeline->{closure:{closure:Illuminate\\Pipeline\\Pipeline::carry():158}:159}()
#40 /home/wonderparkbd/public_html/vendor/laravel/framework/src/Illuminate/Foundation/Http/Middleware/ConvertEmptyStringsToNull.php(31): Illuminate\\Foundation\\Http\\Middleware\\TransformsRequest->handle()
#41 /home/wonderparkbd/public_html/vendor/laravel/framework/src/Illuminate/Pipeline/Pipeline.php(183): Illuminate\\Foundation\\Http\\Middleware\\ConvertEmptyStringsToNull->handle()
#42 /home/wonderparkbd/public_html/vendor/laravel/framework/src/Illuminate/Foundation/Http/Middleware/TransformsRequest.php(21): Illuminate\\Pipeline\\Pipeline->{closure:{closure:Illuminate\\Pipeline\\Pipeline::carry():158}:159}()
#43 /home/wonderparkbd/public_html/vendor/laravel/framework/src/Illuminate/Foundation/Http/Middleware/TrimStrings.php(40): Illuminate\\Foundation\\Http\\Middleware\\TransformsRequest->handle()
#44 /home/wonderparkbd/public_html/vendor/laravel/framework/src/Illuminate/Pipeline/Pipeline.php(183): Illuminate\\Foundation\\Http\\Middleware\\TrimStrings->handle()
#45 /home/wonderparkbd/public_html/vendor/laravel/framework/src/Illuminate/Foundation/Http/Middleware/ValidatePostSize.php(27): Illuminate\\Pipeline\\Pipeline->{closure:{closure:Illuminate\\Pipeline\\Pipeline::carry():158}:159}()
#46 /home/wonderparkbd/public_html/vendor/laravel/framework/src/Illuminate/Pipeline/Pipeline.php(183): Illuminate\\Foundation\\Http\\Middleware\\ValidatePostSize->handle()
#47 /home/wonderparkbd/public_html/vendor/laravel/framework/src/Illuminate/Foundation/Http/Middleware/PreventRequestsDuringMaintenance.php(99): Illuminate\\Pipeline\\Pipeline->{closure:{closure:Illuminate\\Pipeline\\Pipeline::carry():158}:159}()
#48 /home/wonderparkbd/public_html/vendor/laravel/framework/src/Illuminate/Pipeline/Pipeline.php(183): Illuminate\\Foundation\\Http\\Middleware\\PreventRequestsDuringMaintenance->handle()
#49 /home/wonderparkbd/public_html/vendor/laravel/framework/src/Illuminate/Http/Middleware/HandleCors.php(49): Illuminate\\Pipeline\\Pipeline->{closure:{closure:Illuminate\\Pipeline\\Pipeline::carry():158}:159}()
#50 /home/wonderparkbd/public_html/vendor/laravel/framework/src/Illuminate/Pipeline/Pipeline.php(183): Illuminate\\Http\\Middleware\\HandleCors->handle()
#51 /home/wonderparkbd/public_html/vendor/laravel/framework/src/Illuminate/Http/Middleware/TrustProxies.php(39): Illuminate\\Pipeline\\Pipeline->{closure:{closure:Illuminate\\Pipeline\\Pipeline::carry():158}:159}()
#52 /home/wonderparkbd/public_html/vendor/laravel/framework/src/Illuminate/Pipeline/Pipeline.php(183): Illuminate\\Http\\Middleware\\TrustProxies->handle()
#53 /home/wonderparkbd/public_html/vendor/laravel/framework/src/Illuminate/Pipeline/Pipeline.php(119): Illuminate\\Pipeline\\Pipeline->{closure:{closure:Illuminate\\Pipeline\\Pipeline::carry():158}:159}()
#54 /home/wonderparkbd/public_html/vendor/laravel/framework/src/Illuminate/Foundation/Http/Kernel.php(175): Illuminate\\Pipeline\\Pipeline->then()
#55 /home/wonderparkbd/public_html/vendor/laravel/framework/src/Illuminate/Foundation/Http/Kernel.php(144): Illuminate\\Foundation\\Http\\Kernel->sendRequestThroughRouter()
#56 /home/wonderparkbd/public_html/public/index.php(51): Illuminate\\Foundation\\Http\\Kernel->handle()
#57 {main}

[previous exception] [object] (ErrorException(code: 0): Attempt to read property \"image\" on null at /home/wonderparkbd/public_html/storage/framework/views/05ba2f8d6b8577e49f382ec6c960210b.php:43)
[stacktrace]
#0 /home/wonderparkbd/public_html/vendor/laravel/framework/src/Illuminate/Foundation/Bootstrap/HandleExceptions.php(255): Illuminate\\Foundation\\Bootstrap\\HandleExceptions->handleError()
#1 /home/wonderparkbd/public_html/storage/framework/views/05ba2f8d6b8577e49f382ec6c960210b.php(43): Illuminate\\Foundation\\Bootstrap\\HandleExceptions->{closure:Illuminate\\Foundation\\Bootstrap\\HandleExceptions::forwardsTo():254}()
#2 /home/wonderparkbd/public_html/vendor/laravel/framework/src/Illuminate/Filesystem/Filesystem.php(123): require('/home/wonderpar...')
#3 /home/wonderparkbd/public_html/vendor/laravel/framework/src/Illuminate/Filesystem/Filesystem.php(124): Illuminate\\Filesystem\\Filesystem::{closure:Illuminate\\Filesystem\\Filesystem::getRequire():120}()
#4 /home/wonderparkbd/public_html/vendor/laravel/framework/src/Illuminate/View/Engines/PhpEngine.php(58): Illuminate\\Filesystem\\Filesystem->getRequire()
#5 /home/wonderparkbd/public_html/vendor/livewire/livewire/src/ComponentConcerns/RendersLivewireComponents.php(69): Illuminate\\View\\Engines\\PhpEngine->evaluatePath()
#6 /home/wonderparkbd/public_html/vendor/laravel/framework/src/Illuminate/View/Engines/CompilerEngine.php(72): Livewire\\LivewireViewCompilerEngine->evaluatePath()
#7 /home/wonderparkbd/public_html/vendor/livewire/livewire/src/ComponentConcerns/RendersLivewireComponents.php(35): Illuminate\\View\\Engines\\CompilerEngine->get()
#8 /home/wonderparkbd/public_html/vendor/laravel/framework/src/Illuminate/View/View.php(207): Livewire\\LivewireViewCompilerEngine->get()
#9 /home/wonderparkbd/public_html/vendor/laravel/framework/src/Illuminate/View/View.php(190): Illuminate\\View\\View->getContents()
#10 /home/wonderparkbd/public_html/vendor/laravel/framework/src/Illuminate/View/View.php(159): Illuminate\\View\\View->renderContents()
#11 /home/wonderparkbd/public_html/vendor/laravel/framework/src/Illuminate/Http/Response.php(69): Illuminate\\View\\View->render()
#12 /home/wonderparkbd/public_html/vendor/laravel/framework/src/Illuminate/Http/Response.php(35): Illuminate\\Http\\Response->setContent()
#13 /home/wonderparkbd/public_html/vendor/laravel/framework/src/Illuminate/Routing/Router.php(918): Illuminate\\Http\\Response->__construct()
#14 /home/wonderparkbd/public_html/vendor/laravel/framework/src/Illuminate/Routing/Router.php(885): Illuminate\\Routing\\Router::toResponse()
#15 /home/wonderparkbd/public_html/vendor/laravel/framework/src/Illuminate/Routing/Router.php(805): Illuminate\\Routing\\Router->prepareResponse()
#16 /home/wonderparkbd/public_html/vendor/laravel/framework/src/Illuminate/Pipeline/Pipeline.php(144): Illuminate\\Routing\\Router->{closure:Illuminate\\Routing\\Router::runRouteWithinStack():805}()
#17 /home/wonderparkbd/public_html/app/Http/Middleware/SetLocale.php(18): Illuminate\\Pipeline\\Pipeline->{closure:Illuminate\\Pipeline\\Pipeline::prepareDestination():142}()
#18 /home/wonderparkbd/public_html/vendor/laravel/framework/src/Illuminate/Pipeline/Pipeline.php(183): App\\Http\\Middleware\\SetLocale->handle()
#19 /home/wonderparkbd/public_html/vendor/laravel/framework/src/Illuminate/Routing/Middleware/SubstituteBindings.php(50): Illuminate\\Pipeline\\Pipeline->{closure:{closure:Illuminate\\Pipeline\\Pipeline::carry():158}:159}()
#20 /home/wonderparkbd/public_html/vendor/laravel/framework/src/Illuminate/Pipeline/Pipeline.php(183): Illuminate\\Routing\\Middleware\\SubstituteBindings->handle()
#21 /home/wonderparkbd/public_html/vendor/laravel/framework/src/Illuminate/Foundation/Http/Middleware/VerifyCsrfToken.php(78): Illuminate\\Pipeline\\Pipeline->{closure:{closure:Illuminate\\Pipeline\\Pipeline::carry():158}:159}()
#22 /home/wonderparkbd/public_html/vendor/laravel/framework/src/Illuminate/Pipeline/Pipeline.php(183): Illuminate\\Foundation\\Http\\Middleware\\VerifyCsrfToken->handle()
#23 /home/wonderparkbd/public_html/vendor/laravel/framework/src/Illuminate/View/Middleware/ShareErrorsFromSession.php(49): Illuminate\\Pipeline\\Pipeline->{closure:{closure:Illuminate\\Pipeline\\Pipeline::carry():158}:159}()
#24 /home/wonderparkbd/public_html/vendor/laravel/framework/src/Illuminate/Pipeline/Pipeline.php(183): Illuminate\\View\\Middleware\\ShareErrorsFromSession->handle()
#25 /home/wonderparkbd/public_html/vendor/laravel/framework/src/Illuminate/Session/Middleware/StartSession.php(121): Illuminate\\Pipeline\\Pipeline->{closure:{closure:Illuminate\\Pipeline\\Pipeline::carry():158}:159}()
#26 /home/wonderparkbd/public_html/vendor/laravel/framework/src/Illuminate/Session/Middleware/StartSession.php(64): Illuminate\\Session\\Middleware\\StartSession->handleStatefulRequest()
#27 /home/wonderparkbd/public_html/vendor/laravel/framework/src/Illuminate/Pipeline/Pipeline.php(183): Illuminate\\Session\\Middleware\\StartSession->handle()
#28 /home/wonderparkbd/public_html/vendor/laravel/framework/src/Illuminate/Cookie/Middleware/AddQueuedCookiesToResponse.php(37): Illuminate\\Pipeline\\Pipeline->{closure:{closure:Illuminate\\Pipeline\\Pipeline::carry():158}:159}()
#29 /home/wonderparkbd/public_html/vendor/laravel/framework/src/Illuminate/Pipeline/Pipeline.php(183): Illuminate\\Cookie\\Middleware\\AddQueuedCookiesToResponse->handle()
#30 /home/wonderparkbd/public_html/vendor/laravel/framework/src/Illuminate/Cookie/Middleware/EncryptCookies.php(67): Illuminate\\Pipeline\\Pipeline->{closure:{closure:Illuminate\\Pipeline\\Pipeline::carry():158}:159}()
#31 /home/wonderparkbd/public_html/vendor/laravel/framework/src/Illuminate/Pipeline/Pipeline.php(183): Illuminate\\Cookie\\Middleware\\EncryptCookies->handle()
#32 /home/wonderparkbd/public_html/vendor/laravel/framework/src/Illuminate/Pipeline/Pipeline.php(119): Illuminate\\Pipeline\\Pipeline->{closure:{closure:Illuminate\\Pipeline\\Pipeline::carry():158}:159}()
#33 /home/wonderparkbd/public_html/vendor/laravel/framework/src/Illuminate/Routing/Router.php(805): Illuminate\\Pipeline\\Pipeline->then()
#34 /home/wonderparkbd/public_html/vendor/laravel/framework/src/Illuminate/Routing/Router.php(784): Illuminate\\Routing\\Router->runRouteWithinStack()
#35 /home/wonderparkbd/public_html/vendor/laravel/framework/src/Illuminate/Routing/Router.php(748): Illuminate\\Routing\\Router->runRoute()
#36 /home/wonderparkbd/public_html/vendor/laravel/framework/src/Illuminate/Routing/Router.php(737): Illuminate\\Routing\\Router->dispatchToRoute()
#37 /home/wonderparkbd/public_html/vendor/laravel/framework/src/Illuminate/Foundation/Http/Kernel.php(200): Illuminate\\Routing\\Router->dispatch()
#38 /home/wonderparkbd/public_html/vendor/laravel/framework/src/Illuminate/Pipeline/Pipeline.php(144): Illuminate\\Foundation\\Http\\Kernel->{closure:Illuminate\\Foundation\\Http\\Kernel::dispatchToRouter():197}()
#39 /home/wonderparkbd/public_html/vendor/livewire/livewire/src/DisableBrowserCache.php(19): Illuminate\\Pipeline\\Pipeline->{closure:Illuminate\\Pipeline\\Pipeline::prepareDestination():142}()
#40 /home/wonderparkbd/public_html/vendor/laravel/framework/src/Illuminate/Pipeline/Pipeline.php(183): Livewire\\DisableBrowserCache->handle()
#41 /home/wonderparkbd/public_html/vendor/laravel/framework/src/Illuminate/Foundation/Http/Middleware/TransformsRequest.php(21): Illuminate\\Pipeline\\Pipeline->{closure:{closure:Illuminate\\Pipeline\\Pipeline::carry():158}:159}()
#42 /home/wonderparkbd/public_html/vendor/laravel/framework/src/Illuminate/Foundation/Http/Middleware/ConvertEmptyStringsToNull.php(31): Illuminate\\Foundation\\Http\\Middleware\\TransformsRequest->handle()
#43 /home/wonderparkbd/public_html/vendor/laravel/framework/src/Illuminate/Pipeline/Pipeline.php(183): Illuminate\\Foundation\\Http\\Middleware\\ConvertEmptyStringsToNull->handle()
#44 /home/wonderparkbd/public_html/vendor/laravel/framework/src/Illuminate/Foundation/Http/Middleware/TransformsRequest.php(21): Illuminate\\Pipeline\\Pipeline->{closure:{closure:Illuminate\\Pipeline\\Pipeline::carry():158}:159}()
#45 /home/wonderparkbd/public_html/vendor/laravel/framework/src/Illuminate/Foundation/Http/Middleware/TrimStrings.php(40): Illuminate\\Foundation\\Http\\Middleware\\TransformsRequest->handle()
#46 /home/wonderparkbd/public_html/vendor/laravel/framework/src/Illuminate/Pipeline/Pipeline.php(183): Illuminate\\Foundation\\Http\\Middleware\\TrimStrings->handle()
#47 /home/wonderparkbd/public_html/vendor/laravel/framework/src/Illuminate/Foundation/Http/Middleware/ValidatePostSize.php(27): Illuminate\\Pipeline\\Pipeline->{closure:{closure:Illuminate\\Pipeline\\Pipeline::carry():158}:159}()
#48 /home/wonderparkbd/public_html/vendor/laravel/framework/src/Illuminate/Pipeline/Pipeline.php(183): Illuminate\\Foundation\\Http\\Middleware\\ValidatePostSize->handle()
#49 /home/wonderparkbd/public_html/vendor/laravel/framework/src/Illuminate/Foundation/Http/Middleware/PreventRequestsDuringMaintenance.php(99): Illuminate\\Pipeline\\Pipeline->{closure:{closure:Illuminate\\Pipeline\\Pipeline::carry():158}:159}()
#50 /home/wonderparkbd/public_html/vendor/laravel/framework/src/Illuminate/Pipeline/Pipeline.php(183): Illuminate\\Foundation\\Http\\Middleware\\PreventRequestsDuringMaintenance->handle()
#51 /home/wonderparkbd/public_html/vendor/laravel/framework/src/Illuminate/Http/Middleware/HandleCors.php(49): Illuminate\\Pipeline\\Pipeline->{closure:{closure:Illuminate\\Pipeline\\Pipeline::carry():158}:159}()
#52 /home/wonderparkbd/public_html/vendor/laravel/framework/src/Illuminate/Pipeline/Pipeline.php(183): Illuminate\\Http\\Middleware\\HandleCors->handle()
#53 /home/wonderparkbd/public_html/vendor/laravel/framework/src/Illuminate/Http/Middleware/TrustProxies.php(39): Illuminate\\Pipeline\\Pipeline->{closure:{closure:Illuminate\\Pipeline\\Pipeline::carry():158}:159}()
#54 /home/wonderparkbd/public_html/vendor/laravel/framework/src/Illuminate/Pipeline/Pipeline.php(183): Illuminate\\Http\\Middleware\\TrustProxies->handle()
#55 /home/wonderparkbd/public_html/vendor/laravel/framework/src/Illuminate/Pipeline/Pipeline.php(119): Illuminate\\Pipeline\\Pipeline->{closure:{closure:Illuminate\\Pipeline\\Pipeline::carry():158}:159}()
#56 /home/wonderparkbd/public_html/vendor/laravel/framework/src/Illuminate/Foundation/Http/Kernel.php(175): Illuminate\\Pipeline\\Pipeline->then()
#57 /home/wonderparkbd/public_html/vendor/laravel/framework/src/Illuminate/Foundation/Http/Kernel.php(144): Illuminate\\Foundation\\Http\\Kernel->sendRequestThroughRouter()
#58 /home/wonderparkbd/public_html/public/index.php(51): Illuminate\\Foundation\\Http\\Kernel->handle()
#59 {main}
"} 
[2026-07-18 11:17:08] production.ERROR: Attempt to read property "image" on null {"view":{"view":"/home/wonderparkbd/public_html/resources/views/pages/frontend/blog_details.blade.php","data":[]},"exception":"[object] (Spatie\\LaravelIgnition\\Exceptions\\ViewException(code: 0): Attempt to read property \"image\" on null at /home/wonderparkbd/public_html/resources/views/pages/frontend/blog_details.blade.php:43)
[stacktrace]
#0 /home/wonderparkbd/public_html/vendor/laravel/framework/src/Illuminate/Filesystem/Filesystem.php(123): require('/home/wonderpar...')
#1 /home/wonderparkbd/public_html/vendor/laravel/framework/src/Illuminate/Filesystem/Filesystem.php(124): Illuminate\\Filesystem\\Filesystem::{closure:Illuminate\\Filesystem\\Filesystem::getRequire():120}()
#2 /home/wonderparkbd/public_html/vendor/laravel/framework/src/Illuminate/View/Engines/PhpEngine.php(58): Illuminate\\Filesystem\\Filesystem->getRequire()
#3 /home/wonderparkbd/public_html/vendor/livewire/livewire/src/ComponentConcerns/RendersLivewireComponents.php(69): Illuminate\\View\\Engines\\PhpEngine->evaluatePath()
#4 /home/wonderparkbd/public_html/vendor/laravel/framework/src/Illuminate/View/Engines/CompilerEngine.php(72): Livewire\\LivewireViewCompilerEngine->evaluatePath()
#5 /home/wonderparkbd/public_html/vendor/livewire/livewire/src/ComponentConcerns/RendersLivewireComponents.php(35): Illuminate\\View\\Engines\\CompilerEngine->get()
#6 /home/wonderparkbd/public_html/vendor/laravel/framework/src/Illuminate/View/View.php(207): Livewire\\LivewireViewCompilerEngine->get()
#7 /home/wonderparkbd/public_html/vendor/laravel/framework/src/Illuminate/View/View.php(190): Illuminate\\View\\View->getContents()
#8 /home/wonderparkbd/public_html/vendor/laravel/framework/src/Illuminate/View/View.php(159): Illuminate\\View\\View->renderContents()
#9 /home/wonderparkbd/public_html/vendor/laravel/framework/src/Illuminate/Http/Response.php(69): Illuminate\\View\\View->render()
#10 /home/wonderparkbd/public_html/vendor/laravel/framework/src/Illuminate/Http/Response.php(35): Illuminate\\Http\\Response->setContent()
#11 /home/wonderparkbd/public_html/vendor/laravel/framework/src/Illuminate/Routing/Router.php(918): Illuminate\\Http\\Response->__construct()
#12 /home/wonderparkbd/public_html/vendor/laravel/framework/src/Illuminate/Routing/Router.php(885): Illuminate\\Routing\\Router::toResponse()
#13 /home/wonderparkbd/public_html/vendor/laravel/framework/src/Illuminate/Routing/Router.php(805): Illuminate\\Routing\\Router->prepareResponse()
#14 /home/wonderparkbd/public_html/vendor/laravel/framework/src/Illuminate/Pipeline/Pipeline.php(144): Illuminate\\Routing\\Router->{closure:Illuminate\\Routing\\Router::runRouteWithinStack():805}()
#15 /home/wonderparkbd/public_html/app/Http/Middleware/SetLocale.php(18): Illuminate\\Pipeline\\Pipeline->{closure:Illuminate\\Pipeline\\Pipeline::prepareDestination():142}()
#16 /home/wonderparkbd/public_html/vendor/laravel/framework/src/Illuminate/Pipeline/Pipeline.php(183): App\\Http\\Middleware\\SetLocale->handle()
#17 /home/wonderparkbd/public_html/vendor/laravel/framework/src/Illuminate/Routing/Middleware/SubstituteBindings.php(50): Illuminate\\Pipeline\\Pipeline->{closure:{closure:Illuminate\\Pipeline\\Pipeline::carry():158}:159}()
#18 /home/wonderparkbd/public_html/vendor/laravel/framework/src/Illuminate/Pipeline/Pipeline.php(183): Illuminate\\Routing\\Middleware\\SubstituteBindings->handle()
#19 /home/wonderparkbd/public_html/vendor/laravel/framework/src/Illuminate/Foundation/Http/Middleware/VerifyCsrfToken.php(78): Illuminate\\Pipeline\\Pipeline->{closure:{closure:Illuminate\\Pipeline\\Pipeline::carry():158}:159}()
#20 /home/wonderparkbd/public_html/vendor/laravel/framework/src/Illuminate/Pipeline/Pipeline.php(183): Illuminate\\Foundation\\Http\\Middleware\\VerifyCsrfToken->handle()
#21 /home/wonderparkbd/public_html/vendor/laravel/framework/src/Illuminate/View/Middleware/ShareErrorsFromSession.php(49): Illuminate\\Pipeline\\Pipeline->{closure:{closure:Illuminate\\Pipeline\\Pipeline::carry():158}:159}()
#22 /home/wonderparkbd/public_html/vendor/laravel/framework/src/Illuminate/Pipeline/Pipeline.php(183): Illuminate\\View\\Middleware\\ShareErrorsFromSession->handle()
#23 /home/wonderparkbd/public_html/vendor/laravel/framework/src/Illuminate/Session/Middleware/StartSession.php(121): Illuminate\\Pipeline\\Pipeline->{closure:{closure:Illuminate\\Pipeline\\Pipeline::carry():158}:159}()
#24 /home/wonderparkbd/public_html/vendor/laravel/framework/src/Illuminate/Session/Middleware/StartSession.php(64): Illuminate\\Session\\Middleware\\StartSession->handleStatefulRequest()
#25 /home/wonderparkbd/public_html/vendor/laravel/framework/src/Illuminate/Pipeline/Pipeline.php(183): Illuminate\\Session\\Middleware\\StartSession->handle()
#26 /home/wonderparkbd/public_html/vendor/laravel/framework/src/Illuminate/Cookie/Middleware/AddQueuedCookiesToResponse.php(37): Illuminate\\Pipeline\\Pipeline->{closure:{closure:Illuminate\\Pipeline\\Pipeline::carry():158}:159}()
#27 /home/wonderparkbd/public_html/vendor/laravel/framework/src/Illuminate/Pipeline/Pipeline.php(183): Illuminate\\Cookie\\Middleware\\AddQueuedCookiesToResponse->handle()
#28 /home/wonderparkbd/public_html/vendor/laravel/framework/src/Illuminate/Cookie/Middleware/EncryptCookies.php(67): Illuminate\\Pipeline\\Pipeline->{closure:{closure:Illuminate\\Pipeline\\Pipeline::carry():158}:159}()
#29 /home/wonderparkbd/public_html/vendor/laravel/framework/src/Illuminate/Pipeline/Pipeline.php(183): Illuminate\\Cookie\\Middleware\\EncryptCookies->handle()
#30 /home/wonderparkbd/public_html/vendor/laravel/framework/src/Illuminate/Pipeline/Pipeline.php(119): Illuminate\\Pipeline\\Pipeline->{closure:{closure:Illuminate\\Pipeline\\Pipeline::carry():158}:159}()
#31 /home/wonderparkbd/public_html/vendor/laravel/framework/src/Illuminate/Routing/Router.php(805): Illuminate\\Pipeline\\Pipeline->then()
#32 /home/wonderparkbd/public_html/vendor/laravel/framework/src/Illuminate/Routing/Router.php(784): Illuminate\\Routing\\Router->runRouteWithinStack()
#33 /home/wonderparkbd/public_html/vendor/laravel/framework/src/Illuminate/Routing/Router.php(748): Illuminate\\Routing\\Router->runRoute()
#34 /home/wonderparkbd/public_html/vendor/laravel/framework/src/Illuminate/Routing/Router.php(737): Illuminate\\Routing\\Router->dispatchToRoute()
#35 /home/wonderparkbd/public_html/vendor/laravel/framework/src/Illuminate/Foundation/Http/Kernel.php(200): Illuminate\\Routing\\Router->dispatch()
#36 /home/wonderparkbd/public_html/vendor/laravel/framework/src/Illuminate/Pipeline/Pipeline.php(144): Illuminate\\Foundation\\Http\\Kernel->{closure:Illuminate\\Foundation\\Http\\Kernel::dispatchToRouter():197}()
#37 /home/wonderparkbd/public_html/vendor/livewire/livewire/src/DisableBrowserCache.php(19): Illuminate\\Pipeline\\Pipeline->{closure:Illuminate\\Pipeline\\Pipeline::prepareDestination():142}()
#38 /home/wonderparkbd/public_html/vendor/laravel/framework/src/Illuminate/Pipeline/Pipeline.php(183): Livewire\\DisableBrowserCache->handle()
#39 /home/wonderparkbd/public_html/vendor/laravel/framework/src/Illuminate/Foundation/Http/Middleware/TransformsRequest.php(21): Illuminate\\Pipeline\\Pipeline->{closure:{closure:Illuminate\\Pipeline\\Pipeline::carry():158}:159}()
#40 /home/wonderparkbd/public_html/vendor/laravel/framework/src/Illuminate/Foundation/Http/Middleware/ConvertEmptyStringsToNull.php(31): Illuminate\\Foundation\\Http\\Middleware\\TransformsRequest->handle()
#41 /home/wonderparkbd/public_html/vendor/laravel/framework/src/Illuminate/Pipeline/Pipeline.php(183): Illuminate\\Foundation\\Http\\Middleware\\ConvertEmptyStringsToNull->handle()
#42 /home/wonderparkbd/public_html/vendor/laravel/framework/src/Illuminate/Foundation/Http/Middleware/TransformsRequest.php(21): Illuminate\\Pipeline\\Pipeline->{closure:{closure:Illuminate\\Pipeline\\Pipeline::carry():158}:159}()
#43 /home/wonderparkbd/public_html/vendor/laravel/framework/src/Illuminate/Foundation/Http/Middleware/TrimStrings.php(40): Illuminate\\Foundation\\Http\\Middleware\\TransformsRequest->handle()
#44 /home/wonderparkbd/public_html/vendor/laravel/framework/src/Illuminate/Pipeline/Pipeline.php(183): Illuminate\\Foundation\\Http\\Middleware\\TrimStrings->handle()
#45 /home/wonderparkbd/public_html/vendor/laravel/framework/src/Illuminate/Foundation/Http/Middleware/ValidatePostSize.php(27): Illuminate\\Pipeline\\Pipeline->{closure:{closure:Illuminate\\Pipeline\\Pipeline::carry():158}:159}()
#46 /home/wonderparkbd/public_html/vendor/laravel/framework/src/Illuminate/Pipeline/Pipeline.php(183): Illuminate\\Foundation\\Http\\Middleware\\ValidatePostSize->handle()
#47 /home/wonderparkbd/public_html/vendor/laravel/framework/src/Illuminate/Foundation/Http/Middleware/PreventRequestsDuringMaintenance.php(99): Illuminate\\Pipeline\\Pipeline->{closure:{closure:Illuminate\\Pipeline\\Pipeline::carry():158}:159}()
#48 /home/wonderparkbd/public_html/vendor/laravel/framework/src/Illuminate/Pipeline/Pipeline.php(183): Illuminate\\Foundation\\Http\\Middleware\\PreventRequestsDuringMaintenance->handle()
#49 /home/wonderparkbd/public_html/vendor/laravel/framework/src/Illuminate/Http/Middleware/HandleCors.php(49): Illuminate\\Pipeline\\Pipeline->{closure:{closure:Illuminate\\Pipeline\\Pipeline::carry():158}:159}()
#50 /home/wonderparkbd/public_html/vendor/laravel/framework/src/Illuminate/Pipeline/Pipeline.php(183): Illuminate\\Http\\Middleware\\HandleCors->handle()
#51 /home/wonderparkbd/public_html/vendor/laravel/framework/src/Illuminate/Http/Middleware/TrustProxies.php(39): Illuminate\\Pipeline\\Pipeline->{closure:{closure:Illuminate\\Pipeline\\Pipeline::carry():158}:159}()
#52 /home/wonderparkbd/public_html/vendor/laravel/framework/src/Illuminate/Pipeline/Pipeline.php(183): Illuminate\\Http\\Middleware\\TrustProxies->handle()
#53 /home/wonderparkbd/public_html/vendor/laravel/framework/src/Illuminate/Pipeline/Pipeline.php(119): Illuminate\\Pipeline\\Pipeline->{closure:{closure:Illuminate\\Pipeline\\Pipeline::carry():158}:159}()
#54 /home/wonderparkbd/public_html/vendor/laravel/framework/src/Illuminate/Foundation/Http/Kernel.php(175): Illuminate\\Pipeline\\Pipeline->then()
#55 /home/wonderparkbd/public_html/vendor/laravel/framework/src/Illuminate/Foundation/Http/Kernel.php(144): Illuminate\\Foundation\\Http\\Kernel->sendRequestThroughRouter()
#56 /home/wonderparkbd/public_html/public/index.php(51): Illuminate\\Foundation\\Http\\Kernel->handle()
#57 {main}

[previous exception] [object] (ErrorException(code: 0): Attempt to read property \"image\" on null at /home/wonderparkbd/public_html/storage/framework/views/05ba2f8d6b8577e49f382ec6c960210b.php:43)
[stacktrace]
#0 /home/wonderparkbd/public_html/vendor/laravel/framework/src/Illuminate/Foundation/Bootstrap/HandleExceptions.php(255): Illuminate\\Foundation\\Bootstrap\\HandleExceptions->handleError()
#1 /home/wonderparkbd/public_html/storage/framework/views/05ba2f8d6b8577e49f382ec6c960210b.php(43): Illuminate\\Foundation\\Bootstrap\\HandleExceptions->{closure:Illuminate\\Foundation\\Bootstrap\\HandleExceptions::forwardsTo():254}()
#2 /home/wonderparkbd/public_html/vendor/laravel/framework/src/Illuminate/Filesystem/Filesystem.php(123): require('/home/wonderpar...')
#3 /home/wonderparkbd/public_html/vendor/laravel/framework/src/Illuminate/Filesystem/Filesystem.php(124): Illuminate\\Filesystem\\Filesystem::{closure:Illuminate\\Filesystem\\Filesystem::getRequire():120}()
#4 /home/wonderparkbd/public_html/vendor/laravel/framework/src/Illuminate/View/Engines/PhpEngine.php(58): Illuminate\\Filesystem\\Filesystem->getRequire()
#5 /home/wonderparkbd/public_html/vendor/livewire/livewire/src/ComponentConcerns/RendersLivewireComponents.php(69): Illuminate\\View\\Engines\\PhpEngine->evaluatePath()
#6 /home/wonderparkbd/public_html/vendor/laravel/framework/src/Illuminate/View/Engines/CompilerEngine.php(72): Livewire\\LivewireViewCompilerEngine->evaluatePath()
#7 /home/wonderparkbd/public_html/vendor/livewire/livewire/src/ComponentConcerns/RendersLivewireComponents.php(35): Illuminate\\View\\Engines\\CompilerEngine->get()
#8 /home/wonderparkbd/public_html/vendor/laravel/framework/src/Illuminate/View/View.php(207): Livewire\\LivewireViewCompilerEngine->get()
#9 /home/wonderparkbd/public_html/vendor/laravel/framework/src/Illuminate/View/View.php(190): Illuminate\\View\\View->getContents()
#10 /home/wonderparkbd/public_html/vendor/laravel/framework/src/Illuminate/View/View.php(159): Illuminate\\View\\View->renderContents()
#11 /home/wonderparkbd/public_html/vendor/laravel/framework/src/Illuminate/Http/Response.php(69): Illuminate\\View\\View->render()
#12 /home/wonderparkbd/public_html/vendor/laravel/framework/src/Illuminate/Http/Response.php(35): Illuminate\\Http\\Response->setContent()
#13 /home/wonderparkbd/public_html/vendor/laravel/framework/src/Illuminate/Routing/Router.php(918): Illuminate\\Http\\Response->__construct()
#14 /home/wonderparkbd/public_html/vendor/laravel/framework/src/Illuminate/Routing/Router.php(885): Illuminate\\Routing\\Router::toResponse()
#15 /home/wonderparkbd/public_html/vendor/laravel/framework/src/Illuminate/Routing/Router.php(805): Illuminate\\Routing\\Router->prepareResponse()
#16 /home/wonderparkbd/public_html/vendor/laravel/framework/src/Illuminate/Pipeline/Pipeline.php(144): Illuminate\\Routing\\Router->{closure:Illuminate\\Routing\\Router::runRouteWithinStack():805}()
#17 /home/wonderparkbd/public_html/app/Http/Middleware/SetLocale.php(18): Illuminate\\Pipeline\\Pipeline->{closure:Illuminate\\Pipeline\\Pipeline::prepareDestination():142}()
#18 /home/wonderparkbd/public_html/vendor/laravel/framework/src/Illuminate/Pipeline/Pipeline.php(183): App\\Http\\Middleware\\SetLocale->handle()
#19 /home/wonderparkbd/public_html/vendor/laravel/framework/src/Illuminate/Routing/Middleware/SubstituteBindings.php(50): Illuminate\\Pipeline\\Pipeline->{closure:{closure:Illuminate\\Pipeline\\Pipeline::carry():158}:159}()
#20 /home/wonderparkbd/public_html/vendor/laravel/framework/src/Illuminate/Pipeline/Pipeline.php(183): Illuminate\\Routing\\Middleware\\SubstituteBindings->handle()
#21 /home/wonderparkbd/public_html/vendor/laravel/framework/src/Illuminate/Foundation/Http/Middleware/VerifyCsrfToken.php(78): Illuminate\\Pipeline\\Pipeline->{closure:{closure:Illuminate\\Pipeline\\Pipeline::carry():158}:159}()
#22 /home/wonderparkbd/public_html/vendor/laravel/framework/src/Illuminate/Pipeline/Pipeline.php(183): Illuminate\\Foundation\\Http\\Middleware\\VerifyCsrfToken->handle()
#23 /home/wonderparkbd/public_html/vendor/laravel/framework/src/Illuminate/View/Middleware/ShareErrorsFromSession.php(49): Illuminate\\Pipeline\\Pipeline->{closure:{closure:Illuminate\\Pipeline\\Pipeline::carry():158}:159}()
#24 /home/wonderparkbd/public_html/vendor/laravel/framework/src/Illuminate/Pipeline/Pipeline.php(183): Illuminate\\View\\Middleware\\ShareErrorsFromSession->handle()
#25 /home/wonderparkbd/public_html/vendor/laravel/framework/src/Illuminate/Session/Middleware/StartSession.php(121): Illuminate\\Pipeline\\Pipeline->{closure:{closure:Illuminate\\Pipeline\\Pipeline::carry():158}:159}()
#26 /home/wonderparkbd/public_html/vendor/laravel/framework/src/Illuminate/Session/Middleware/StartSession.php(64): Illuminate\\Session\\Middleware\\StartSession->handleStatefulRequest()
#27 /home/wonderparkbd/public_html/vendor/laravel/framework/src/Illuminate/Pipeline/Pipeline.php(183): Illuminate\\Session\\Middleware\\StartSession->handle()
#28 /home/wonderparkbd/public_html/vendor/laravel/framework/src/Illuminate/Cookie/Middleware/AddQueuedCookiesToResponse.php(37): Illuminate\\Pipeline\\Pipeline->{closure:{closure:Illuminate\\Pipeline\\Pipeline::carry():158}:159}()
#29 /home/wonderparkbd/public_html/vendor/laravel/framework/src/Illuminate/Pipeline/Pipeline.php(183): Illuminate\\Cookie\\Middleware\\AddQueuedCookiesToResponse->handle()
#30 /home/wonderparkbd/public_html/vendor/laravel/framework/src/Illuminate/Cookie/Middleware/EncryptCookies.php(67): Illuminate\\Pipeline\\Pipeline->{closure:{closure:Illuminate\\Pipeline\\Pipeline::carry():158}:159}()
#31 /home/wonderparkbd/public_html/vendor/laravel/framework/src/Illuminate/Pipeline/Pipeline.php(183): Illuminate\\Cookie\\Middleware\\EncryptCookies->handle()
#32 /home/wonderparkbd/public_html/vendor/laravel/framework/src/Illuminate/Pipeline/Pipeline.php(119): Illuminate\\Pipeline\\Pipeline->{closure:{closure:Illuminate\\Pipeline\\Pipeline::carry():158}:159}()
#33 /home/wonderparkbd/public_html/vendor/laravel/framework/src/Illuminate/Routing/Router.php(805): Illuminate\\Pipeline\\Pipeline->then()
#34 /home/wonderparkbd/public_html/vendor/laravel/framework/src/Illuminate/Routing/Router.php(784): Illuminate\\Routing\\Router->runRouteWithinStack()
#35 /home/wonderparkbd/public_html/vendor/laravel/framework/src/Illuminate/Routing/Router.php(748): Illuminate\\Routing\\Router->runRoute()
#36 /home/wonderparkbd/public_html/vendor/laravel/framework/src/Illuminate/Routing/Router.php(737): Illuminate\\Routing\\Router->dispatchToRoute()
#37 /home/wonderparkbd/public_html/vendor/laravel/framework/src/Illuminate/Foundation/Http/Kernel.php(200): Illuminate\\Routing\\Router->dispatch()
#38 /home/wonderparkbd/public_html/vendor/laravel/framework/src/Illuminate/Pipeline/Pipeline.php(144): Illuminate\\Foundation\\Http\\Kernel->{closure:Illuminate\\Foundation\\Http\\Kernel::dispatchToRouter():197}()
#39 /home/wonderparkbd/public_html/vendor/livewire/livewire/src/DisableBrowserCache.php(19): Illuminate\\Pipeline\\Pipeline->{closure:Illuminate\\Pipeline\\Pipeline::prepareDestination():142}()
#40 /home/wonderparkbd/public_html/vendor/laravel/framework/src/Illuminate/Pipeline/Pipeline.php(183): Livewire\\DisableBrowserCache->handle()
#41 /home/wonderparkbd/public_html/vendor/laravel/framework/src/Illuminate/Foundation/Http/Middleware/TransformsRequest.php(21): Illuminate\\Pipeline\\Pipeline->{closure:{closure:Illuminate\\Pipeline\\Pipeline::carry():158}:159}()
#42 /home/wonderparkbd/public_html/vendor/laravel/framework/src/Illuminate/Foundation/Http/Middleware/ConvertEmptyStringsToNull.php(31): Illuminate\\Foundation\\Http\\Middleware\\TransformsRequest->handle()
#43 /home/wonderparkbd/public_html/vendor/laravel/framework/src/Illuminate/Pipeline/Pipeline.php(183): Illuminate\\Foundation\\Http\\Middleware\\ConvertEmptyStringsToNull->handle()
#44 /home/wonderparkbd/public_html/vendor/laravel/framework/src/Illuminate/Foundation/Http/Middleware/TransformsRequest.php(21): Illuminate\\Pipeline\\Pipeline->{closure:{closure:Illuminate\\Pipeline\\Pipeline::carry():158}:159}()
#45 /home/wonderparkbd/public_html/vendor/laravel/framework/src/Illuminate/Foundation/Http/Middleware/TrimStrings.php(40): Illuminate\\Foundation\\Http\\Middleware\\TransformsRequest->handle()
#46 /home/wonderparkbd/public_html/vendor/laravel/framework/src/Illuminate/Pipeline/Pipeline.php(183): Illuminate\\Foundation\\Http\\Middleware\\TrimStrings->handle()
#47 /home/wonderparkbd/public_html/vendor/laravel/framework/src/Illuminate/Foundation/Http/Middleware/ValidatePostSize.php(27): Illuminate\\Pipeline\\Pipeline->{closure:{closure:Illuminate\\Pipeline\\Pipeline::carry():158}:159}()
#48 /home/wonderparkbd/public_html/vendor/laravel/framework/src/Illuminate/Pipeline/Pipeline.php(183): Illuminate\\Foundation\\Http\\Middleware\\ValidatePostSize->handle()
#49 /home/wonderparkbd/public_html/vendor/laravel/framework/src/Illuminate/Foundation/Http/Middleware/PreventRequestsDuringMaintenance.php(99): Illuminate\\Pipeline\\Pipeline->{closure:{closure:Illuminate\\Pipeline\\Pipeline::carry():158}:159}()
#50 /home/wonderparkbd/public_html/vendor/laravel/framework/src/Illuminate/Pipeline/Pipeline.php(183): Illuminate\\Foundation\\Http\\Middleware\\PreventRequestsDuringMaintenance->handle()
#51 /home/wonderparkbd/public_html/vendor/laravel/framework/src/Illuminate/Http/Middleware/HandleCors.php(49): Illuminate\\Pipeline\\Pipeline->{closure:{closure:Illuminate\\Pipeline\\Pipeline::carry():158}:159}()
#52 /home/wonderparkbd/public_html/vendor/laravel/framework/src/Illuminate/Pipeline/Pipeline.php(183): Illuminate\\Http\\Middleware\\HandleCors->handle()
#53 /home/wonderparkbd/public_html/vendor/laravel/framework/src/Illuminate/Http/Middleware/TrustProxies.php(39): Illuminate\\Pipeline\\Pipeline->{closure:{closure:Illuminate\\Pipeline\\Pipeline::carry():158}:159}()
#54 /home/wonderparkbd/public_html/vendor/laravel/framework/src/Illuminate/Pipeline/Pipeline.php(183): Illuminate\\Http\\Middleware\\TrustProxies->handle()
#55 /home/wonderparkbd/public_html/vendor/laravel/framework/src/Illuminate/Pipeline/Pipeline.php(119): Illuminate\\Pipeline\\Pipeline->{closure:{closure:Illuminate\\Pipeline\\Pipeline::carry():158}:159}()
#56 /home/wonderparkbd/public_html/vendor/laravel/framework/src/Illuminate/Foundation/Http/Kernel.php(175): Illuminate\\Pipeline\\Pipeline->then()
#57 /home/wonderparkbd/public_html/vendor/laravel/framework/src/Illuminate/Foundation/Http/Kernel.php(144): Illuminate\\Foundation\\Http\\Kernel->sendRequestThroughRouter()
#58 /home/wonderparkbd/public_html/public/index.php(51): Illuminate\\Foundation\\Http\\Kernel->handle()
#59 {main}
"} 
[2026-07-18 12:48:48] production.ERROR: Attempt to read property "image" on null {"view":{"view":"/home/wonderparkbd/public_html/resources/views/pages/frontend/blog_details.blade.php","data":[]},"exception":"[object] (Spatie\\LaravelIgnition\\Exceptions\\ViewException(code: 0): Attempt to read property \"image\" on null at /home/wonderparkbd/public_html/resources/views/pages/frontend/blog_details.blade.php:43)
[stacktrace]
#0 /home/wonderparkbd/public_html/vendor/laravel/framework/src/Illuminate/Filesystem/Filesystem.php(123): require('/home/wonderpar...')
#1 /home/wonderparkbd/public_html/vendor/laravel/framework/src/Illuminate/Filesystem/Filesystem.php(124): Illuminate\\Filesystem\\Filesystem::{closure:Illuminate\\Filesystem\\Filesystem::getRequire():120}()
#2 /home/wonderparkbd/public_html/vendor/laravel/framework/src/Illuminate/View/Engines/PhpEngine.php(58): Illuminate\\Filesystem\\Filesystem->getRequire()
#3 /home/wonderparkbd/public_html/vendor/livewire/livewire/src/ComponentConcerns/RendersLivewireComponents.php(69): Illuminate\\View\\Engines\\PhpEngine->evaluatePath()
#4 /home/wonderparkbd/public_html/vendor/laravel/framework/src/Illuminate/View/Engines/CompilerEngine.php(72): Livewire\\LivewireViewCompilerEngine->evaluatePath()
#5 /home/wonderparkbd/public_html/vendor/livewire/livewire/src/ComponentConcerns/RendersLivewireComponents.php(35): Illuminate\\View\\Engines\\CompilerEngine->get()
#6 /home/wonderparkbd/public_html/vendor/laravel/framework/src/Illuminate/View/View.php(207): Livewire\\LivewireViewCompilerEngine->get()
#7 /home/wonderparkbd/public_html/vendor/laravel/framework/src/Illuminate/View/View.php(190): Illuminate\\View\\View->getContents()
#8 /home/wonderparkbd/public_html/vendor/laravel/framework/src/Illuminate/View/View.php(159): Illuminate\\View\\View->renderContents()
#9 /home/wonderparkbd/public_html/vendor/laravel/framework/src/Illuminate/Http/Response.php(69): Illuminate\\View\\View->render()
#10 /home/wonderparkbd/public_html/vendor/laravel/framework/src/Illuminate/Http/Response.php(35): Illuminate\\Http\\Response->setContent()
#11 /home/wonderparkbd/public_html/vendor/laravel/framework/src/Illuminate/Routing/Router.php(918): Illuminate\\Http\\Response->__construct()
#12 /home/wonderparkbd/public_html/vendor/laravel/framework/src/Illuminate/Routing/Router.php(885): Illuminate\\Routing\\Router::toResponse()
#13 /home/wonderparkbd/public_html/vendor/laravel/framework/src/Illuminate/Routing/Router.php(805): Illuminate\\Routing\\Router->prepareResponse()
#14 /home/wonderparkbd/public_html/vendor/laravel/framework/src/Illuminate/Pipeline/Pipeline.php(144): Illuminate\\Routing\\Router->{closure:Illuminate\\Routing\\Router::runRouteWithinStack():805}()
#15 /home/wonderparkbd/public_html/app/Http/Middleware/SetLocale.php(18): Illuminate\\Pipeline\\Pipeline->{closure:Illuminate\\Pipeline\\Pipeline::prepareDestination():142}()
#16 /home/wonderparkbd/public_html/vendor/laravel/framework/src/Illuminate/Pipeline/Pipeline.php(183): App\\Http\\Middleware\\SetLocale->handle()
#17 /home/wonderparkbd/public_html/vendor/laravel/framework/src/Illuminate/Routing/Middleware/SubstituteBindings.php(50): Illuminate\\Pipeline\\Pipeline->{closure:{closure:Illuminate\\Pipeline\\Pipeline::carry():158}:159}()
#18 /home/wonderparkbd/public_html/vendor/laravel/framework/src/Illuminate/Pipeline/Pipeline.php(183): Illuminate\\Routing\\Middleware\\SubstituteBindings->handle()
#19 /home/wonderparkbd/public_html/vendor/laravel/framework/src/Illuminate/Foundation/Http/Middleware/VerifyCsrfToken.php(78): Illuminate\\Pipeline\\Pipeline->{closure:{closure:Illuminate\\Pipeline\\Pipeline::carry():158}:159}()
#20 /home/wonderparkbd/public_html/vendor/laravel/framework/src/Illuminate/Pipeline/Pipeline.php(183): Illuminate\\Foundation\\Http\\Middleware\\VerifyCsrfToken->handle()
#21 /home/wonderparkbd/public_html/vendor/laravel/framework/src/Illuminate/View/Middleware/ShareErrorsFromSession.php(49): Illuminate\\Pipeline\\Pipeline->{closure:{closure:Illuminate\\Pipeline\\Pipeline::carry():158}:159}()
#22 /home/wonderparkbd/public_html/vendor/laravel/framework/src/Illuminate/Pipeline/Pipeline.php(183): Illuminate\\View\\Middleware\\ShareErrorsFromSession->handle()
#23 /home/wonderparkbd/public_html/vendor/laravel/framework/src/Illuminate/Session/Middleware/StartSession.php(121): Illuminate\\Pipeline\\Pipeline->{closure:{closure:Illuminate\\Pipeline\\Pipeline::carry():158}:159}()
#24 /home/wonderparkbd/public_html/vendor/laravel/framework/src/Illuminate/Session/Middleware/StartSession.php(64): Illuminate\\Session\\Middleware\\StartSession->handleStatefulRequest()
#25 /home/wonderparkbd/public_html/vendor/laravel/framework/src/Illuminate/Pipeline/Pipeline.php(183): Illuminate\\Session\\Middleware\\StartSession->handle()
#26 /home/wonderparkbd/public_html/vendor/laravel/framework/src/Illuminate/Cookie/Middleware/AddQueuedCookiesToResponse.php(37): Illuminate\\Pipeline\\Pipeline->{closure:{closure:Illuminate\\Pipeline\\Pipeline::carry():158}:159}()
#27 /home/wonderparkbd/public_html/vendor/laravel/framework/src/Illuminate/Pipeline/Pipeline.php(183): Illuminate\\Cookie\\Middleware\\AddQueuedCookiesToResponse->handle()
#28 /home/wonderparkbd/public_html/vendor/laravel/framework/src/Illuminate/Cookie/Middleware/EncryptCookies.php(67): Illuminate\\Pipeline\\Pipeline->{closure:{closure:Illuminate\\Pipeline\\Pipeline::carry():158}:159}()
#29 /home/wonderparkbd/public_html/vendor/laravel/framework/src/Illuminate/Pipeline/Pipeline.php(183): Illuminate\\Cookie\\Middleware\\EncryptCookies->handle()
#30 /home/wonderparkbd/public_html/vendor/laravel/framework/src/Illuminate/Pipeline/Pipeline.php(119): Illuminate\\Pipeline\\Pipeline->{closure:{closure:Illuminate\\Pipeline\\Pipeline::carry():158}:159}()
#31 /home/wonderparkbd/public_html/vendor/laravel/framework/src/Illuminate/Routing/Router.php(805): Illuminate\\Pipeline\\Pipeline->then()
#32 /home/wonderparkbd/public_html/vendor/laravel/framework/src/Illuminate/Routing/Router.php(784): Illuminate\\Routing\\Router->runRouteWithinStack()
#33 /home/wonderparkbd/public_html/vendor/laravel/framework/src/Illuminate/Routing/Router.php(748): Illuminate\\Routing\\Router->runRoute()
#34 /home/wonderparkbd/public_html/vendor/laravel/framework/src/Illuminate/Routing/Router.php(737): Illuminate\\Routing\\Router->dispatchToRoute()
#35 /home/wonderparkbd/public_html/vendor/laravel/framework/src/Illuminate/Foundation/Http/Kernel.php(200): Illuminate\\Routing\\Router->dispatch()
#36 /home/wonderparkbd/public_html/vendor/laravel/framework/src/Illuminate/Pipeline/Pipeline.php(144): Illuminate\\Foundation\\Http\\Kernel->{closure:Illuminate\\Foundation\\Http\\Kernel::dispatchToRouter():197}()
#37 /home/wonderparkbd/public_html/vendor/livewire/livewire/src/DisableBrowserCache.php(19): Illuminate\\Pipeline\\Pipeline->{closure:Illuminate\\Pipeline\\Pipeline::prepareDestination():142}()
#38 /home/wonderparkbd/public_html/vendor/laravel/framework/src/Illuminate/Pipeline/Pipeline.php(183): Livewire\\DisableBrowserCache->handle()
#39 /home/wonderparkbd/public_html/vendor/laravel/framework/src/Illuminate/Foundation/Http/Middleware/TransformsRequest.php(21): Illuminate\\Pipeline\\Pipeline->{closure:{closure:Illuminate\\Pipeline\\Pipeline::carry():158}:159}()
#40 /home/wonderparkbd/public_html/vendor/laravel/framework/src/Illuminate/Foundation/Http/Middleware/ConvertEmptyStringsToNull.php(31): Illuminate\\Foundation\\Http\\Middleware\\TransformsRequest->handle()
#41 /home/wonderparkbd/public_html/vendor/laravel/framework/src/Illuminate/Pipeline/Pipeline.php(183): Illuminate\\Foundation\\Http\\Middleware\\ConvertEmptyStringsToNull->handle()
#42 /home/wonderparkbd/public_html/vendor/laravel/framework/src/Illuminate/Foundation/Http/Middleware/TransformsRequest.php(21): Illuminate\\Pipeline\\Pipeline->{closure:{closure:Illuminate\\Pipeline\\Pipeline::carry():158}:159}()
#43 /home/wonderparkbd/public_html/vendor/laravel/framework/src/Illuminate/Foundation/Http/Middleware/TrimStrings.php(40): Illuminate\\Foundation\\Http\\Middleware\\TransformsRequest->handle()
#44 /home/wonderparkbd/public_html/vendor/laravel/framework/src/Illuminate/Pipeline/Pipeline.php(183): Illuminate\\Foundation\\Http\\Middleware\\TrimStrings->handle()
#45 /home/wonderparkbd/public_html/vendor/laravel/framework/src/Illuminate/Foundation/Http/Middleware/ValidatePostSize.php(27): Illuminate\\Pipeline\\Pipeline->{closure:{closure:Illuminate\\Pipeline\\Pipeline::carry():158}:159}()
#46 /home/wonderparkbd/public_html/vendor/laravel/framework/src/Illuminate/Pipeline/Pipeline.php(183): Illuminate\\Foundation\\Http\\Middleware\\ValidatePostSize->handle()
#47 /home/wonderparkbd/public_html/vendor/laravel/framework/src/Illuminate/Foundation/Http/Middleware/PreventRequestsDuringMaintenance.php(99): Illuminate\\Pipeline\\Pipeline->{closure:{closure:Illuminate\\Pipeline\\Pipeline::carry():158}:159}()
#48 /home/wonderparkbd/public_html/vendor/laravel/framework/src/Illuminate/Pipeline/Pipeline.php(183): Illuminate\\Foundation\\Http\\Middleware\\PreventRequestsDuringMaintenance->handle()
#49 /home/wonderparkbd/public_html/vendor/laravel/framework/src/Illuminate/Http/Middleware/HandleCors.php(49): Illuminate\\Pipeline\\Pipeline->{closure:{closure:Illuminate\\Pipeline\\Pipeline::carry():158}:159}()
#50 /home/wonderparkbd/public_html/vendor/laravel/framework/src/Illuminate/Pipeline/Pipeline.php(183): Illuminate\\Http\\Middleware\\HandleCors->handle()
#51 /home/wonderparkbd/public_html/vendor/laravel/framework/src/Illuminate/Http/Middleware/TrustProxies.php(39): Illuminate\\Pipeline\\Pipeline->{closure:{closure:Illuminate\\Pipeline\\Pipeline::carry():158}:159}()
#52 /home/wonderparkbd/public_html/vendor/laravel/framework/src/Illuminate/Pipeline/Pipeline.php(183): Illuminate\\Http\\Middleware\\TrustProxies->handle()
#53 /home/wonderparkbd/public_html/vendor/laravel/framework/src/Illuminate/Pipeline/Pipeline.php(119): Illuminate\\Pipeline\\Pipeline->{closure:{closure:Illuminate\\Pipeline\\Pipeline::carry():158}:159}()
#54 /home/wonderparkbd/public_html/vendor/laravel/framework/src/Illuminate/Foundation/Http/Kernel.php(175): Illuminate\\Pipeline\\Pipeline->then()
#55 /home/wonderparkbd/public_html/vendor/laravel/framework/src/Illuminate/Foundation/Http/Kernel.php(144): Illuminate\\Foundation\\Http\\Kernel->sendRequestThroughRouter()
#56 /home/wonderparkbd/public_html/public/index.php(51): Illuminate\\Foundation\\Http\\Kernel->handle()
#57 {main}

[previous exception] [object] (ErrorException(code: 0): Attempt to read property \"image\" on null at /home/wonderparkbd/public_html/storage/framework/views/05ba2f8d6b8577e49f382ec6c960210b.php:43)
[stacktrace]
#0 /home/wonderparkbd/public_html/vendor/laravel/framework/src/Illuminate/Foundation/Bootstrap/HandleExceptions.php(255): Illuminate\\Foundation\\Bootstrap\\HandleExceptions->handleError()
#1 /home/wonderparkbd/public_html/storage/framework/views/05ba2f8d6b8577e49f382ec6c960210b.php(43): Illuminate\\Foundation\\Bootstrap\\HandleExceptions->{closure:Illuminate\\Foundation\\Bootstrap\\HandleExceptions::forwardsTo():254}()
#2 /home/wonderparkbd/public_html/vendor/laravel/framework/src/Illuminate/Filesystem/Filesystem.php(123): require('/home/wonderpar...')
#3 /home/wonderparkbd/public_html/vendor/laravel/framework/src/Illuminate/Filesystem/Filesystem.php(124): Illuminate\\Filesystem\\Filesystem::{closure:Illuminate\\Filesystem\\Filesystem::getRequire():120}()
#4 /home/wonderparkbd/public_html/vendor/laravel/framework/src/Illuminate/View/Engines/PhpEngine.php(58): Illuminate\\Filesystem\\Filesystem->getRequire()
#5 /home/wonderparkbd/public_html/vendor/livewire/livewire/src/ComponentConcerns/RendersLivewireComponents.php(69): Illuminate\\View\\Engines\\PhpEngine->evaluatePath()
#6 /home/wonderparkbd/public_html/vendor/laravel/framework/src/Illuminate/View/Engines/CompilerEngine.php(72): Livewire\\LivewireViewCompilerEngine->evaluatePath()
#7 /home/wonderparkbd/public_html/vendor/livewire/livewire/src/ComponentConcerns/RendersLivewireComponents.php(35): Illuminate\\View\\Engines\\CompilerEngine->get()
#8 /home/wonderparkbd/public_html/vendor/laravel/framework/src/Illuminate/View/View.php(207): Livewire\\LivewireViewCompilerEngine->get()
#9 /home/wonderparkbd/public_html/vendor/laravel/framework/src/Illuminate/View/View.php(190): Illuminate\\View\\View->getContents()
#10 /home/wonderparkbd/public_html/vendor/laravel/framework/src/Illuminate/View/View.php(159): Illuminate\\View\\View->renderContents()
#11 /home/wonderparkbd/public_html/vendor/laravel/framework/src/Illuminate/Http/Response.php(69): Illuminate\\View\\View->render()
#12 /home/wonderparkbd/public_html/vendor/laravel/framework/src/Illuminate/Http/Response.php(35): Illuminate\\Http\\Response->setContent()
#13 /home/wonderparkbd/public_html/vendor/laravel/framework/src/Illuminate/Routing/Router.php(918): Illuminate\\Http\\Response->__construct()
#14 /home/wonderparkbd/public_html/vendor/laravel/framework/src/Illuminate/Routing/Router.php(885): Illuminate\\Routing\\Router::toResponse()
#15 /home/wonderparkbd/public_html/vendor/laravel/framework/src/Illuminate/Routing/Router.php(805): Illuminate\\Routing\\Router->prepareResponse()
#16 /home/wonderparkbd/public_html/vendor/laravel/framework/src/Illuminate/Pipeline/Pipeline.php(144): Illuminate\\Routing\\Router->{closure:Illuminate\\Routing\\Router::runRouteWithinStack():805}()
#17 /home/wonderparkbd/public_html/app/Http/Middleware/SetLocale.php(18): Illuminate\\Pipeline\\Pipeline->{closure:Illuminate\\Pipeline\\Pipeline::prepareDestination():142}()
#18 /home/wonderparkbd/public_html/vendor/laravel/framework/src/Illuminate/Pipeline/Pipeline.php(183): App\\Http\\Middleware\\SetLocale->handle()
#19 /home/wonderparkbd/public_html/vendor/laravel/framework/src/Illuminate/Routing/Middleware/SubstituteBindings.php(50): Illuminate\\Pipeline\\Pipeline->{closure:{closure:Illuminate\\Pipeline\\Pipeline::carry():158}:159}()
#20 /home/wonderparkbd/public_html/vendor/laravel/framework/src/Illuminate/Pipeline/Pipeline.php(183): Illuminate\\Routing\\Middleware\\SubstituteBindings->handle()
#21 /home/wonderparkbd/public_html/vendor/laravel/framework/src/Illuminate/Foundation/Http/Middleware/VerifyCsrfToken.php(78): Illuminate\\Pipeline\\Pipeline->{closure:{closure:Illuminate\\Pipeline\\Pipeline::carry():158}:159}()
#22 /home/wonderparkbd/public_html/vendor/laravel/framework/src/Illuminate/Pipeline/Pipeline.php(183): Illuminate\\Foundation\\Http\\Middleware\\VerifyCsrfToken->handle()
#23 /home/wonderparkbd/public_html/vendor/laravel/framework/src/Illuminate/View/Middleware/ShareErrorsFromSession.php(49): Illuminate\\Pipeline\\Pipeline->{closure:{closure:Illuminate\\Pipeline\\Pipeline::carry():158}:159}()
#24 /home/wonderparkbd/public_html/vendor/laravel/framework/src/Illuminate/Pipeline/Pipeline.php(183): Illuminate\\View\\Middleware\\ShareErrorsFromSession->handle()
#25 /home/wonderparkbd/public_html/vendor/laravel/framework/src/Illuminate/Session/Middleware/StartSession.php(121): Illuminate\\Pipeline\\Pipeline->{closure:{closure:Illuminate\\Pipeline\\Pipeline::carry():158}:159}()
#26 /home/wonderparkbd/public_html/vendor/laravel/framework/src/Illuminate/Session/Middleware/StartSession.php(64): Illuminate\\Session\\Middleware\\StartSession->handleStatefulRequest()
#27 /home/wonderparkbd/public_html/vendor/laravel/framework/src/Illuminate/Pipeline/Pipeline.php(183): Illuminate\\Session\\Middleware\\StartSession->handle()
#28 /home/wonderparkbd/public_html/vendor/laravel/framework/src/Illuminate/Cookie/Middleware/AddQueuedCookiesToResponse.php(37): Illuminate\\Pipeline\\Pipeline->{closure:{closure:Illuminate\\Pipeline\\Pipeline::carry():158}:159}()
#29 /home/wonderparkbd/public_html/vendor/laravel/framework/src/Illuminate/Pipeline/Pipeline.php(183): Illuminate\\Cookie\\Middleware\\AddQueuedCookiesToResponse->handle()
#30 /home/wonderparkbd/public_html/vendor/laravel/framework/src/Illuminate/Cookie/Middleware/EncryptCookies.php(67): Illuminate\\Pipeline\\Pipeline->{closure:{closure:Illuminate\\Pipeline\\Pipeline::carry():158}:159}()
#31 /home/wonderparkbd/public_html/vendor/laravel/framework/src/Illuminate/Pipeline/Pipeline.php(183): Illuminate\\Cookie\\Middleware\\EncryptCookies->handle()
#32 /home/wonderparkbd/public_html/vendor/laravel/framework/src/Illuminate/Pipeline/Pipeline.php(119): Illuminate\\Pipeline\\Pipeline->{closure:{closure:Illuminate\\Pipeline\\Pipeline::carry():158}:159}()
#33 /home/wonderparkbd/public_html/vendor/laravel/framework/src/Illuminate/Routing/Router.php(805): Illuminate\\Pipeline\\Pipeline->then()
#34 /home/wonderparkbd/public_html/vendor/laravel/framework/src/Illuminate/Routing/Router.php(784): Illuminate\\Routing\\Router->runRouteWithinStack()
#35 /home/wonderparkbd/public_html/vendor/laravel/framework/src/Illuminate/Routing/Router.php(748): Illuminate\\Routing\\Router->runRoute()
#36 /home/wonderparkbd/public_html/vendor/laravel/framework/src/Illuminate/Routing/Router.php(737): Illuminate\\Routing\\Router->dispatchToRoute()
#37 /home/wonderparkbd/public_html/vendor/laravel/framework/src/Illuminate/Foundation/Http/Kernel.php(200): Illuminate\\Routing\\Router->dispatch()
#38 /home/wonderparkbd/public_html/vendor/laravel/framework/src/Illuminate/Pipeline/Pipeline.php(144): Illuminate\\Foundation\\Http\\Kernel->{closure:Illuminate\\Foundation\\Http\\Kernel::dispatchToRouter():197}()
#39 /home/wonderparkbd/public_html/vendor/livewire/livewire/src/DisableBrowserCache.php(19): Illuminate\\Pipeline\\Pipeline->{closure:Illuminate\\Pipeline\\Pipeline::prepareDestination():142}()
#40 /home/wonderparkbd/public_html/vendor/laravel/framework/src/Illuminate/Pipeline/Pipeline.php(183): Livewire\\DisableBrowserCache->handle()
#41 /home/wonderparkbd/public_html/vendor/laravel/framework/src/Illuminate/Foundation/Http/Middleware/TransformsRequest.php(21): Illuminate\\Pipeline\\Pipeline->{closure:{closure:Illuminate\\Pipeline\\Pipeline::carry():158}:159}()
#42 /home/wonderparkbd/public_html/vendor/laravel/framework/src/Illuminate/Foundation/Http/Middleware/ConvertEmptyStringsToNull.php(31): Illuminate\\Foundation\\Http\\Middleware\\TransformsRequest->handle()
#43 /home/wonderparkbd/public_html/vendor/laravel/framework/src/Illuminate/Pipeline/Pipeline.php(183): Illuminate\\Foundation\\Http\\Middleware\\ConvertEmptyStringsToNull->handle()
#44 /home/wonderparkbd/public_html/vendor/laravel/framework/src/Illuminate/Foundation/Http/Middleware/TransformsRequest.php(21): Illuminate\\Pipeline\\Pipeline->{closure:{closure:Illuminate\\Pipeline\\Pipeline::carry():158}:159}()
#45 /home/wonderparkbd/public_html/vendor/laravel/framework/src/Illuminate/Foundation/Http/Middleware/TrimStrings.php(40): Illuminate\\Foundation\\Http\\Middleware\\TransformsRequest->handle()
#46 /home/wonderparkbd/public_html/vendor/laravel/framework/src/Illuminate/Pipeline/Pipeline.php(183): Illuminate\\Foundation\\Http\\Middleware\\TrimStrings->handle()
#47 /home/wonderparkbd/public_html/vendor/laravel/framework/src/Illuminate/Foundation/Http/Middleware/ValidatePostSize.php(27): Illuminate\\Pipeline\\Pipeline->{closure:{closure:Illuminate\\Pipeline\\Pipeline::carry():158}:159}()
#48 /home/wonderparkbd/public_html/vendor/laravel/framework/src/Illuminate/Pipeline/Pipeline.php(183): Illuminate\\Foundation\\Http\\Middleware\\ValidatePostSize->handle()
#49 /home/wonderparkbd/public_html/vendor/laravel/framework/src/Illuminate/Foundation/Http/Middleware/PreventRequestsDuringMaintenance.php(99): Illuminate\\Pipeline\\Pipeline->{closure:{closure:Illuminate\\Pipeline\\Pipeline::carry():158}:159}()
#50 /home/wonderparkbd/public_html/vendor/laravel/framework/src/Illuminate/Pipeline/Pipeline.php(183): Illuminate\\Foundation\\Http\\Middleware\\PreventRequestsDuringMaintenance->handle()
#51 /home/wonderparkbd/public_html/vendor/laravel/framework/src/Illuminate/Http/Middleware/HandleCors.php(49): Illuminate\\Pipeline\\Pipeline->{closure:{closure:Illuminate\\Pipeline\\Pipeline::carry():158}:159}()
#52 /home/wonderparkbd/public_html/vendor/laravel/framework/src/Illuminate/Pipeline/Pipeline.php(183): Illuminate\\Http\\Middleware\\HandleCors->handle()
#53 /home/wonderparkbd/public_html/vendor/laravel/framework/src/Illuminate/Http/Middleware/TrustProxies.php(39): Illuminate\\Pipeline\\Pipeline->{closure:{closure:Illuminate\\Pipeline\\Pipeline::carry():158}:159}()
#54 /home/wonderparkbd/public_html/vendor/laravel/framework/src/Illuminate/Pipeline/Pipeline.php(183): Illuminate\\Http\\Middleware\\TrustProxies->handle()
#55 /home/wonderparkbd/public_html/vendor/laravel/framework/src/Illuminate/Pipeline/Pipeline.php(119): Illuminate\\Pipeline\\Pipeline->{closure:{closure:Illuminate\\Pipeline\\Pipeline::carry():158}:159}()
#56 /home/wonderparkbd/public_html/vendor/laravel/framework/src/Illuminate/Foundation/Http/Kernel.php(175): Illuminate\\Pipeline\\Pipeline->then()
#57 /home/wonderparkbd/public_html/vendor/laravel/framework/src/Illuminate/Foundation/Http/Kernel.php(144): Illuminate\\Foundation\\Http\\Kernel->sendRequestThroughRouter()
#58 /home/wonderparkbd/public_html/public/index.php(51): Illuminate\\Foundation\\Http\\Kernel->handle()
#59 {main}
"} 
[2026-07-18 13:19:22] production.ERROR: Attempt to read property "spot_detail" on null {"view":{"view":"/home/wonderparkbd/public_html/resources/views/pages/frontend/spot_details.blade.php","data":[]},"exception":"[object] (Spatie\\LaravelIgnition\\Exceptions\\ViewException(code: 0): Attempt to read property \"spot_detail\" on null at /home/wonderparkbd/public_html/resources/views/pages/frontend/spot_details.blade.php:91)
[stacktrace]
#0 /home/wonderparkbd/public_html/vendor/laravel/framework/src/Illuminate/Filesystem/Filesystem.php(123): require('/home/wonderpar...')
#1 /home/wonderparkbd/public_html/vendor/laravel/framework/src/Illuminate/Filesystem/Filesystem.php(124): Illuminate\\Filesystem\\Filesystem::{closure:Illuminate\\Filesystem\\Filesystem::getRequire():120}()
#2 /home/wonderparkbd/public_html/vendor/laravel/framework/src/Illuminate/View/Engines/PhpEngine.php(58): Illuminate\\Filesystem\\Filesystem->getRequire()
#3 /home/wonderparkbd/public_html/vendor/livewire/livewire/src/ComponentConcerns/RendersLivewireComponents.php(69): Illuminate\\View\\Engines\\PhpEngine->evaluatePath()
#4 /home/wonderparkbd/public_html/vendor/laravel/framework/src/Illuminate/View/Engines/CompilerEngine.php(72): Livewire\\LivewireViewCompilerEngine->evaluatePath()
#5 /home/wonderparkbd/public_html/vendor/livewire/livewire/src/ComponentConcerns/RendersLivewireComponents.php(35): Illuminate\\View\\Engines\\CompilerEngine->get()
#6 /home/wonderparkbd/public_html/vendor/laravel/framework/src/Illuminate/View/View.php(207): Livewire\\LivewireViewCompilerEngine->get()
#7 /home/wonderparkbd/public_html/vendor/laravel/framework/src/Illuminate/View/View.php(190): Illuminate\\View\\View->getContents()
#8 /home/wonderparkbd/public_html/vendor/laravel/framework/src/Illuminate/View/View.php(159): Illuminate\\View\\View->renderContents()
#9 /home/wonderparkbd/public_html/vendor/laravel/framework/src/Illuminate/Http/Response.php(69): Illuminate\\View\\View->render()
#10 /home/wonderparkbd/public_html/vendor/laravel/framework/src/Illuminate/Http/Response.php(35): Illuminate\\Http\\Response->setContent()
#11 /home/wonderparkbd/public_html/vendor/laravel/framework/src/Illuminate/Routing/Router.php(918): Illuminate\\Http\\Response->__construct()
#12 /home/wonderparkbd/public_html/vendor/laravel/framework/src/Illuminate/Routing/Router.php(885): Illuminate\\Routing\\Router::toResponse()
#13 /home/wonderparkbd/public_html/vendor/laravel/framework/src/Illuminate/Routing/Router.php(805): Illuminate\\Routing\\Router->prepareResponse()
#14 /home/wonderparkbd/public_html/vendor/laravel/framework/src/Illuminate/Pipeline/Pipeline.php(144): Illuminate\\Routing\\Router->{closure:Illuminate\\Routing\\Router::runRouteWithinStack():805}()
#15 /home/wonderparkbd/public_html/app/Http/Middleware/SetLocale.php(18): Illuminate\\Pipeline\\Pipeline->{closure:Illuminate\\Pipeline\\Pipeline::prepareDestination():142}()
#16 /home/wonderparkbd/public_html/vendor/laravel/framework/src/Illuminate/Pipeline/Pipeline.php(183): App\\Http\\Middleware\\SetLocale->handle()
#17 /home/wonderparkbd/public_html/vendor/laravel/framework/src/Illuminate/Routing/Middleware/SubstituteBindings.php(50): Illuminate\\Pipeline\\Pipeline->{closure:{closure:Illuminate\\Pipeline\\Pipeline::carry():158}:159}()
#18 /home/wonderparkbd/public_html/vendor/laravel/framework/src/Illuminate/Pipeline/Pipeline.php(183): Illuminate\\Routing\\Middleware\\SubstituteBindings->handle()
#19 /home/wonderparkbd/public_html/vendor/laravel/framework/src/Illuminate/Foundation/Http/Middleware/VerifyCsrfToken.php(78): Illuminate\\Pipeline\\Pipeline->{closure:{closure:Illuminate\\Pipeline\\Pipeline::carry():158}:159}()
#20 /home/wonderparkbd/public_html/vendor/laravel/framework/src/Illuminate/Pipeline/Pipeline.php(183): Illuminate\\Foundation\\Http\\Middleware\\VerifyCsrfToken->handle()
#21 /home/wonderparkbd/public_html/vendor/laravel/framework/src/Illuminate/View/Middleware/ShareErrorsFromSession.php(49): Illuminate\\Pipeline\\Pipeline->{closure:{closure:Illuminate\\Pipeline\\Pipeline::carry():158}:159}()
#22 /home/wonderparkbd/public_html/vendor/laravel/framework/src/Illuminate/Pipeline/Pipeline.php(183): Illuminate\\View\\Middleware\\ShareErrorsFromSession->handle()
#23 /home/wonderparkbd/public_html/vendor/laravel/framework/src/Illuminate/Session/Middleware/StartSession.php(121): Illuminate\\Pipeline\\Pipeline->{closure:{closure:Illuminate\\Pipeline\\Pipeline::carry():158}:159}()
#24 /home/wonderparkbd/public_html/vendor/laravel/framework/src/Illuminate/Session/Middleware/StartSession.php(64): Illuminate\\Session\\Middleware\\StartSession->handleStatefulRequest()
#25 /home/wonderparkbd/public_html/vendor/laravel/framework/src/Illuminate/Pipeline/Pipeline.php(183): Illuminate\\Session\\Middleware\\StartSession->handle()
#26 /home/wonderparkbd/public_html/vendor/laravel/framework/src/Illuminate/Cookie/Middleware/AddQueuedCookiesToResponse.php(37): Illuminate\\Pipeline\\Pipeline->{closure:{closure:Illuminate\\Pipeline\\Pipeline::carry():158}:159}()
#27 /home/wonderparkbd/public_html/vendor/laravel/framework/src/Illuminate/Pipeline/Pipeline.php(183): Illuminate\\Cookie\\Middleware\\AddQueuedCookiesToResponse->handle()
#28 /home/wonderparkbd/public_html/vendor/laravel/framework/src/Illuminate/Cookie/Middleware/EncryptCookies.php(67): Illuminate\\Pipeline\\Pipeline->{closure:{closure:Illuminate\\Pipeline\\Pipeline::carry():158}:159}()
#29 /home/wonderparkbd/public_html/vendor/laravel/framework/src/Illuminate/Pipeline/Pipeline.php(183): Illuminate\\Cookie\\Middleware\\EncryptCookies->handle()
#30 /home/wonderparkbd/public_html/vendor/laravel/framework/src/Illuminate/Pipeline/Pipeline.php(119): Illuminate\\Pipeline\\Pipeline->{closure:{closure:Illuminate\\Pipeline\\Pipeline::carry():158}:159}()
#31 /home/wonderparkbd/public_html/vendor/laravel/framework/src/Illuminate/Routing/Router.php(805): Illuminate\\Pipeline\\Pipeline->then()
#32 /home/wonderparkbd/public_html/vendor/laravel/framework/src/Illuminate/Routing/Router.php(784): Illuminate\\Routing\\Router->runRouteWithinStack()
#33 /home/wonderparkbd/public_html/vendor/laravel/framework/src/Illuminate/Routing/Router.php(748): Illuminate\\Routing\\Router->runRoute()
#34 /home/wonderparkbd/public_html/vendor/laravel/framework/src/Illuminate/Routing/Router.php(737): Illuminate\\Routing\\Router->dispatchToRoute()
#35 /home/wonderparkbd/public_html/vendor/laravel/framework/src/Illuminate/Foundation/Http/Kernel.php(200): Illuminate\\Routing\\Router->dispatch()
#36 /home/wonderparkbd/public_html/vendor/laravel/framework/src/Illuminate/Pipeline/Pipeline.php(144): Illuminate\\Foundation\\Http\\Kernel->{closure:Illuminate\\Foundation\\Http\\Kernel::dispatchToRouter():197}()
#37 /home/wonderparkbd/public_html/vendor/livewire/livewire/src/DisableBrowserCache.php(19): Illuminate\\Pipeline\\Pipeline->{closure:Illuminate\\Pipeline\\Pipeline::prepareDestination():142}()
#38 /home/wonderparkbd/public_html/vendor/laravel/framework/src/Illuminate/Pipeline/Pipeline.php(183): Livewire\\DisableBrowserCache->handle()
#39 /home/wonderparkbd/public_html/vendor/laravel/framework/src/Illuminate/Foundation/Http/Middleware/TransformsRequest.php(21): Illuminate\\Pipeline\\Pipeline->{closure:{closure:Illuminate\\Pipeline\\Pipeline::carry():158}:159}()
#40 /home/wonderparkbd/public_html/vendor/laravel/framework/src/Illuminate/Foundation/Http/Middleware/ConvertEmptyStringsToNull.php(31): Illuminate\\Foundation\\Http\\Middleware\\TransformsRequest->handle()
#41 /home/wonderparkbd/public_html/vendor/laravel/framework/src/Illuminate/Pipeline/Pipeline.php(183): Illuminate\\Foundation\\Http\\Middleware\\ConvertEmptyStringsToNull->handle()
#42 /home/wonderparkbd/public_html/vendor/laravel/framework/src/Illuminate/Foundation/Http/Middleware/TransformsRequest.php(21): Illuminate\\Pipeline\\Pipeline->{closure:{closure:Illuminate\\Pipeline\\Pipeline::carry():158}:159}()
#43 /home/wonderparkbd/public_html/vendor/laravel/framework/src/Illuminate/Foundation/Http/Middleware/TrimStrings.php(40): Illuminate\\Foundation\\Http\\Middleware\\TransformsRequest->handle()
#44 /home/wonderparkbd/public_html/vendor/laravel/framework/src/Illuminate/Pipeline/Pipeline.php(183): Illuminate\\Foundation\\Http\\Middleware\\TrimStrings->handle()
#45 /home/wonderparkbd/public_html/vendor/laravel/framework/src/Illuminate/Foundation/Http/Middleware/ValidatePostSize.php(27): Illuminate\\Pipeline\\Pipeline->{closure:{closure:Illuminate\\Pipeline\\Pipeline::carry():158}:159}()
#46 /home/wonderparkbd/public_html/vendor/laravel/framework/src/Illuminate/Pipeline/Pipeline.php(183): Illuminate\\Foundation\\Http\\Middleware\\ValidatePostSize->handle()
#47 /home/wonderparkbd/public_html/vendor/laravel/framework/src/Illuminate/Foundation/Http/Middleware/PreventRequestsDuringMaintenance.php(99): Illuminate\\Pipeline\\Pipeline->{closure:{closure:Illuminate\\Pipeline\\Pipeline::carry():158}:159}()
#48 /home/wonderparkbd/public_html/vendor/laravel/framework/src/Illuminate/Pipeline/Pipeline.php(183): Illuminate\\Foundation\\Http\\Middleware\\PreventRequestsDuringMaintenance->handle()
#49 /home/wonderparkbd/public_html/vendor/laravel/framework/src/Illuminate/Http/Middleware/HandleCors.php(49): Illuminate\\Pipeline\\Pipeline->{closure:{closure:Illuminate\\Pipeline\\Pipeline::carry():158}:159}()
#50 /home/wonderparkbd/public_html/vendor/laravel/framework/src/Illuminate/Pipeline/Pipeline.php(183): Illuminate\\Http\\Middleware\\HandleCors->handle()
#51 /home/wonderparkbd/public_html/vendor/laravel/framework/src/Illuminate/Http/Middleware/TrustProxies.php(39): Illuminate\\Pipeline\\Pipeline->{closure:{closure:Illuminate\\Pipeline\\Pipeline::carry():158}:159}()
#52 /home/wonderparkbd/public_html/vendor/laravel/framework/src/Illuminate/Pipeline/Pipeline.php(183): Illuminate\\Http\\Middleware\\TrustProxies->handle()
#53 /home/wonderparkbd/public_html/vendor/laravel/framework/src/Illuminate/Pipeline/Pipeline.php(119): Illuminate\\Pipeline\\Pipeline->{closure:{closure:Illuminate\\Pipeline\\Pipeline::carry():158}:159}()
#54 /home/wonderparkbd/public_html/vendor/laravel/framework/src/Illuminate/Foundation/Http/Kernel.php(175): Illuminate\\Pipeline\\Pipeline->then()
#55 /home/wonderparkbd/public_html/vendor/laravel/framework/src/Illuminate/Foundation/Http/Kernel.php(144): Illuminate\\Foundation\\Http\\Kernel->sendRequestThroughRouter()
#56 /home/wonderparkbd/public_html/public/index.php(51): Illuminate\\Foundation\\Http\\Kernel->handle()
#57 {main}

[previous exception] [object] (ErrorException(code: 0): Attempt to read property \"spot_detail\" on null at /home/wonderparkbd/public_html/storage/framework/views/e225f9eb62bb1b9fc0a5c49cfd20de21.php:91)
[stacktrace]
#0 /home/wonderparkbd/public_html/vendor/laravel/framework/src/Illuminate/Foundation/Bootstrap/HandleExceptions.php(255): Illuminate\\Foundation\\Bootstrap\\HandleExceptions->handleError()
#1 /home/wonderparkbd/public_html/storage/framework/views/e225f9eb62bb1b9fc0a5c49cfd20de21.php(91): Illuminate\\Foundation\\Bootstrap\\HandleExceptions->{closure:Illuminate\\Foundation\\Bootstrap\\HandleExceptions::forwardsTo():254}()
#2 /home/wonderparkbd/public_html/vendor/laravel/framework/src/Illuminate/Filesystem/Filesystem.php(123): require('/home/wonderpar...')
#3 /home/wonderparkbd/public_html/vendor/laravel/framework/src/Illuminate/Filesystem/Filesystem.php(124): Illuminate\\Filesystem\\Filesystem::{closure:Illuminate\\Filesystem\\Filesystem::getRequire():120}()
#4 /home/wonderparkbd/public_html/vendor/laravel/framework/src/Illuminate/View/Engines/PhpEngine.php(58): Illuminate\\Filesystem\\Filesystem->getRequire()
#5 /home/wonderparkbd/public_html/vendor/livewire/livewire/src/ComponentConcerns/RendersLivewireComponents.php(69): Illuminate\\View\\Engines\\PhpEngine->evaluatePath()
#6 /home/wonderparkbd/public_html/vendor/laravel/framework/src/Illuminate/View/Engines/CompilerEngine.php(72): Livewire\\LivewireViewCompilerEngine->evaluatePath()
#7 /home/wonderparkbd/public_html/vendor/livewire/livewire/src/ComponentConcerns/RendersLivewireComponents.php(35): Illuminate\\View\\Engines\\CompilerEngine->get()
#8 /home/wonderparkbd/public_html/vendor/laravel/framework/src/Illuminate/View/View.php(207): Livewire\\LivewireViewCompilerEngine->get()
#9 /home/wonderparkbd/public_html/vendor/laravel/framework/src/Illuminate/View/View.php(190): Illuminate\\View\\View->getContents()
#10 /home/wonderparkbd/public_html/vendor/laravel/framework/src/Illuminate/View/View.php(159): Illuminate\\View\\View->renderContents()
#11 /home/wonderparkbd/public_html/vendor/laravel/framework/src/Illuminate/Http/Response.php(69): Illuminate\\View\\View->render()
#12 /home/wonderparkbd/public_html/vendor/laravel/framework/src/Illuminate/Http/Response.php(35): Illuminate\\Http\\Response->setContent()
#13 /home/wonderparkbd/public_html/vendor/laravel/framework/src/Illuminate/Routing/Router.php(918): Illuminate\\Http\\Response->__construct()
#14 /home/wonderparkbd/public_html/vendor/laravel/framework/src/Illuminate/Routing/Router.php(885): Illuminate\\Routing\\Router::toResponse()
#15 /home/wonderparkbd/public_html/vendor/laravel/framework/src/Illuminate/Routing/Router.php(805): Illuminate\\Routing\\Router->prepareResponse()
#16 /home/wonderparkbd/public_html/vendor/laravel/framework/src/Illuminate/Pipeline/Pipeline.php(144): Illuminate\\Routing\\Router->{closure:Illuminate\\Routing\\Router::runRouteWithinStack():805}()
#17 /home/wonderparkbd/public_html/app/Http/Middleware/SetLocale.php(18): Illuminate\\Pipeline\\Pipeline->{closure:Illuminate\\Pipeline\\Pipeline::prepareDestination():142}()
#18 /home/wonderparkbd/public_html/vendor/laravel/framework/src/Illuminate/Pipeline/Pipeline.php(183): App\\Http\\Middleware\\SetLocale->handle()
#19 /home/wonderparkbd/public_html/vendor/laravel/framework/src/Illuminate/Routing/Middleware/SubstituteBindings.php(50): Illuminate\\Pipeline\\Pipeline->{closure:{closure:Illuminate\\Pipeline\\Pipeline::carry():158}:159}()
#20 /home/wonderparkbd/public_html/vendor/laravel/framework/src/Illuminate/Pipeline/Pipeline.php(183): Illuminate\\Routing\\Middleware\\SubstituteBindings->handle()
#21 /home/wonderparkbd/public_html/vendor/laravel/framework/src/Illuminate/Foundation/Http/Middleware/VerifyCsrfToken.php(78): Illuminate\\Pipeline\\Pipeline->{closure:{closure:Illuminate\\Pipeline\\Pipeline::carry():158}:159}()
#22 /home/wonderparkbd/public_html/vendor/laravel/framework/src/Illuminate/Pipeline/Pipeline.php(183): Illuminate\\Foundation\\Http\\Middleware\\VerifyCsrfToken->handle()
#23 /home/wonderparkbd/public_html/vendor/laravel/framework/src/Illuminate/View/Middleware/ShareErrorsFromSession.php(49): Illuminate\\Pipeline\\Pipeline->{closure:{closure:Illuminate\\Pipeline\\Pipeline::carry():158}:159}()
#24 /home/wonderparkbd/public_html/vendor/laravel/framework/src/Illuminate/Pipeline/Pipeline.php(183): Illuminate\\View\\Middleware\\ShareErrorsFromSession->handle()
#25 /home/wonderparkbd/public_html/vendor/laravel/framework/src/Illuminate/Session/Middleware/StartSession.php(121): Illuminate\\Pipeline\\Pipeline->{closure:{closure:Illuminate\\Pipeline\\Pipeline::carry():158}:159}()
#26 /home/wonderparkbd/public_html/vendor/laravel/framework/src/Illuminate/Session/Middleware/StartSession.php(64): Illuminate\\Session\\Middleware\\StartSession->handleStatefulRequest()
#27 /home/wonderparkbd/public_html/vendor/laravel/framework/src/Illuminate/Pipeline/Pipeline.php(183): Illuminate\\Session\\Middleware\\StartSession->handle()
#28 /home/wonderparkbd/public_html/vendor/laravel/framework/src/Illuminate/Cookie/Middleware/AddQueuedCookiesToResponse.php(37): Illuminate\\Pipeline\\Pipeline->{closure:{closure:Illuminate\\Pipeline\\Pipeline::carry():158}:159}()
#29 /home/wonderparkbd/public_html/vendor/laravel/framework/src/Illuminate/Pipeline/Pipeline.php(183): Illuminate\\Cookie\\Middleware\\AddQueuedCookiesToResponse->handle()
#30 /home/wonderparkbd/public_html/vendor/laravel/framework/src/Illuminate/Cookie/Middleware/EncryptCookies.php(67): Illuminate\\Pipeline\\Pipeline->{closure:{closure:Illuminate\\Pipeline\\Pipeline::carry():158}:159}()
#31 /home/wonderparkbd/public_html/vendor/laravel/framework/src/Illuminate/Pipeline/Pipeline.php(183): Illuminate\\Cookie\\Middleware\\EncryptCookies->handle()
#32 /home/wonderparkbd/public_html/vendor/laravel/framework/src/Illuminate/Pipeline/Pipeline.php(119): Illuminate\\Pipeline\\Pipeline->{closure:{closure:Illuminate\\Pipeline\\Pipeline::carry():158}:159}()
#33 /home/wonderparkbd/public_html/vendor/laravel/framework/src/Illuminate/Routing/Router.php(805): Illuminate\\Pipeline\\Pipeline->then()
#34 /home/wonderparkbd/public_html/vendor/laravel/framework/src/Illuminate/Routing/Router.php(784): Illuminate\\Routing\\Router->runRouteWithinStack()
#35 /home/wonderparkbd/public_html/vendor/laravel/framework/src/Illuminate/Routing/Router.php(748): Illuminate\\Routing\\Router->runRoute()
#36 /home/wonderparkbd/public_html/vendor/laravel/framework/src/Illuminate/Routing/Router.php(737): Illuminate\\Routing\\Router->dispatchToRoute()
#37 /home/wonderparkbd/public_html/vendor/laravel/framework/src/Illuminate/Foundation/Http/Kernel.php(200): Illuminate\\Routing\\Router->dispatch()
#38 /home/wonderparkbd/public_html/vendor/laravel/framework/src/Illuminate/Pipeline/Pipeline.php(144): Illuminate\\Foundation\\Http\\Kernel->{closure:Illuminate\\Foundation\\Http\\Kernel::dispatchToRouter():197}()
#39 /home/wonderparkbd/public_html/vendor/livewire/livewire/src/DisableBrowserCache.php(19): Illuminate\\Pipeline\\Pipeline->{closure:Illuminate\\Pipeline\\Pipeline::prepareDestination():142}()
#40 /home/wonderparkbd/public_html/vendor/laravel/framework/src/Illuminate/Pipeline/Pipeline.php(183): Livewire\\DisableBrowserCache->handle()
#41 /home/wonderparkbd/public_html/vendor/laravel/framework/src/Illuminate/Foundation/Http/Middleware/TransformsRequest.php(21): Illuminate\\Pipeline\\Pipeline->{closure:{closure:Illuminate\\Pipeline\\Pipeline::carry():158}:159}()
#42 /home/wonderparkbd/public_html/vendor/laravel/framework/src/Illuminate/Foundation/Http/Middleware/ConvertEmptyStringsToNull.php(31): Illuminate\\Foundation\\Http\\Middleware\\TransformsRequest->handle()
#43 /home/wonderparkbd/public_html/vendor/laravel/framework/src/Illuminate/Pipeline/Pipeline.php(183): Illuminate\\Foundation\\Http\\Middleware\\ConvertEmptyStringsToNull->handle()
#44 /home/wonderparkbd/public_html/vendor/laravel/framework/src/Illuminate/Foundation/Http/Middleware/TransformsRequest.php(21): Illuminate\\Pipeline\\Pipeline->{closure:{closure:Illuminate\\Pipeline\\Pipeline::carry():158}:159}()
#45 /home/wonderparkbd/public_html/vendor/laravel/framework/src/Illuminate/Foundation/Http/Middleware/TrimStrings.php(40): Illuminate\\Foundation\\Http\\Middleware\\TransformsRequest->handle()
#46 /home/wonderparkbd/public_html/vendor/laravel/framework/src/Illuminate/Pipeline/Pipeline.php(183): Illuminate\\Foundation\\Http\\Middleware\\TrimStrings->handle()
#47 /home/wonderparkbd/public_html/vendor/laravel/framework/src/Illuminate/Foundation/Http/Middleware/ValidatePostSize.php(27): Illuminate\\Pipeline\\Pipeline->{closure:{closure:Illuminate\\Pipeline\\Pipeline::carry():158}:159}()
#48 /home/wonderparkbd/public_html/vendor/laravel/framework/src/Illuminate/Pipeline/Pipeline.php(183): Illuminate\\Foundation\\Http\\Middleware\\ValidatePostSize->handle()
#49 /home/wonderparkbd/public_html/vendor/laravel/framework/src/Illuminate/Foundation/Http/Middleware/PreventRequestsDuringMaintenance.php(99): Illuminate\\Pipeline\\Pipeline->{closure:{closure:Illuminate\\Pipeline\\Pipeline::carry():158}:159}()
#50 /home/wonderparkbd/public_html/vendor/laravel/framework/src/Illuminate/Pipeline/Pipeline.php(183): Illuminate\\Foundation\\Http\\Middleware\\PreventRequestsDuringMaintenance->handle()
#51 /home/wonderparkbd/public_html/vendor/laravel/framework/src/Illuminate/Http/Middleware/HandleCors.php(49): Illuminate\\Pipeline\\Pipeline->{closure:{closure:Illuminate\\Pipeline\\Pipeline::carry():158}:159}()
#52 /home/wonderparkbd/public_html/vendor/laravel/framework/src/Illuminate/Pipeline/Pipeline.php(183): Illuminate\\Http\\Middleware\\HandleCors->handle()
#53 /home/wonderparkbd/public_html/vendor/laravel/framework/src/Illuminate/Http/Middleware/TrustProxies.php(39): Illuminate\\Pipeline\\Pipeline->{closure:{closure:Illuminate\\Pipeline\\Pipeline::carry():158}:159}()
#54 /home/wonderparkbd/public_html/vendor/laravel/framework/src/Illuminate/Pipeline/Pipeline.php(183): Illuminate\\Http\\Middleware\\TrustProxies->handle()
#55 /home/wonderparkbd/public_html/vendor/laravel/framework/src/Illuminate/Pipeline/Pipeline.php(119): Illuminate\\Pipeline\\Pipeline->{closure:{closure:Illuminate\\Pipeline\\Pipeline::carry():158}:159}()
#56 /home/wonderparkbd/public_html/vendor/laravel/framework/src/Illuminate/Foundation/Http/Kernel.php(175): Illuminate\\Pipeline\\Pipeline->then()
#57 /home/wonderparkbd/public_html/vendor/laravel/framework/src/Illuminate/Foundation/Http/Kernel.php(144): Illuminate\\Foundation\\Http\\Kernel->sendRequestThroughRouter()
#58 /home/wonderparkbd/public_html/public/index.php(51): Illuminate\\Foundation\\Http\\Kernel->handle()
#59 {main}
"} 
[2026-07-18 13:19:34] production.ERROR: Attempt to read property "spot_detail" on null {"view":{"view":"/home/wonderparkbd/public_html/resources/views/pages/frontend/spot_details.blade.php","data":[]},"exception":"[object] (Spatie\\LaravelIgnition\\Exceptions\\ViewException(code: 0): Attempt to read property \"spot_detail\" on null at /home/wonderparkbd/public_html/resources/views/pages/frontend/spot_details.blade.php:91)
[stacktrace]
#0 /home/wonderparkbd/public_html/vendor/laravel/framework/src/Illuminate/Filesystem/Filesystem.php(123): require('/home/wonderpar...')
#1 /home/wonderparkbd/public_html/vendor/laravel/framework/src/Illuminate/Filesystem/Filesystem.php(124): Illuminate\\Filesystem\\Filesystem::{closure:Illuminate\\Filesystem\\Filesystem::getRequire():120}()
#2 /home/wonderparkbd/public_html/vendor/laravel/framework/src/Illuminate/View/Engines/PhpEngine.php(58): Illuminate\\Filesystem\\Filesystem->getRequire()
#3 /home/wonderparkbd/public_html/vendor/livewire/livewire/src/ComponentConcerns/RendersLivewireComponents.php(69): Illuminate\\View\\Engines\\PhpEngine->evaluatePath()
#4 /home/wonderparkbd/public_html/vendor/laravel/framework/src/Illuminate/View/Engines/CompilerEngine.php(72): Livewire\\LivewireViewCompilerEngine->evaluatePath()
#5 /home/wonderparkbd/public_html/vendor/livewire/livewire/src/ComponentConcerns/RendersLivewireComponents.php(35): Illuminate\\View\\Engines\\CompilerEngine->get()
#6 /home/wonderparkbd/public_html/vendor/laravel/framework/src/Illuminate/View/View.php(207): Livewire\\LivewireViewCompilerEngine->get()
#7 /home/wonderparkbd/public_html/vendor/laravel/framework/src/Illuminate/View/View.php(190): Illuminate\\View\\View->getContents()
#8 /home/wonderparkbd/public_html/vendor/laravel/framework/src/Illuminate/View/View.php(159): Illuminate\\View\\View->renderContents()
#9 /home/wonderparkbd/public_html/vendor/laravel/framework/src/Illuminate/Http/Response.php(69): Illuminate\\View\\View->render()
#10 /home/wonderparkbd/public_html/vendor/laravel/framework/src/Illuminate/Http/Response.php(35): Illuminate\\Http\\Response->setContent()
#11 /home/wonderparkbd/public_html/vendor/laravel/framework/src/Illuminate/Routing/Router.php(918): Illuminate\\Http\\Response->__construct()
#12 /home/wonderparkbd/public_html/vendor/laravel/framework/src/Illuminate/Routing/Router.php(885): Illuminate\\Routing\\Router::toResponse()
#13 /home/wonderparkbd/public_html/vendor/laravel/framework/src/Illuminate/Routing/Router.php(805): Illuminate\\Routing\\Router->prepareResponse()
#14 /home/wonderparkbd/public_html/vendor/laravel/framework/src/Illuminate/Pipeline/Pipeline.php(144): Illuminate\\Routing\\Router->{closure:Illuminate\\Routing\\Router::runRouteWithinStack():805}()
#15 /home/wonderparkbd/public_html/app/Http/Middleware/SetLocale.php(18): Illuminate\\Pipeline\\Pipeline->{closure:Illuminate\\Pipeline\\Pipeline::prepareDestination():142}()
#16 /home/wonderparkbd/public_html/vendor/laravel/framework/src/Illuminate/Pipeline/Pipeline.php(183): App\\Http\\Middleware\\SetLocale->handle()
#17 /home/wonderparkbd/public_html/vendor/laravel/framework/src/Illuminate/Routing/Middleware/SubstituteBindings.php(50): Illuminate\\Pipeline\\Pipeline->{closure:{closure:Illuminate\\Pipeline\\Pipeline::carry():158}:159}()
#18 /home/wonderparkbd/public_html/vendor/laravel/framework/src/Illuminate/Pipeline/Pipeline.php(183): Illuminate\\Routing\\Middleware\\SubstituteBindings->handle()
#19 /home/wonderparkbd/public_html/vendor/laravel/framework/src/Illuminate/Foundation/Http/Middleware/VerifyCsrfToken.php(78): Illuminate\\Pipeline\\Pipeline->{closure:{closure:Illuminate\\Pipeline\\Pipeline::carry():158}:159}()
#20 /home/wonderparkbd/public_html/vendor/laravel/framework/src/Illuminate/Pipeline/Pipeline.php(183): Illuminate\\Foundation\\Http\\Middleware\\VerifyCsrfToken->handle()
#21 /home/wonderparkbd/public_html/vendor/laravel/framework/src/Illuminate/View/Middleware/ShareErrorsFromSession.php(49): Illuminate\\Pipeline\\Pipeline->{closure:{closure:Illuminate\\Pipeline\\Pipeline::carry():158}:159}()
#22 /home/wonderparkbd/public_html/vendor/laravel/framework/src/Illuminate/Pipeline/Pipeline.php(183): Illuminate\\View\\Middleware\\ShareErrorsFromSession->handle()
#23 /home/wonderparkbd/public_html/vendor/laravel/framework/src/Illuminate/Session/Middleware/StartSession.php(121): Illuminate\\Pipeline\\Pipeline->{closure:{closure:Illuminate\\Pipeline\\Pipeline::carry():158}:159}()
#24 /home/wonderparkbd/public_html/vendor/laravel/framework/src/Illuminate/Session/Middleware/StartSession.php(64): Illuminate\\Session\\Middleware\\StartSession->handleStatefulRequest()
#25 /home/wonderparkbd/public_html/vendor/laravel/framework/src/Illuminate/Pipeline/Pipeline.php(183): Illuminate\\Session\\Middleware\\StartSession->handle()
#26 /home/wonderparkbd/public_html/vendor/laravel/framework/src/Illuminate/Cookie/Middleware/AddQueuedCookiesToResponse.php(37): Illuminate\\Pipeline\\Pipeline->{closure:{closure:Illuminate\\Pipeline\\Pipeline::carry():158}:159}()
#27 /home/wonderparkbd/public_html/vendor/laravel/framework/src/Illuminate/Pipeline/Pipeline.php(183): Illuminate\\Cookie\\Middleware\\AddQueuedCookiesToResponse->handle()
#28 /home/wonderparkbd/public_html/vendor/laravel/framework/src/Illuminate/Cookie/Middleware/EncryptCookies.php(67): Illuminate\\Pipeline\\Pipeline->{closure:{closure:Illuminate\\Pipeline\\Pipeline::carry():158}:159}()
#29 /home/wonderparkbd/public_html/vendor/laravel/framework/src/Illuminate/Pipeline/Pipeline.php(183): Illuminate\\Cookie\\Middleware\\EncryptCookies->handle()
#30 /home/wonderparkbd/public_html/vendor/laravel/framework/src/Illuminate/Pipeline/Pipeline.php(119): Illuminate\\Pipeline\\Pipeline->{closure:{closure:Illuminate\\Pipeline\\Pipeline::carry():158}:159}()
#31 /home/wonderparkbd/public_html/vendor/laravel/framework/src/Illuminate/Routing/Router.php(805): Illuminate\\Pipeline\\Pipeline->then()
#32 /home/wonderparkbd/public_html/vendor/laravel/framework/src/Illuminate/Routing/Router.php(784): Illuminate\\Routing\\Router->runRouteWithinStack()
#33 /home/wonderparkbd/public_html/vendor/laravel/framework/src/Illuminate/Routing/Router.php(748): Illuminate\\Routing\\Router->runRoute()
#34 /home/wonderparkbd/public_html/vendor/laravel/framework/src/Illuminate/Routing/Router.php(737): Illuminate\\Routing\\Router->dispatchToRoute()
#35 /home/wonderparkbd/public_html/vendor/laravel/framework/src/Illuminate/Foundation/Http/Kernel.php(200): Illuminate\\Routing\\Router->dispatch()
#36 /home/wonderparkbd/public_html/vendor/laravel/framework/src/Illuminate/Pipeline/Pipeline.php(144): Illuminate\\Foundation\\Http\\Kernel->{closure:Illuminate\\Foundation\\Http\\Kernel::dispatchToRouter():197}()
#37 /home/wonderparkbd/public_html/vendor/livewire/livewire/src/DisableBrowserCache.php(19): Illuminate\\Pipeline\\Pipeline->{closure:Illuminate\\Pipeline\\Pipeline::prepareDestination():142}()
#38 /home/wonderparkbd/public_html/vendor/laravel/framework/src/Illuminate/Pipeline/Pipeline.php(183): Livewire\\DisableBrowserCache->handle()
#39 /home/wonderparkbd/public_html/vendor/laravel/framework/src/Illuminate/Foundation/Http/Middleware/TransformsRequest.php(21): Illuminate\\Pipeline\\Pipeline->{closure:{closure:Illuminate\\Pipeline\\Pipeline::carry():158}:159}()
#40 /home/wonderparkbd/public_html/vendor/laravel/framework/src/Illuminate/Foundation/Http/Middleware/ConvertEmptyStringsToNull.php(31): Illuminate\\Foundation\\Http\\Middleware\\TransformsRequest->handle()
#41 /home/wonderparkbd/public_html/vendor/laravel/framework/src/Illuminate/Pipeline/Pipeline.php(183): Illuminate\\Foundation\\Http\\Middleware\\ConvertEmptyStringsToNull->handle()
#42 /home/wonderparkbd/public_html/vendor/laravel/framework/src/Illuminate/Foundation/Http/Middleware/TransformsRequest.php(21): Illuminate\\Pipeline\\Pipeline->{closure:{closure:Illuminate\\Pipeline\\Pipeline::carry():158}:159}()
#43 /home/wonderparkbd/public_html/vendor/laravel/framework/src/Illuminate/Foundation/Http/Middleware/TrimStrings.php(40): Illuminate\\Foundation\\Http\\Middleware\\TransformsRequest->handle()
#44 /home/wonderparkbd/public_html/vendor/laravel/framework/src/Illuminate/Pipeline/Pipeline.php(183): Illuminate\\Foundation\\Http\\Middleware\\TrimStrings->handle()
#45 /home/wonderparkbd/public_html/vendor/laravel/framework/src/Illuminate/Foundation/Http/Middleware/ValidatePostSize.php(27): Illuminate\\Pipeline\\Pipeline->{closure:{closure:Illuminate\\Pipeline\\Pipeline::carry():158}:159}()
#46 /home/wonderparkbd/public_html/vendor/laravel/framework/src/Illuminate/Pipeline/Pipeline.php(183): Illuminate\\Foundation\\Http\\Middleware\\ValidatePostSize->handle()
#47 /home/wonderparkbd/public_html/vendor/laravel/framework/src/Illuminate/Foundation/Http/Middleware/PreventRequestsDuringMaintenance.php(99): Illuminate\\Pipeline\\Pipeline->{closure:{closure:Illuminate\\Pipeline\\Pipeline::carry():158}:159}()
#48 /home/wonderparkbd/public_html/vendor/laravel/framework/src/Illuminate/Pipeline/Pipeline.php(183): Illuminate\\Foundation\\Http\\Middleware\\PreventRequestsDuringMaintenance->handle()
#49 /home/wonderparkbd/public_html/vendor/laravel/framework/src/Illuminate/Http/Middleware/HandleCors.php(49): Illuminate\\Pipeline\\Pipeline->{closure:{closure:Illuminate\\Pipeline\\Pipeline::carry():158}:159}()
#50 /home/wonderparkbd/public_html/vendor/laravel/framework/src/Illuminate/Pipeline/Pipeline.php(183): Illuminate\\Http\\Middleware\\HandleCors->handle()
#51 /home/wonderparkbd/public_html/vendor/laravel/framework/src/Illuminate/Http/Middleware/TrustProxies.php(39): Illuminate\\Pipeline\\Pipeline->{closure:{closure:Illuminate\\Pipeline\\Pipeline::carry():158}:159}()
#52 /home/wonderparkbd/public_html/vendor/laravel/framework/src/Illuminate/Pipeline/Pipeline.php(183): Illuminate\\Http\\Middleware\\TrustProxies->handle()
#53 /home/wonderparkbd/public_html/vendor/laravel/framework/src/Illuminate/Pipeline/Pipeline.php(119): Illuminate\\Pipeline\\Pipeline->{closure:{closure:Illuminate\\Pipeline\\Pipeline::carry():158}:159}()
#54 /home/wonderparkbd/public_html/vendor/laravel/framework/src/Illuminate/Foundation/Http/Kernel.php(175): Illuminate\\Pipeline\\Pipeline->then()
#55 /home/wonderparkbd/public_html/vendor/laravel/framework/src/Illuminate/Foundation/Http/Kernel.php(144): Illuminate\\Foundation\\Http\\Kernel->sendRequestThroughRouter()
#56 /home/wonderparkbd/public_html/public/index.php(51): Illuminate\\Foundation\\Http\\Kernel->handle()
#57 {main}

[previous exception] [object] (ErrorException(code: 0): Attempt to read property \"spot_detail\" on null at /home/wonderparkbd/public_html/storage/framework/views/e225f9eb62bb1b9fc0a5c49cfd20de21.php:91)
[stacktrace]
#0 /home/wonderparkbd/public_html/vendor/laravel/framework/src/Illuminate/Foundation/Bootstrap/HandleExceptions.php(255): Illuminate\\Foundation\\Bootstrap\\HandleExceptions->handleError()
#1 /home/wonderparkbd/public_html/storage/framework/views/e225f9eb62bb1b9fc0a5c49cfd20de21.php(91): Illuminate\\Foundation\\Bootstrap\\HandleExceptions->{closure:Illuminate\\Foundation\\Bootstrap\\HandleExceptions::forwardsTo():254}()
#2 /home/wonderparkbd/public_html/vendor/laravel/framework/src/Illuminate/Filesystem/Filesystem.php(123): require('/home/wonderpar...')
#3 /home/wonderparkbd/public_html/vendor/laravel/framework/src/Illuminate/Filesystem/Filesystem.php(124): Illuminate\\Filesystem\\Filesystem::{closure:Illuminate\\Filesystem\\Filesystem::getRequire():120}()
#4 /home/wonderparkbd/public_html/vendor/laravel/framework/src/Illuminate/View/Engines/PhpEngine.php(58): Illuminate\\Filesystem\\Filesystem->getRequire()
#5 /home/wonderparkbd/public_html/vendor/livewire/livewire/src/ComponentConcerns/RendersLivewireComponents.php(69): Illuminate\\View\\Engines\\PhpEngine->evaluatePath()
#6 /home/wonderparkbd/public_html/vendor/laravel/framework/src/Illuminate/View/Engines/CompilerEngine.php(72): Livewire\\LivewireViewCompilerEngine->evaluatePath()
#7 /home/wonderparkbd/public_html/vendor/livewire/livewire/src/ComponentConcerns/RendersLivewireComponents.php(35): Illuminate\\View\\Engines\\CompilerEngine->get()
#8 /home/wonderparkbd/public_html/vendor/laravel/framework/src/Illuminate/View/View.php(207): Livewire\\LivewireViewCompilerEngine->get()
#9 /home/wonderparkbd/public_html/vendor/laravel/framework/src/Illuminate/View/View.php(190): Illuminate\\View\\View->getContents()
#10 /home/wonderparkbd/public_html/vendor/laravel/framework/src/Illuminate/View/View.php(159): Illuminate\\View\\View->renderContents()
#11 /home/wonderparkbd/public_html/vendor/laravel/framework/src/Illuminate/Http/Response.php(69): Illuminate\\View\\View->render()
#12 /home/wonderparkbd/public_html/vendor/laravel/framework/src/Illuminate/Http/Response.php(35): Illuminate\\Http\\Response->setContent()
#13 /home/wonderparkbd/public_html/vendor/laravel/framework/src/Illuminate/Routing/Router.php(918): Illuminate\\Http\\Response->__construct()
#14 /home/wonderparkbd/public_html/vendor/laravel/framework/src/Illuminate/Routing/Router.php(885): Illuminate\\Routing\\Router::toResponse()
#15 /home/wonderparkbd/public_html/vendor/laravel/framework/src/Illuminate/Routing/Router.php(805): Illuminate\\Routing\\Router->prepareResponse()
#16 /home/wonderparkbd/public_html/vendor/laravel/framework/src/Illuminate/Pipeline/Pipeline.php(144): Illuminate\\Routing\\Router->{closure:Illuminate\\Routing\\Router::runRouteWithinStack():805}()
#17 /home/wonderparkbd/public_html/app/Http/Middleware/SetLocale.php(18): Illuminate\\Pipeline\\Pipeline->{closure:Illuminate\\Pipeline\\Pipeline::prepareDestination():142}()
#18 /home/wonderparkbd/public_html/vendor/laravel/framework/src/Illuminate/Pipeline/Pipeline.php(183): App\\Http\\Middleware\\SetLocale->handle()
#19 /home/wonderparkbd/public_html/vendor/laravel/framework/src/Illuminate/Routing/Middleware/SubstituteBindings.php(50): Illuminate\\Pipeline\\Pipeline->{closure:{closure:Illuminate\\Pipeline\\Pipeline::carry():158}:159}()
#20 /home/wonderparkbd/public_html/vendor/laravel/framework/src/Illuminate/Pipeline/Pipeline.php(183): Illuminate\\Routing\\Middleware\\SubstituteBindings->handle()
#21 /home/wonderparkbd/public_html/vendor/laravel/framework/src/Illuminate/Foundation/Http/Middleware/VerifyCsrfToken.php(78): Illuminate\\Pipeline\\Pipeline->{closure:{closure:Illuminate\\Pipeline\\Pipeline::carry():158}:159}()
#22 /home/wonderparkbd/public_html/vendor/laravel/framework/src/Illuminate/Pipeline/Pipeline.php(183): Illuminate\\Foundation\\Http\\Middleware\\VerifyCsrfToken->handle()
#23 /home/wonderparkbd/public_html/vendor/laravel/framework/src/Illuminate/View/Middleware/ShareErrorsFromSession.php(49): Illuminate\\Pipeline\\Pipeline->{closure:{closure:Illuminate\\Pipeline\\Pipeline::carry():158}:159}()
#24 /home/wonderparkbd/public_html/vendor/laravel/framework/src/Illuminate/Pipeline/Pipeline.php(183): Illuminate\\View\\Middleware\\ShareErrorsFromSession->handle()
#25 /home/wonderparkbd/public_html/vendor/laravel/framework/src/Illuminate/Session/Middleware/StartSession.php(121): Illuminate\\Pipeline\\Pipeline->{closure:{closure:Illuminate\\Pipeline\\Pipeline::carry():158}:159}()
#26 /home/wonderparkbd/public_html/vendor/laravel/framework/src/Illuminate/Session/Middleware/StartSession.php(64): Illuminate\\Session\\Middleware\\StartSession->handleStatefulRequest()
#27 /home/wonderparkbd/public_html/vendor/laravel/framework/src/Illuminate/Pipeline/Pipeline.php(183): Illuminate\\Session\\Middleware\\StartSession->handle()
#28 /home/wonderparkbd/public_html/vendor/laravel/framework/src/Illuminate/Cookie/Middleware/AddQueuedCookiesToResponse.php(37): Illuminate\\Pipeline\\Pipeline->{closure:{closure:Illuminate\\Pipeline\\Pipeline::carry():158}:159}()
#29 /home/wonderparkbd/public_html/vendor/laravel/framework/src/Illuminate/Pipeline/Pipeline.php(183): Illuminate\\Cookie\\Middleware\\AddQueuedCookiesToResponse->handle()
#30 /home/wonderparkbd/public_html/vendor/laravel/framework/src/Illuminate/Cookie/Middleware/EncryptCookies.php(67): Illuminate\\Pipeline\\Pipeline->{closure:{closure:Illuminate\\Pipeline\\Pipeline::carry():158}:159}()
#31 /home/wonderparkbd/public_html/vendor/laravel/framework/src/Illuminate/Pipeline/Pipeline.php(183): Illuminate\\Cookie\\Middleware\\EncryptCookies->handle()
#32 /home/wonderparkbd/public_html/vendor/laravel/framework/src/Illuminate/Pipeline/Pipeline.php(119): Illuminate\\Pipeline\\Pipeline->{closure:{closure:Illuminate\\Pipeline\\Pipeline::carry():158}:159}()
#33 /home/wonderparkbd/public_html/vendor/laravel/framework/src/Illuminate/Routing/Router.php(805): Illuminate\\Pipeline\\Pipeline->then()
#34 /home/wonderparkbd/public_html/vendor/laravel/framework/src/Illuminate/Routing/Router.php(784): Illuminate\\Routing\\Router->runRouteWithinStack()
#35 /home/wonderparkbd/public_html/vendor/laravel/framework/src/Illuminate/Routing/Router.php(748): Illuminate\\Routing\\Router->runRoute()
#36 /home/wonderparkbd/public_html/vendor/laravel/framework/src/Illuminate/Routing/Router.php(737): Illuminate\\Routing\\Router->dispatchToRoute()
#37 /home/wonderparkbd/public_html/vendor/laravel/framework/src/Illuminate/Foundation/Http/Kernel.php(200): Illuminate\\Routing\\Router->dispatch()
#38 /home/wonderparkbd/public_html/vendor/laravel/framework/src/Illuminate/Pipeline/Pipeline.php(144): Illuminate\\Foundation\\Http\\Kernel->{closure:Illuminate\\Foundation\\Http\\Kernel::dispatchToRouter():197}()
#39 /home/wonderparkbd/public_html/vendor/livewire/livewire/src/DisableBrowserCache.php(19): Illuminate\\Pipeline\\Pipeline->{closure:Illuminate\\Pipeline\\Pipeline::prepareDestination():142}()
#40 /home/wonderparkbd/public_html/vendor/laravel/framework/src/Illuminate/Pipeline/Pipeline.php(183): Livewire\\DisableBrowserCache->handle()
#41 /home/wonderparkbd/public_html/vendor/laravel/framework/src/Illuminate/Foundation/Http/Middleware/TransformsRequest.php(21): Illuminate\\Pipeline\\Pipeline->{closure:{closure:Illuminate\\Pipeline\\Pipeline::carry():158}:159}()
#42 /home/wonderparkbd/public_html/vendor/laravel/framework/src/Illuminate/Foundation/Http/Middleware/ConvertEmptyStringsToNull.php(31): Illuminate\\Foundation\\Http\\Middleware\\TransformsRequest->handle()
#43 /home/wonderparkbd/public_html/vendor/laravel/framework/src/Illuminate/Pipeline/Pipeline.php(183): Illuminate\\Foundation\\Http\\Middleware\\ConvertEmptyStringsToNull->handle()
#44 /home/wonderparkbd/public_html/vendor/laravel/framework/src/Illuminate/Foundation/Http/Middleware/TransformsRequest.php(21): Illuminate\\Pipeline\\Pipeline->{closure:{closure:Illuminate\\Pipeline\\Pipeline::carry():158}:159}()
#45 /home/wonderparkbd/public_html/vendor/laravel/framework/src/Illuminate/Foundation/Http/Middleware/TrimStrings.php(40): Illuminate\\Foundation\\Http\\Middleware\\TransformsRequest->handle()
#46 /home/wonderparkbd/public_html/vendor/laravel/framework/src/Illuminate/Pipeline/Pipeline.php(183): Illuminate\\Foundation\\Http\\Middleware\\TrimStrings->handle()
#47 /home/wonderparkbd/public_html/vendor/laravel/framework/src/Illuminate/Foundation/Http/Middleware/ValidatePostSize.php(27): Illuminate\\Pipeline\\Pipeline->{closure:{closure:Illuminate\\Pipeline\\Pipeline::carry():158}:159}()
#48 /home/wonderparkbd/public_html/vendor/laravel/framework/src/Illuminate/Pipeline/Pipeline.php(183): Illuminate\\Foundation\\Http\\Middleware\\ValidatePostSize->handle()
#49 /home/wonderparkbd/public_html/vendor/laravel/framework/src/Illuminate/Foundation/Http/Middleware/PreventRequestsDuringMaintenance.php(99): Illuminate\\Pipeline\\Pipeline->{closure:{closure:Illuminate\\Pipeline\\Pipeline::carry():158}:159}()
#50 /home/wonderparkbd/public_html/vendor/laravel/framework/src/Illuminate/Pipeline/Pipeline.php(183): Illuminate\\Foundation\\Http\\Middleware\\PreventRequestsDuringMaintenance->handle()
#51 /home/wonderparkbd/public_html/vendor/laravel/framework/src/Illuminate/Http/Middleware/HandleCors.php(49): Illuminate\\Pipeline\\Pipeline->{closure:{closure:Illuminate\\Pipeline\\Pipeline::carry():158}:159}()
#52 /home/wonderparkbd/public_html/vendor/laravel/framework/src/Illuminate/Pipeline/Pipeline.php(183): Illuminate\\Http\\Middleware\\HandleCors->handle()
#53 /home/wonderparkbd/public_html/vendor/laravel/framework/src/Illuminate/Http/Middleware/TrustProxies.php(39): Illuminate\\Pipeline\\Pipeline->{closure:{closure:Illuminate\\Pipeline\\Pipeline::carry():158}:159}()
#54 /home/wonderparkbd/public_html/vendor/laravel/framework/src/Illuminate/Pipeline/Pipeline.php(183): Illuminate\\Http\\Middleware\\TrustProxies->handle()
#55 /home/wonderparkbd/public_html/vendor/laravel/framework/src/Illuminate/Pipeline/Pipeline.php(119): Illuminate\\Pipeline\\Pipeline->{closure:{closure:Illuminate\\Pipeline\\Pipeline::carry():158}:159}()
#56 /home/wonderparkbd/public_html/vendor/laravel/framework/src/Illuminate/Foundation/Http/Kernel.php(175): Illuminate\\Pipeline\\Pipeline->then()
#57 /home/wonderparkbd/public_html/vendor/laravel/framework/src/Illuminate/Foundation/Http/Kernel.php(144): Illuminate\\Foundation\\Http\\Kernel->sendRequestThroughRouter()
#58 /home/wonderparkbd/public_html/public/index.php(51): Illuminate\\Foundation\\Http\\Kernel->handle()
#59 {main}
"} 
[2026-07-18 13:19:56] production.ERROR: Attempt to read property "image" on null {"view":{"view":"/home/wonderparkbd/public_html/resources/views/pages/frontend/blog_details.blade.php","data":[]},"exception":"[object] (Spatie\\LaravelIgnition\\Exceptions\\ViewException(code: 0): Attempt to read property \"image\" on null at /home/wonderparkbd/public_html/resources/views/pages/frontend/blog_details.blade.php:43)
[stacktrace]
#0 /home/wonderparkbd/public_html/vendor/laravel/framework/src/Illuminate/Filesystem/Filesystem.php(123): require('/home/wonderpar...')
#1 /home/wonderparkbd/public_html/vendor/laravel/framework/src/Illuminate/Filesystem/Filesystem.php(124): Illuminate\\Filesystem\\Filesystem::{closure:Illuminate\\Filesystem\\Filesystem::getRequire():120}()
#2 /home/wonderparkbd/public_html/vendor/laravel/framework/src/Illuminate/View/Engines/PhpEngine.php(58): Illuminate\\Filesystem\\Filesystem->getRequire()
#3 /home/wonderparkbd/public_html/vendor/livewire/livewire/src/ComponentConcerns/RendersLivewireComponents.php(69): Illuminate\\View\\Engines\\PhpEngine->evaluatePath()
#4 /home/wonderparkbd/public_html/vendor/laravel/framework/src/Illuminate/View/Engines/CompilerEngine.php(72): Livewire\\LivewireViewCompilerEngine->evaluatePath()
#5 /home/wonderparkbd/public_html/vendor/livewire/livewire/src/ComponentConcerns/RendersLivewireComponents.php(35): Illuminate\\View\\Engines\\CompilerEngine->get()
#6 /home/wonderparkbd/public_html/vendor/laravel/framework/src/Illuminate/View/View.php(207): Livewire\\LivewireViewCompilerEngine->get()
#7 /home/wonderparkbd/public_html/vendor/laravel/framework/src/Illuminate/View/View.php(190): Illuminate\\View\\View->getContents()
#8 /home/wonderparkbd/public_html/vendor/laravel/framework/src/Illuminate/View/View.php(159): Illuminate\\View\\View->renderContents()
#9 /home/wonderparkbd/public_html/vendor/laravel/framework/src/Illuminate/Http/Response.php(69): Illuminate\\View\\View->render()
#10 /home/wonderparkbd/public_html/vendor/laravel/framework/src/Illuminate/Http/Response.php(35): Illuminate\\Http\\Response->setContent()
#11 /home/wonderparkbd/public_html/vendor/laravel/framework/src/Illuminate/Routing/Router.php(918): Illuminate\\Http\\Response->__construct()
#12 /home/wonderparkbd/public_html/vendor/laravel/framework/src/Illuminate/Routing/Router.php(885): Illuminate\\Routing\\Router::toResponse()
#13 /home/wonderparkbd/public_html/vendor/laravel/framework/src/Illuminate/Routing/Router.php(805): Illuminate\\Routing\\Router->prepareResponse()
#14 /home/wonderparkbd/public_html/vendor/laravel/framework/src/Illuminate/Pipeline/Pipeline.php(144): Illuminate\\Routing\\Router->{closure:Illuminate\\Routing\\Router::runRouteWithinStack():805}()
#15 /home/wonderparkbd/public_html/app/Http/Middleware/SetLocale.php(18): Illuminate\\Pipeline\\Pipeline->{closure:Illuminate\\Pipeline\\Pipeline::prepareDestination():142}()
#16 /home/wonderparkbd/public_html/vendor/laravel/framework/src/Illuminate/Pipeline/Pipeline.php(183): App\\Http\\Middleware\\SetLocale->handle()
#17 /home/wonderparkbd/public_html/vendor/laravel/framework/src/Illuminate/Routing/Middleware/SubstituteBindings.php(50): Illuminate\\Pipeline\\Pipeline->{closure:{closure:Illuminate\\Pipeline\\Pipeline::carry():158}:159}()
#18 /home/wonderparkbd/public_html/vendor/laravel/framework/src/Illuminate/Pipeline/Pipeline.php(183): Illuminate\\Routing\\Middleware\\SubstituteBindings->handle()
#19 /home/wonderparkbd/public_html/vendor/laravel/framework/src/Illuminate/Foundation/Http/Middleware/VerifyCsrfToken.php(78): Illuminate\\Pipeline\\Pipeline->{closure:{closure:Illuminate\\Pipeline\\Pipeline::carry():158}:159}()
#20 /home/wonderparkbd/public_html/vendor/laravel/framework/src/Illuminate/Pipeline/Pipeline.php(183): Illuminate\\Foundation\\Http\\Middleware\\VerifyCsrfToken->handle()
#21 /home/wonderparkbd/public_html/vendor/laravel/framework/src/Illuminate/View/Middleware/ShareErrorsFromSession.php(49): Illuminate\\Pipeline\\Pipeline->{closure:{closure:Illuminate\\Pipeline\\Pipeline::carry():158}:159}()
#22 /home/wonderparkbd/public_html/vendor/laravel/framework/src/Illuminate/Pipeline/Pipeline.php(183): Illuminate\\View\\Middleware\\ShareErrorsFromSession->handle()
#23 /home/wonderparkbd/public_html/vendor/laravel/framework/src/Illuminate/Session/Middleware/StartSession.php(121): Illuminate\\Pipeline\\Pipeline->{closure:{closure:Illuminate\\Pipeline\\Pipeline::carry():158}:159}()
#24 /home/wonderparkbd/public_html/vendor/laravel/framework/src/Illuminate/Session/Middleware/StartSession.php(64): Illuminate\\Session\\Middleware\\StartSession->handleStatefulRequest()
#25 /home/wonderparkbd/public_html/vendor/laravel/framework/src/Illuminate/Pipeline/Pipeline.php(183): Illuminate\\Session\\Middleware\\StartSession->handle()
#26 /home/wonderparkbd/public_html/vendor/laravel/framework/src/Illuminate/Cookie/Middleware/AddQueuedCookiesToResponse.php(37): Illuminate\\Pipeline\\Pipeline->{closure:{closure:Illuminate\\Pipeline\\Pipeline::carry():158}:159}()
#27 /home/wonderparkbd/public_html/vendor/laravel/framework/src/Illuminate/Pipeline/Pipeline.php(183): Illuminate\\Cookie\\Middleware\\AddQueuedCookiesToResponse->handle()
#28 /home/wonderparkbd/public_html/vendor/laravel/framework/src/Illuminate/Cookie/Middleware/EncryptCookies.php(67): Illuminate\\Pipeline\\Pipeline->{closure:{closure:Illuminate\\Pipeline\\Pipeline::carry():158}:159}()
#29 /home/wonderparkbd/public_html/vendor/laravel/framework/src/Illuminate/Pipeline/Pipeline.php(183): Illuminate\\Cookie\\Middleware\\EncryptCookies->handle()
#30 /home/wonderparkbd/public_html/vendor/laravel/framework/src/Illuminate/Pipeline/Pipeline.php(119): Illuminate\\Pipeline\\Pipeline->{closure:{closure:Illuminate\\Pipeline\\Pipeline::carry():158}:159}()
#31 /home/wonderparkbd/public_html/vendor/laravel/framework/src/Illuminate/Routing/Router.php(805): Illuminate\\Pipeline\\Pipeline->then()
#32 /home/wonderparkbd/public_html/vendor/laravel/framework/src/Illuminate/Routing/Router.php(784): Illuminate\\Routing\\Router->runRouteWithinStack()
#33 /home/wonderparkbd/public_html/vendor/laravel/framework/src/Illuminate/Routing/Router.php(748): Illuminate\\Routing\\Router->runRoute()
#34 /home/wonderparkbd/public_html/vendor/laravel/framework/src/Illuminate/Routing/Router.php(737): Illuminate\\Routing\\Router->dispatchToRoute()
#35 /home/wonderparkbd/public_html/vendor/laravel/framework/src/Illuminate/Foundation/Http/Kernel.php(200): Illuminate\\Routing\\Router->dispatch()
#36 /home/wonderparkbd/public_html/vendor/laravel/framework/src/Illuminate/Pipeline/Pipeline.php(144): Illuminate\\Foundation\\Http\\Kernel->{closure:Illuminate\\Foundation\\Http\\Kernel::dispatchToRouter():197}()
#37 /home/wonderparkbd/public_html/vendor/livewire/livewire/src/DisableBrowserCache.php(19): Illuminate\\Pipeline\\Pipeline->{closure:Illuminate\\Pipeline\\Pipeline::prepareDestination():142}()
#38 /home/wonderparkbd/public_html/vendor/laravel/framework/src/Illuminate/Pipeline/Pipeline.php(183): Livewire\\DisableBrowserCache->handle()
#39 /home/wonderparkbd/public_html/vendor/laravel/framework/src/Illuminate/Foundation/Http/Middleware/TransformsRequest.php(21): Illuminate\\Pipeline\\Pipeline->{closure:{closure:Illuminate\\Pipeline\\Pipeline::carry():158}:159}()
#40 /home/wonderparkbd/public_html/vendor/laravel/framework/src/Illuminate/Foundation/Http/Middleware/ConvertEmptyStringsToNull.php(31): Illuminate\\Foundation\\Http\\Middleware\\TransformsRequest->handle()
#41 /home/wonderparkbd/public_html/vendor/laravel/framework/src/Illuminate/Pipeline/Pipeline.php(183): Illuminate\\Foundation\\Http\\Middleware\\ConvertEmptyStringsToNull->handle()
#42 /home/wonderparkbd/public_html/vendor/laravel/framework/src/Illuminate/Foundation/Http/Middleware/TransformsRequest.php(21): Illuminate\\Pipeline\\Pipeline->{closure:{closure:Illuminate\\Pipeline\\Pipeline::carry():158}:159}()
#43 /home/wonderparkbd/public_html/vendor/laravel/framework/src/Illuminate/Foundation/Http/Middleware/TrimStrings.php(40): Illuminate\\Foundation\\Http\\Middleware\\TransformsRequest->handle()
#44 /home/wonderparkbd/public_html/vendor/laravel/framework/src/Illuminate/Pipeline/Pipeline.php(183): Illuminate\\Foundation\\Http\\Middleware\\TrimStrings->handle()
#45 /home/wonderparkbd/public_html/vendor/laravel/framework/src/Illuminate/Foundation/Http/Middleware/ValidatePostSize.php(27): Illuminate\\Pipeline\\Pipeline->{closure:{closure:Illuminate\\Pipeline\\Pipeline::carry():158}:159}()
#46 /home/wonderparkbd/public_html/vendor/laravel/framework/src/Illuminate/Pipeline/Pipeline.php(183): Illuminate\\Foundation\\Http\\Middleware\\ValidatePostSize->handle()
#47 /home/wonderparkbd/public_html/vendor/laravel/framework/src/Illuminate/Foundation/Http/Middleware/PreventRequestsDuringMaintenance.php(99): Illuminate\\Pipeline\\Pipeline->{closure:{closure:Illuminate\\Pipeline\\Pipeline::carry():158}:159}()
#48 /home/wonderparkbd/public_html/vendor/laravel/framework/src/Illuminate/Pipeline/Pipeline.php(183): Illuminate\\Foundation\\Http\\Middleware\\PreventRequestsDuringMaintenance->handle()
#49 /home/wonderparkbd/public_html/vendor/laravel/framework/src/Illuminate/Http/Middleware/HandleCors.php(49): Illuminate\\Pipeline\\Pipeline->{closure:{closure:Illuminate\\Pipeline\\Pipeline::carry():158}:159}()
#50 /home/wonderparkbd/public_html/vendor/laravel/framework/src/Illuminate/Pipeline/Pipeline.php(183): Illuminate\\Http\\Middleware\\HandleCors->handle()
#51 /home/wonderparkbd/public_html/vendor/laravel/framework/src/Illuminate/Http/Middleware/TrustProxies.php(39): Illuminate\\Pipeline\\Pipeline->{closure:{closure:Illuminate\\Pipeline\\Pipeline::carry():158}:159}()
#52 /home/wonderparkbd/public_html/vendor/laravel/framework/src/Illuminate/Pipeline/Pipeline.php(183): Illuminate\\Http\\Middleware\\TrustProxies->handle()
#53 /home/wonderparkbd/public_html/vendor/laravel/framework/src/Illuminate/Pipeline/Pipeline.php(119): Illuminate\\Pipeline\\Pipeline->{closure:{closure:Illuminate\\Pipeline\\Pipeline::carry():158}:159}()
#54 /home/wonderparkbd/public_html/vendor/laravel/framework/src/Illuminate/Foundation/Http/Kernel.php(175): Illuminate\\Pipeline\\Pipeline->then()
#55 /home/wonderparkbd/public_html/vendor/laravel/framework/src/Illuminate/Foundation/Http/Kernel.php(144): Illuminate\\Foundation\\Http\\Kernel->sendRequestThroughRouter()
#56 /home/wonderparkbd/public_html/public/index.php(51): Illuminate\\Foundation\\Http\\Kernel->handle()
#57 {main}

[previous exception] [object] (ErrorException(code: 0): Attempt to read property \"image\" on null at /home/wonderparkbd/public_html/storage/framework/views/05ba2f8d6b8577e49f382ec6c960210b.php:43)
[stacktrace]
#0 /home/wonderparkbd/public_html/vendor/laravel/framework/src/Illuminate/Foundation/Bootstrap/HandleExceptions.php(255): Illuminate\\Foundation\\Bootstrap\\HandleExceptions->handleError()
#1 /home/wonderparkbd/public_html/storage/framework/views/05ba2f8d6b8577e49f382ec6c960210b.php(43): Illuminate\\Foundation\\Bootstrap\\HandleExceptions->{closure:Illuminate\\Foundation\\Bootstrap\\HandleExceptions::forwardsTo():254}()
#2 /home/wonderparkbd/public_html/vendor/laravel/framework/src/Illuminate/Filesystem/Filesystem.php(123): require('/home/wonderpar...')
#3 /home/wonderparkbd/public_html/vendor/laravel/framework/src/Illuminate/Filesystem/Filesystem.php(124): Illuminate\\Filesystem\\Filesystem::{closure:Illuminate\\Filesystem\\Filesystem::getRequire():120}()
#4 /home/wonderparkbd/public_html/vendor/laravel/framework/src/Illuminate/View/Engines/PhpEngine.php(58): Illuminate\\Filesystem\\Filesystem->getRequire()
#5 /home/wonderparkbd/public_html/vendor/livewire/livewire/src/ComponentConcerns/RendersLivewireComponents.php(69): Illuminate\\View\\Engines\\PhpEngine->evaluatePath()
#6 /home/wonderparkbd/public_html/vendor/laravel/framework/src/Illuminate/View/Engines/CompilerEngine.php(72): Livewire\\LivewireViewCompilerEngine->evaluatePath()
#7 /home/wonderparkbd/public_html/vendor/livewire/livewire/src/ComponentConcerns/RendersLivewireComponents.php(35): Illuminate\\View\\Engines\\CompilerEngine->get()
#8 /home/wonderparkbd/public_html/vendor/laravel/framework/src/Illuminate/View/View.php(207): Livewire\\LivewireViewCompilerEngine->get()
#9 /home/wonderparkbd/public_html/vendor/laravel/framework/src/Illuminate/View/View.php(190): Illuminate\\View\\View->getContents()
#10 /home/wonderparkbd/public_html/vendor/laravel/framework/src/Illuminate/View/View.php(159): Illuminate\\View\\View->renderContents()
#11 /home/wonderparkbd/public_html/vendor/laravel/framework/src/Illuminate/Http/Response.php(69): Illuminate\\View\\View->render()
#12 /home/wonderparkbd/public_html/vendor/laravel/framework/src/Illuminate/Http/Response.php(35): Illuminate\\Http\\Response->setContent()
#13 /home/wonderparkbd/public_html/vendor/laravel/framework/src/Illuminate/Routing/Router.php(918): Illuminate\\Http\\Response->__construct()
#14 /home/wonderparkbd/public_html/vendor/laravel/framework/src/Illuminate/Routing/Router.php(885): Illuminate\\Routing\\Router::toResponse()
#15 /home/wonderparkbd/public_html/vendor/laravel/framework/src/Illuminate/Routing/Router.php(805): Illuminate\\Routing\\Router->prepareResponse()
#16 /home/wonderparkbd/public_html/vendor/laravel/framework/src/Illuminate/Pipeline/Pipeline.php(144): Illuminate\\Routing\\Router->{closure:Illuminate\\Routing\\Router::runRouteWithinStack():805}()
#17 /home/wonderparkbd/public_html/app/Http/Middleware/SetLocale.php(18): Illuminate\\Pipeline\\Pipeline->{closure:Illuminate\\Pipeline\\Pipeline::prepareDestination():142}()
#18 /home/wonderparkbd/public_html/vendor/laravel/framework/src/Illuminate/Pipeline/Pipeline.php(183): App\\Http\\Middleware\\SetLocale->handle()
#19 /home/wonderparkbd/public_html/vendor/laravel/framework/src/Illuminate/Routing/Middleware/SubstituteBindings.php(50): Illuminate\\Pipeline\\Pipeline->{closure:{closure:Illuminate\\Pipeline\\Pipeline::carry():158}:159}()
#20 /home/wonderparkbd/public_html/vendor/laravel/framework/src/Illuminate/Pipeline/Pipeline.php(183): Illuminate\\Routing\\Middleware\\SubstituteBindings->handle()
#21 /home/wonderparkbd/public_html/vendor/laravel/framework/src/Illuminate/Foundation/Http/Middleware/VerifyCsrfToken.php(78): Illuminate\\Pipeline\\Pipeline->{closure:{closure:Illuminate\\Pipeline\\Pipeline::carry():158}:159}()
#22 /home/wonderparkbd/public_html/vendor/laravel/framework/src/Illuminate/Pipeline/Pipeline.php(183): Illuminate\\Foundation\\Http\\Middleware\\VerifyCsrfToken->handle()
#23 /home/wonderparkbd/public_html/vendor/laravel/framework/src/Illuminate/View/Middleware/ShareErrorsFromSession.php(49): Illuminate\\Pipeline\\Pipeline->{closure:{closure:Illuminate\\Pipeline\\Pipeline::carry():158}:159}()
#24 /home/wonderparkbd/public_html/vendor/laravel/framework/src/Illuminate/Pipeline/Pipeline.php(183): Illuminate\\View\\Middleware\\ShareErrorsFromSession->handle()
#25 /home/wonderparkbd/public_html/vendor/laravel/framework/src/Illuminate/Session/Middleware/StartSession.php(121): Illuminate\\Pipeline\\Pipeline->{closure:{closure:Illuminate\\Pipeline\\Pipeline::carry():158}:159}()
#26 /home/wonderparkbd/public_html/vendor/laravel/framework/src/Illuminate/Session/Middleware/StartSession.php(64): Illuminate\\Session\\Middleware\\StartSession->handleStatefulRequest()
#27 /home/wonderparkbd/public_html/vendor/laravel/framework/src/Illuminate/Pipeline/Pipeline.php(183): Illuminate\\Session\\Middleware\\StartSession->handle()
#28 /home/wonderparkbd/public_html/vendor/laravel/framework/src/Illuminate/Cookie/Middleware/AddQueuedCookiesToResponse.php(37): Illuminate\\Pipeline\\Pipeline->{closure:{closure:Illuminate\\Pipeline\\Pipeline::carry():158}:159}()
#29 /home/wonderparkbd/public_html/vendor/laravel/framework/src/Illuminate/Pipeline/Pipeline.php(183): Illuminate\\Cookie\\Middleware\\AddQueuedCookiesToResponse->handle()
#30 /home/wonderparkbd/public_html/vendor/laravel/framework/src/Illuminate/Cookie/Middleware/EncryptCookies.php(67): Illuminate\\Pipeline\\Pipeline->{closure:{closure:Illuminate\\Pipeline\\Pipeline::carry():158}:159}()
#31 /home/wonderparkbd/public_html/vendor/laravel/framework/src/Illuminate/Pipeline/Pipeline.php(183): Illuminate\\Cookie\\Middleware\\EncryptCookies->handle()
#32 /home/wonderparkbd/public_html/vendor/laravel/framework/src/Illuminate/Pipeline/Pipeline.php(119): Illuminate\\Pipeline\\Pipeline->{closure:{closure:Illuminate\\Pipeline\\Pipeline::carry():158}:159}()
#33 /home/wonderparkbd/public_html/vendor/laravel/framework/src/Illuminate/Routing/Router.php(805): Illuminate\\Pipeline\\Pipeline->then()
#34 /home/wonderparkbd/public_html/vendor/laravel/framework/src/Illuminate/Routing/Router.php(784): Illuminate\\Routing\\Router->runRouteWithinStack()
#35 /home/wonderparkbd/public_html/vendor/laravel/framework/src/Illuminate/Routing/Router.php(748): Illuminate\\Routing\\Router->runRoute()
#36 /home/wonderparkbd/public_html/vendor/laravel/framework/src/Illuminate/Routing/Router.php(737): Illuminate\\Routing\\Router->dispatchToRoute()
#37 /home/wonderparkbd/public_html/vendor/laravel/framework/src/Illuminate/Foundation/Http/Kernel.php(200): Illuminate\\Routing\\Router->dispatch()
#38 /home/wonderparkbd/public_html/vendor/laravel/framework/src/Illuminate/Pipeline/Pipeline.php(144): Illuminate\\Foundation\\Http\\Kernel->{closure:Illuminate\\Foundation\\Http\\Kernel::dispatchToRouter():197}()
#39 /home/wonderparkbd/public_html/vendor/livewire/livewire/src/DisableBrowserCache.php(19): Illuminate\\Pipeline\\Pipeline->{closure:Illuminate\\Pipeline\\Pipeline::prepareDestination():142}()
#40 /home/wonderparkbd/public_html/vendor/laravel/framework/src/Illuminate/Pipeline/Pipeline.php(183): Livewire\\DisableBrowserCache->handle()
#41 /home/wonderparkbd/public_html/vendor/laravel/framework/src/Illuminate/Foundation/Http/Middleware/TransformsRequest.php(21): Illuminate\\Pipeline\\Pipeline->{closure:{closure:Illuminate\\Pipeline\\Pipeline::carry():158}:159}()
#42 /home/wonderparkbd/public_html/vendor/laravel/framework/src/Illuminate/Foundation/Http/Middleware/ConvertEmptyStringsToNull.php(31): Illuminate\\Foundation\\Http\\Middleware\\TransformsRequest->handle()
#43 /home/wonderparkbd/public_html/vendor/laravel/framework/src/Illuminate/Pipeline/Pipeline.php(183): Illuminate\\Foundation\\Http\\Middleware\\ConvertEmptyStringsToNull->handle()
#44 /home/wonderparkbd/public_html/vendor/laravel/framework/src/Illuminate/Foundation/Http/Middleware/TransformsRequest.php(21): Illuminate\\Pipeline\\Pipeline->{closure:{closure:Illuminate\\Pipeline\\Pipeline::carry():158}:159}()
#45 /home/wonderparkbd/public_html/vendor/laravel/framework/src/Illuminate/Foundation/Http/Middleware/TrimStrings.php(40): Illuminate\\Foundation\\Http\\Middleware\\TransformsRequest->handle()
#46 /home/wonderparkbd/public_html/vendor/laravel/framework/src/Illuminate/Pipeline/Pipeline.php(183): Illuminate\\Foundation\\Http\\Middleware\\TrimStrings->handle()
#47 /home/wonderparkbd/public_html/vendor/laravel/framework/src/Illuminate/Foundation/Http/Middleware/ValidatePostSize.php(27): Illuminate\\Pipeline\\Pipeline->{closure:{closure:Illuminate\\Pipeline\\Pipeline::carry():158}:159}()
#48 /home/wonderparkbd/public_html/vendor/laravel/framework/src/Illuminate/Pipeline/Pipeline.php(183): Illuminate\\Foundation\\Http\\Middleware\\ValidatePostSize->handle()
#49 /home/wonderparkbd/public_html/vendor/laravel/framework/src/Illuminate/Foundation/Http/Middleware/PreventRequestsDuringMaintenance.php(99): Illuminate\\Pipeline\\Pipeline->{closure:{closure:Illuminate\\Pipeline\\Pipeline::carry():158}:159}()
#50 /home/wonderparkbd/public_html/vendor/laravel/framework/src/Illuminate/Pipeline/Pipeline.php(183): Illuminate\\Foundation\\Http\\Middleware\\PreventRequestsDuringMaintenance->handle()
#51 /home/wonderparkbd/public_html/vendor/laravel/framework/src/Illuminate/Http/Middleware/HandleCors.php(49): Illuminate\\Pipeline\\Pipeline->{closure:{closure:Illuminate\\Pipeline\\Pipeline::carry():158}:159}()
#52 /home/wonderparkbd/public_html/vendor/laravel/framework/src/Illuminate/Pipeline/Pipeline.php(183): Illuminate\\Http\\Middleware\\HandleCors->handle()
#53 /home/wonderparkbd/public_html/vendor/laravel/framework/src/Illuminate/Http/Middleware/TrustProxies.php(39): Illuminate\\Pipeline\\Pipeline->{closure:{closure:Illuminate\\Pipeline\\Pipeline::carry():158}:159}()
#54 /home/wonderparkbd/public_html/vendor/laravel/framework/src/Illuminate/Pipeline/Pipeline.php(183): Illuminate\\Http\\Middleware\\TrustProxies->handle()
#55 /home/wonderparkbd/public_html/vendor/laravel/framework/src/Illuminate/Pipeline/Pipeline.php(119): Illuminate\\Pipeline\\Pipeline->{closure:{closure:Illuminate\\Pipeline\\Pipeline::carry():158}:159}()
#56 /home/wonderparkbd/public_html/vendor/laravel/framework/src/Illuminate/Foundation/Http/Kernel.php(175): Illuminate\\Pipeline\\Pipeline->then()
#57 /home/wonderparkbd/public_html/vendor/laravel/framework/src/Illuminate/Foundation/Http/Kernel.php(144): Illuminate\\Foundation\\Http\\Kernel->sendRequestThroughRouter()
#58 /home/wonderparkbd/public_html/public/index.php(51): Illuminate\\Foundation\\Http\\Kernel->handle()
#59 {main}
"} 
[2026-07-18 13:22:01] production.ERROR: Attempt to read property "spot_detail" on null {"view":{"view":"/home/wonderparkbd/public_html/resources/views/pages/frontend/spot_details.blade.php","data":[]},"exception":"[object] (Spatie\\LaravelIgnition\\Exceptions\\ViewException(code: 0): Attempt to read property \"spot_detail\" on null at /home/wonderparkbd/public_html/resources/views/pages/frontend/spot_details.blade.php:91)
[stacktrace]
#0 /home/wonderparkbd/public_html/vendor/laravel/framework/src/Illuminate/Filesystem/Filesystem.php(123): require('/home/wonderpar...')
#1 /home/wonderparkbd/public_html/vendor/laravel/framework/src/Illuminate/Filesystem/Filesystem.php(124): Illuminate\\Filesystem\\Filesystem::{closure:Illuminate\\Filesystem\\Filesystem::getRequire():120}()
#2 /home/wonderparkbd/public_html/vendor/laravel/framework/src/Illuminate/View/Engines/PhpEngine.php(58): Illuminate\\Filesystem\\Filesystem->getRequire()
#3 /home/wonderparkbd/public_html/vendor/livewire/livewire/src/ComponentConcerns/RendersLivewireComponents.php(69): Illuminate\\View\\Engines\\PhpEngine->evaluatePath()
#4 /home/wonderparkbd/public_html/vendor/laravel/framework/src/Illuminate/View/Engines/CompilerEngine.php(72): Livewire\\LivewireViewCompilerEngine->evaluatePath()
#5 /home/wonderparkbd/public_html/vendor/livewire/livewire/src/ComponentConcerns/RendersLivewireComponents.php(35): Illuminate\\View\\Engines\\CompilerEngine->get()
#6 /home/wonderparkbd/public_html/vendor/laravel/framework/src/Illuminate/View/View.php(207): Livewire\\LivewireViewCompilerEngine->get()
#7 /home/wonderparkbd/public_html/vendor/laravel/framework/src/Illuminate/View/View.php(190): Illuminate\\View\\View->getContents()
#8 /home/wonderparkbd/public_html/vendor/laravel/framework/src/Illuminate/View/View.php(159): Illuminate\\View\\View->renderContents()
#9 /home/wonderparkbd/public_html/vendor/laravel/framework/src/Illuminate/Http/Response.php(69): Illuminate\\View\\View->render()
#10 /home/wonderparkbd/public_html/vendor/laravel/framework/src/Illuminate/Http/Response.php(35): Illuminate\\Http\\Response->setContent()
#11 /home/wonderparkbd/public_html/vendor/laravel/framework/src/Illuminate/Routing/Router.php(918): Illuminate\\Http\\Response->__construct()
#12 /home/wonderparkbd/public_html/vendor/laravel/framework/src/Illuminate/Routing/Router.php(885): Illuminate\\Routing\\Router::toResponse()
#13 /home/wonderparkbd/public_html/vendor/laravel/framework/src/Illuminate/Routing/Router.php(805): Illuminate\\Routing\\Router->prepareResponse()
#14 /home/wonderparkbd/public_html/vendor/laravel/framework/src/Illuminate/Pipeline/Pipeline.php(144): Illuminate\\Routing\\Router->{closure:Illuminate\\Routing\\Router::runRouteWithinStack():805}()
#15 /home/wonderparkbd/public_html/app/Http/Middleware/SetLocale.php(18): Illuminate\\Pipeline\\Pipeline->{closure:Illuminate\\Pipeline\\Pipeline::prepareDestination():142}()
#16 /home/wonderparkbd/public_html/vendor/laravel/framework/src/Illuminate/Pipeline/Pipeline.php(183): App\\Http\\Middleware\\SetLocale->handle()
#17 /home/wonderparkbd/public_html/vendor/laravel/framework/src/Illuminate/Routing/Middleware/SubstituteBindings.php(50): Illuminate\\Pipeline\\Pipeline->{closure:{closure:Illuminate\\Pipeline\\Pipeline::carry():158}:159}()
#18 /home/wonderparkbd/public_html/vendor/laravel/framework/src/Illuminate/Pipeline/Pipeline.php(183): Illuminate\\Routing\\Middleware\\SubstituteBindings->handle()
#19 /home/wonderparkbd/public_html/vendor/laravel/framework/src/Illuminate/Foundation/Http/Middleware/VerifyCsrfToken.php(78): Illuminate\\Pipeline\\Pipeline->{closure:{closure:Illuminate\\Pipeline\\Pipeline::carry():158}:159}()
#20 /home/wonderparkbd/public_html/vendor/laravel/framework/src/Illuminate/Pipeline/Pipeline.php(183): Illuminate\\Foundation\\Http\\Middleware\\VerifyCsrfToken->handle()
#21 /home/wonderparkbd/public_html/vendor/laravel/framework/src/Illuminate/View/Middleware/ShareErrorsFromSession.php(49): Illuminate\\Pipeline\\Pipeline->{closure:{closure:Illuminate\\Pipeline\\Pipeline::carry():158}:159}()
#22 /home/wonderparkbd/public_html/vendor/laravel/framework/src/Illuminate/Pipeline/Pipeline.php(183): Illuminate\\View\\Middleware\\ShareErrorsFromSession->handle()
#23 /home/wonderparkbd/public_html/vendor/laravel/framework/src/Illuminate/Session/Middleware/StartSession.php(121): Illuminate\\Pipeline\\Pipeline->{closure:{closure:Illuminate\\Pipeline\\Pipeline::carry():158}:159}()
#24 /home/wonderparkbd/public_html/vendor/laravel/framework/src/Illuminate/Session/Middleware/StartSession.php(64): Illuminate\\Session\\Middleware\\StartSession->handleStatefulRequest()
#25 /home/wonderparkbd/public_html/vendor/laravel/framework/src/Illuminate/Pipeline/Pipeline.php(183): Illuminate\\Session\\Middleware\\StartSession->handle()
#26 /home/wonderparkbd/public_html/vendor/laravel/framework/src/Illuminate/Cookie/Middleware/AddQueuedCookiesToResponse.php(37): Illuminate\\Pipeline\\Pipeline->{closure:{closure:Illuminate\\Pipeline\\Pipeline::carry():158}:159}()
#27 /home/wonderparkbd/public_html/vendor/laravel/framework/src/Illuminate/Pipeline/Pipeline.php(183): Illuminate\\Cookie\\Middleware\\AddQueuedCookiesToResponse->handle()
#28 /home/wonderparkbd/public_html/vendor/laravel/framework/src/Illuminate/Cookie/Middleware/EncryptCookies.php(67): Illuminate\\Pipeline\\Pipeline->{closure:{closure:Illuminate\\Pipeline\\Pipeline::carry():158}:159}()
#29 /home/wonderparkbd/public_html/vendor/laravel/framework/src/Illuminate/Pipeline/Pipeline.php(183): Illuminate\\Cookie\\Middleware\\EncryptCookies->handle()
#30 /home/wonderparkbd/public_html/vendor/laravel/framework/src/Illuminate/Pipeline/Pipeline.php(119): Illuminate\\Pipeline\\Pipeline->{closure:{closure:Illuminate\\Pipeline\\Pipeline::carry():158}:159}()
#31 /home/wonderparkbd/public_html/vendor/laravel/framework/src/Illuminate/Routing/Router.php(805): Illuminate\\Pipeline\\Pipeline->then()
#32 /home/wonderparkbd/public_html/vendor/laravel/framework/src/Illuminate/Routing/Router.php(784): Illuminate\\Routing\\Router->runRouteWithinStack()
#33 /home/wonderparkbd/public_html/vendor/laravel/framework/src/Illuminate/Routing/Router.php(748): Illuminate\\Routing\\Router->runRoute()
#34 /home/wonderparkbd/public_html/vendor/laravel/framework/src/Illuminate/Routing/Router.php(737): Illuminate\\Routing\\Router->dispatchToRoute()
#35 /home/wonderparkbd/public_html/vendor/laravel/framework/src/Illuminate/Foundation/Http/Kernel.php(200): Illuminate\\Routing\\Router->dispatch()
#36 /home/wonderparkbd/public_html/vendor/laravel/framework/src/Illuminate/Pipeline/Pipeline.php(144): Illuminate\\Foundation\\Http\\Kernel->{closure:Illuminate\\Foundation\\Http\\Kernel::dispatchToRouter():197}()
#37 /home/wonderparkbd/public_html/vendor/livewire/livewire/src/DisableBrowserCache.php(19): Illuminate\\Pipeline\\Pipeline->{closure:Illuminate\\Pipeline\\Pipeline::prepareDestination():142}()
#38 /home/wonderparkbd/public_html/vendor/laravel/framework/src/Illuminate/Pipeline/Pipeline.php(183): Livewire\\DisableBrowserCache->handle()
#39 /home/wonderparkbd/public_html/vendor/laravel/framework/src/Illuminate/Foundation/Http/Middleware/TransformsRequest.php(21): Illuminate\\Pipeline\\Pipeline->{closure:{closure:Illuminate\\Pipeline\\Pipeline::carry():158}:159}()
#40 /home/wonderparkbd/public_html/vendor/laravel/framework/src/Illuminate/Foundation/Http/Middleware/ConvertEmptyStringsToNull.php(31): Illuminate\\Foundation\\Http\\Middleware\\TransformsRequest->handle()
#41 /home/wonderparkbd/public_html/vendor/laravel/framework/src/Illuminate/Pipeline/Pipeline.php(183): Illuminate\\Foundation\\Http\\Middleware\\ConvertEmptyStringsToNull->handle()
#42 /home/wonderparkbd/public_html/vendor/laravel/framework/src/Illuminate/Foundation/Http/Middleware/TransformsRequest.php(21): Illuminate\\Pipeline\\Pipeline->{closure:{closure:Illuminate\\Pipeline\\Pipeline::carry():158}:159}()
#43 /home/wonderparkbd/public_html/vendor/laravel/framework/src/Illuminate/Foundation/Http/Middleware/TrimStrings.php(40): Illuminate\\Foundation\\Http\\Middleware\\TransformsRequest->handle()
#44 /home/wonderparkbd/public_html/vendor/laravel/framework/src/Illuminate/Pipeline/Pipeline.php(183): Illuminate\\Foundation\\Http\\Middleware\\TrimStrings->handle()
#45 /home/wonderparkbd/public_html/vendor/laravel/framework/src/Illuminate/Foundation/Http/Middleware/ValidatePostSize.php(27): Illuminate\\Pipeline\\Pipeline->{closure:{closure:Illuminate\\Pipeline\\Pipeline::carry():158}:159}()
#46 /home/wonderparkbd/public_html/vendor/laravel/framework/src/Illuminate/Pipeline/Pipeline.php(183): Illuminate\\Foundation\\Http\\Middleware\\ValidatePostSize->handle()
#47 /home/wonderparkbd/public_html/vendor/laravel/framework/src/Illuminate/Foundation/Http/Middleware/PreventRequestsDuringMaintenance.php(99): Illuminate\\Pipeline\\Pipeline->{closure:{closure:Illuminate\\Pipeline\\Pipeline::carry():158}:159}()
#48 /home/wonderparkbd/public_html/vendor/laravel/framework/src/Illuminate/Pipeline/Pipeline.php(183): Illuminate\\Foundation\\Http\\Middleware\\PreventRequestsDuringMaintenance->handle()
#49 /home/wonderparkbd/public_html/vendor/laravel/framework/src/Illuminate/Http/Middleware/HandleCors.php(49): Illuminate\\Pipeline\\Pipeline->{closure:{closure:Illuminate\\Pipeline\\Pipeline::carry():158}:159}()
#50 /home/wonderparkbd/public_html/vendor/laravel/framework/src/Illuminate/Pipeline/Pipeline.php(183): Illuminate\\Http\\Middleware\\HandleCors->handle()
#51 /home/wonderparkbd/public_html/vendor/laravel/framework/src/Illuminate/Http/Middleware/TrustProxies.php(39): Illuminate\\Pipeline\\Pipeline->{closure:{closure:Illuminate\\Pipeline\\Pipeline::carry():158}:159}()
#52 /home/wonderparkbd/public_html/vendor/laravel/framework/src/Illuminate/Pipeline/Pipeline.php(183): Illuminate\\Http\\Middleware\\TrustProxies->handle()
#53 /home/wonderparkbd/public_html/vendor/laravel/framework/src/Illuminate/Pipeline/Pipeline.php(119): Illuminate\\Pipeline\\Pipeline->{closure:{closure:Illuminate\\Pipeline\\Pipeline::carry():158}:159}()
#54 /home/wonderparkbd/public_html/vendor/laravel/framework/src/Illuminate/Foundation/Http/Kernel.php(175): Illuminate\\Pipeline\\Pipeline->then()
#55 /home/wonderparkbd/public_html/vendor/laravel/framework/src/Illuminate/Foundation/Http/Kernel.php(144): Illuminate\\Foundation\\Http\\Kernel->sendRequestThroughRouter()
#56 /home/wonderparkbd/public_html/public/index.php(51): Illuminate\\Foundation\\Http\\Kernel->handle()
#57 {main}

[previous exception] [object] (ErrorException(code: 0): Attempt to read property \"spot_detail\" on null at /home/wonderparkbd/public_html/storage/framework/views/e225f9eb62bb1b9fc0a5c49cfd20de21.php:91)
[stacktrace]
#0 /home/wonderparkbd/public_html/vendor/laravel/framework/src/Illuminate/Foundation/Bootstrap/HandleExceptions.php(255): Illuminate\\Foundation\\Bootstrap\\HandleExceptions->handleError()
#1 /home/wonderparkbd/public_html/storage/framework/views/e225f9eb62bb1b9fc0a5c49cfd20de21.php(91): Illuminate\\Foundation\\Bootstrap\\HandleExceptions->{closure:Illuminate\\Foundation\\Bootstrap\\HandleExceptions::forwardsTo():254}()
#2 /home/wonderparkbd/public_html/vendor/laravel/framework/src/Illuminate/Filesystem/Filesystem.php(123): require('/home/wonderpar...')
#3 /home/wonderparkbd/public_html/vendor/laravel/framework/src/Illuminate/Filesystem/Filesystem.php(124): Illuminate\\Filesystem\\Filesystem::{closure:Illuminate\\Filesystem\\Filesystem::getRequire():120}()
#4 /home/wonderparkbd/public_html/vendor/laravel/framework/src/Illuminate/View/Engines/PhpEngine.php(58): Illuminate\\Filesystem\\Filesystem->getRequire()
#5 /home/wonderparkbd/public_html/vendor/livewire/livewire/src/ComponentConcerns/RendersLivewireComponents.php(69): Illuminate\\View\\Engines\\PhpEngine->evaluatePath()
#6 /home/wonderparkbd/public_html/vendor/laravel/framework/src/Illuminate/View/Engines/CompilerEngine.php(72): Livewire\\LivewireViewCompilerEngine->evaluatePath()
#7 /home/wonderparkbd/public_html/vendor/livewire/livewire/src/ComponentConcerns/RendersLivewireComponents.php(35): Illuminate\\View\\Engines\\CompilerEngine->get()
#8 /home/wonderparkbd/public_html/vendor/laravel/framework/src/Illuminate/View/View.php(207): Livewire\\LivewireViewCompilerEngine->get()
#9 /home/wonderparkbd/public_html/vendor/laravel/framework/src/Illuminate/View/View.php(190): Illuminate\\View\\View->getContents()
#10 /home/wonderparkbd/public_html/vendor/laravel/framework/src/Illuminate/View/View.php(159): Illuminate\\View\\View->renderContents()
#11 /home/wonderparkbd/public_html/vendor/laravel/framework/src/Illuminate/Http/Response.php(69): Illuminate\\View\\View->render()
#12 /home/wonderparkbd/public_html/vendor/laravel/framework/src/Illuminate/Http/Response.php(35): Illuminate\\Http\\Response->setContent()
#13 /home/wonderparkbd/public_html/vendor/laravel/framework/src/Illuminate/Routing/Router.php(918): Illuminate\\Http\\Response->__construct()
#14 /home/wonderparkbd/public_html/vendor/laravel/framework/src/Illuminate/Routing/Router.php(885): Illuminate\\Routing\\Router::toResponse()
#15 /home/wonderparkbd/public_html/vendor/laravel/framework/src/Illuminate/Routing/Router.php(805): Illuminate\\Routing\\Router->prepareResponse()
#16 /home/wonderparkbd/public_html/vendor/laravel/framework/src/Illuminate/Pipeline/Pipeline.php(144): Illuminate\\Routing\\Router->{closure:Illuminate\\Routing\\Router::runRouteWithinStack():805}()
#17 /home/wonderparkbd/public_html/app/Http/Middleware/SetLocale.php(18): Illuminate\\Pipeline\\Pipeline->{closure:Illuminate\\Pipeline\\Pipeline::prepareDestination():142}()
#18 /home/wonderparkbd/public_html/vendor/laravel/framework/src/Illuminate/Pipeline/Pipeline.php(183): App\\Http\\Middleware\\SetLocale->handle()
#19 /home/wonderparkbd/public_html/vendor/laravel/framework/src/Illuminate/Routing/Middleware/SubstituteBindings.php(50): Illuminate\\Pipeline\\Pipeline->{closure:{closure:Illuminate\\Pipeline\\Pipeline::carry():158}:159}()
#20 /home/wonderparkbd/public_html/vendor/laravel/framework/src/Illuminate/Pipeline/Pipeline.php(183): Illuminate\\Routing\\Middleware\\SubstituteBindings->handle()
#21 /home/wonderparkbd/public_html/vendor/laravel/framework/src/Illuminate/Foundation/Http/Middleware/VerifyCsrfToken.php(78): Illuminate\\Pipeline\\Pipeline->{closure:{closure:Illuminate\\Pipeline\\Pipeline::carry():158}:159}()
#22 /home/wonderparkbd/public_html/vendor/laravel/framework/src/Illuminate/Pipeline/Pipeline.php(183): Illuminate\\Foundation\\Http\\Middleware\\VerifyCsrfToken->handle()
#23 /home/wonderparkbd/public_html/vendor/laravel/framework/src/Illuminate/View/Middleware/ShareErrorsFromSession.php(49): Illuminate\\Pipeline\\Pipeline->{closure:{closure:Illuminate\\Pipeline\\Pipeline::carry():158}:159}()
#24 /home/wonderparkbd/public_html/vendor/laravel/framework/src/Illuminate/Pipeline/Pipeline.php(183): Illuminate\\View\\Middleware\\ShareErrorsFromSession->handle()
#25 /home/wonderparkbd/public_html/vendor/laravel/framework/src/Illuminate/Session/Middleware/StartSession.php(121): Illuminate\\Pipeline\\Pipeline->{closure:{closure:Illuminate\\Pipeline\\Pipeline::carry():158}:159}()
#26 /home/wonderparkbd/public_html/vendor/laravel/framework/src/Illuminate/Session/Middleware/StartSession.php(64): Illuminate\\Session\\Middleware\\StartSession->handleStatefulRequest()
#27 /home/wonderparkbd/public_html/vendor/laravel/framework/src/Illuminate/Pipeline/Pipeline.php(183): Illuminate\\Session\\Middleware\\StartSession->handle()
#28 /home/wonderparkbd/public_html/vendor/laravel/framework/src/Illuminate/Cookie/Middleware/AddQueuedCookiesToResponse.php(37): Illuminate\\Pipeline\\Pipeline->{closure:{closure:Illuminate\\Pipeline\\Pipeline::carry():158}:159}()
#29 /home/wonderparkbd/public_html/vendor/laravel/framework/src/Illuminate/Pipeline/Pipeline.php(183): Illuminate\\Cookie\\Middleware\\AddQueuedCookiesToResponse->handle()
#30 /home/wonderparkbd/public_html/vendor/laravel/framework/src/Illuminate/Cookie/Middleware/EncryptCookies.php(67): Illuminate\\Pipeline\\Pipeline->{closure:{closure:Illuminate\\Pipeline\\Pipeline::carry():158}:159}()
#31 /home/wonderparkbd/public_html/vendor/laravel/framework/src/Illuminate/Pipeline/Pipeline.php(183): Illuminate\\Cookie\\Middleware\\EncryptCookies->handle()
#32 /home/wonderparkbd/public_html/vendor/laravel/framework/src/Illuminate/Pipeline/Pipeline.php(119): Illuminate\\Pipeline\\Pipeline->{closure:{closure:Illuminate\\Pipeline\\Pipeline::carry():158}:159}()
#33 /home/wonderparkbd/public_html/vendor/laravel/framework/src/Illuminate/Routing/Router.php(805): Illuminate\\Pipeline\\Pipeline->then()
#34 /home/wonderparkbd/public_html/vendor/laravel/framework/src/Illuminate/Routing/Router.php(784): Illuminate\\Routing\\Router->runRouteWithinStack()
#35 /home/wonderparkbd/public_html/vendor/laravel/framework/src/Illuminate/Routing/Router.php(748): Illuminate\\Routing\\Router->runRoute()
#36 /home/wonderparkbd/public_html/vendor/laravel/framework/src/Illuminate/Routing/Router.php(737): Illuminate\\Routing\\Router->dispatchToRoute()
#37 /home/wonderparkbd/public_html/vendor/laravel/framework/src/Illuminate/Foundation/Http/Kernel.php(200): Illuminate\\Routing\\Router->dispatch()
#38 /home/wonderparkbd/public_html/vendor/laravel/framework/src/Illuminate/Pipeline/Pipeline.php(144): Illuminate\\Foundation\\Http\\Kernel->{closure:Illuminate\\Foundation\\Http\\Kernel::dispatchToRouter():197}()
#39 /home/wonderparkbd/public_html/vendor/livewire/livewire/src/DisableBrowserCache.php(19): Illuminate\\Pipeline\\Pipeline->{closure:Illuminate\\Pipeline\\Pipeline::prepareDestination():142}()
#40 /home/wonderparkbd/public_html/vendor/laravel/framework/src/Illuminate/Pipeline/Pipeline.php(183): Livewire\\DisableBrowserCache->handle()
#41 /home/wonderparkbd/public_html/vendor/laravel/framework/src/Illuminate/Foundation/Http/Middleware/TransformsRequest.php(21): Illuminate\\Pipeline\\Pipeline->{closure:{closure:Illuminate\\Pipeline\\Pipeline::carry():158}:159}()
#42 /home/wonderparkbd/public_html/vendor/laravel/framework/src/Illuminate/Foundation/Http/Middleware/ConvertEmptyStringsToNull.php(31): Illuminate\\Foundation\\Http\\Middleware\\TransformsRequest->handle()
#43 /home/wonderparkbd/public_html/vendor/laravel/framework/src/Illuminate/Pipeline/Pipeline.php(183): Illuminate\\Foundation\\Http\\Middleware\\ConvertEmptyStringsToNull->handle()
#44 /home/wonderparkbd/public_html/vendor/laravel/framework/src/Illuminate/Foundation/Http/Middleware/TransformsRequest.php(21): Illuminate\\Pipeline\\Pipeline->{closure:{closure:Illuminate\\Pipeline\\Pipeline::carry():158}:159}()
#45 /home/wonderparkbd/public_html/vendor/laravel/framework/src/Illuminate/Foundation/Http/Middleware/TrimStrings.php(40): Illuminate\\Foundation\\Http\\Middleware\\TransformsRequest->handle()
#46 /home/wonderparkbd/public_html/vendor/laravel/framework/src/Illuminate/Pipeline/Pipeline.php(183): Illuminate\\Foundation\\Http\\Middleware\\TrimStrings->handle()
#47 /home/wonderparkbd/public_html/vendor/laravel/framework/src/Illuminate/Foundation/Http/Middleware/ValidatePostSize.php(27): Illuminate\\Pipeline\\Pipeline->{closure:{closure:Illuminate\\Pipeline\\Pipeline::carry():158}:159}()
#48 /home/wonderparkbd/public_html/vendor/laravel/framework/src/Illuminate/Pipeline/Pipeline.php(183): Illuminate\\Foundation\\Http\\Middleware\\ValidatePostSize->handle()
#49 /home/wonderparkbd/public_html/vendor/laravel/framework/src/Illuminate/Foundation/Http/Middleware/PreventRequestsDuringMaintenance.php(99): Illuminate\\Pipeline\\Pipeline->{closure:{closure:Illuminate\\Pipeline\\Pipeline::carry():158}:159}()
#50 /home/wonderparkbd/public_html/vendor/laravel/framework/src/Illuminate/Pipeline/Pipeline.php(183): Illuminate\\Foundation\\Http\\Middleware\\PreventRequestsDuringMaintenance->handle()
#51 /home/wonderparkbd/public_html/vendor/laravel/framework/src/Illuminate/Http/Middleware/HandleCors.php(49): Illuminate\\Pipeline\\Pipeline->{closure:{closure:Illuminate\\Pipeline\\Pipeline::carry():158}:159}()
#52 /home/wonderparkbd/public_html/vendor/laravel/framework/src/Illuminate/Pipeline/Pipeline.php(183): Illuminate\\Http\\Middleware\\HandleCors->handle()
#53 /home/wonderparkbd/public_html/vendor/laravel/framework/src/Illuminate/Http/Middleware/TrustProxies.php(39): Illuminate\\Pipeline\\Pipeline->{closure:{closure:Illuminate\\Pipeline\\Pipeline::carry():158}:159}()
#54 /home/wonderparkbd/public_html/vendor/laravel/framework/src/Illuminate/Pipeline/Pipeline.php(183): Illuminate\\Http\\Middleware\\TrustProxies->handle()
#55 /home/wonderparkbd/public_html/vendor/laravel/framework/src/Illuminate/Pipeline/Pipeline.php(119): Illuminate\\Pipeline\\Pipeline->{closure:{closure:Illuminate\\Pipeline\\Pipeline::carry():158}:159}()
#56 /home/wonderparkbd/public_html/vendor/laravel/framework/src/Illuminate/Foundation/Http/Kernel.php(175): Illuminate\\Pipeline\\Pipeline->then()
#57 /home/wonderparkbd/public_html/vendor/laravel/framework/src/Illuminate/Foundation/Http/Kernel.php(144): Illuminate\\Foundation\\Http\\Kernel->sendRequestThroughRouter()
#58 /home/wonderparkbd/public_html/public/index.php(51): Illuminate\\Foundation\\Http\\Kernel->handle()
#59 {main}
"} 
[2026-07-18 13:22:05] production.ERROR: Attempt to read property "spot_detail" on null {"view":{"view":"/home/wonderparkbd/public_html/resources/views/pages/frontend/spot_details.blade.php","data":[]},"exception":"[object] (Spatie\\LaravelIgnition\\Exceptions\\ViewException(code: 0): Attempt to read property \"spot_detail\" on null at /home/wonderparkbd/public_html/resources/views/pages/frontend/spot_details.blade.php:91)
[stacktrace]
#0 /home/wonderparkbd/public_html/vendor/laravel/framework/src/Illuminate/Filesystem/Filesystem.php(123): require('/home/wonderpar...')
#1 /home/wonderparkbd/public_html/vendor/laravel/framework/src/Illuminate/Filesystem/Filesystem.php(124): Illuminate\\Filesystem\\Filesystem::{closure:Illuminate\\Filesystem\\Filesystem::getRequire():120}()
#2 /home/wonderparkbd/public_html/vendor/laravel/framework/src/Illuminate/View/Engines/PhpEngine.php(58): Illuminate\\Filesystem\\Filesystem->getRequire()
#3 /home/wonderparkbd/public_html/vendor/livewire/livewire/src/ComponentConcerns/RendersLivewireComponents.php(69): Illuminate\\View\\Engines\\PhpEngine->evaluatePath()
#4 /home/wonderparkbd/public_html/vendor/laravel/framework/src/Illuminate/View/Engines/CompilerEngine.php(72): Livewire\\LivewireViewCompilerEngine->evaluatePath()
#5 /home/wonderparkbd/public_html/vendor/livewire/livewire/src/ComponentConcerns/RendersLivewireComponents.php(35): Illuminate\\View\\Engines\\CompilerEngine->get()
#6 /home/wonderparkbd/public_html/vendor/laravel/framework/src/Illuminate/View/View.php(207): Livewire\\LivewireViewCompilerEngine->get()
#7 /home/wonderparkbd/public_html/vendor/laravel/framework/src/Illuminate/View/View.php(190): Illuminate\\View\\View->getContents()
#8 /home/wonderparkbd/public_html/vendor/laravel/framework/src/Illuminate/View/View.php(159): Illuminate\\View\\View->renderContents()
#9 /home/wonderparkbd/public_html/vendor/laravel/framework/src/Illuminate/Http/Response.php(69): Illuminate\\View\\View->render()
#10 /home/wonderparkbd/public_html/vendor/laravel/framework/src/Illuminate/Http/Response.php(35): Illuminate\\Http\\Response->setContent()
#11 /home/wonderparkbd/public_html/vendor/laravel/framework/src/Illuminate/Routing/Router.php(918): Illuminate\\Http\\Response->__construct()
#12 /home/wonderparkbd/public_html/vendor/laravel/framework/src/Illuminate/Routing/Router.php(885): Illuminate\\Routing\\Router::toResponse()
#13 /home/wonderparkbd/public_html/vendor/laravel/framework/src/Illuminate/Routing/Router.php(805): Illuminate\\Routing\\Router->prepareResponse()
#14 /home/wonderparkbd/public_html/vendor/laravel/framework/src/Illuminate/Pipeline/Pipeline.php(144): Illuminate\\Routing\\Router->{closure:Illuminate\\Routing\\Router::runRouteWithinStack():805}()
#15 /home/wonderparkbd/public_html/app/Http/Middleware/SetLocale.php(18): Illuminate\\Pipeline\\Pipeline->{closure:Illuminate\\Pipeline\\Pipeline::prepareDestination():142}()
#16 /home/wonderparkbd/public_html/vendor/laravel/framework/src/Illuminate/Pipeline/Pipeline.php(183): App\\Http\\Middleware\\SetLocale->handle()
#17 /home/wonderparkbd/public_html/vendor/laravel/framework/src/Illuminate/Routing/Middleware/SubstituteBindings.php(50): Illuminate\\Pipeline\\Pipeline->{closure:{closure:Illuminate\\Pipeline\\Pipeline::carry():158}:159}()
#18 /home/wonderparkbd/public_html/vendor/laravel/framework/src/Illuminate/Pipeline/Pipeline.php(183): Illuminate\\Routing\\Middleware\\SubstituteBindings->handle()
#19 /home/wonderparkbd/public_html/vendor/laravel/framework/src/Illuminate/Foundation/Http/Middleware/VerifyCsrfToken.php(78): Illuminate\\Pipeline\\Pipeline->{closure:{closure:Illuminate\\Pipeline\\Pipeline::carry():158}:159}()
#20 /home/wonderparkbd/public_html/vendor/laravel/framework/src/Illuminate/Pipeline/Pipeline.php(183): Illuminate\\Foundation\\Http\\Middleware\\VerifyCsrfToken->handle()
#21 /home/wonderparkbd/public_html/vendor/laravel/framework/src/Illuminate/View/Middleware/ShareErrorsFromSession.php(49): Illuminate\\Pipeline\\Pipeline->{closure:{closure:Illuminate\\Pipeline\\Pipeline::carry():158}:159}()
#22 /home/wonderparkbd/public_html/vendor/laravel/framework/src/Illuminate/Pipeline/Pipeline.php(183): Illuminate\\View\\Middleware\\ShareErrorsFromSession->handle()
#23 /home/wonderparkbd/public_html/vendor/laravel/framework/src/Illuminate/Session/Middleware/StartSession.php(121): Illuminate\\Pipeline\\Pipeline->{closure:{closure:Illuminate\\Pipeline\\Pipeline::carry():158}:159}()
#24 /home/wonderparkbd/public_html/vendor/laravel/framework/src/Illuminate/Session/Middleware/StartSession.php(64): Illuminate\\Session\\Middleware\\StartSession->handleStatefulRequest()
#25 /home/wonderparkbd/public_html/vendor/laravel/framework/src/Illuminate/Pipeline/Pipeline.php(183): Illuminate\\Session\\Middleware\\StartSession->handle()
#26 /home/wonderparkbd/public_html/vendor/laravel/framework/src/Illuminate/Cookie/Middleware/AddQueuedCookiesToResponse.php(37): Illuminate\\Pipeline\\Pipeline->{closure:{closure:Illuminate\\Pipeline\\Pipeline::carry():158}:159}()
#27 /home/wonderparkbd/public_html/vendor/laravel/framework/src/Illuminate/Pipeline/Pipeline.php(183): Illuminate\\Cookie\\Middleware\\AddQueuedCookiesToResponse->handle()
#28 /home/wonderparkbd/public_html/vendor/laravel/framework/src/Illuminate/Cookie/Middleware/EncryptCookies.php(67): Illuminate\\Pipeline\\Pipeline->{closure:{closure:Illuminate\\Pipeline\\Pipeline::carry():158}:159}()
#29 /home/wonderparkbd/public_html/vendor/laravel/framework/src/Illuminate/Pipeline/Pipeline.php(183): Illuminate\\Cookie\\Middleware\\EncryptCookies->handle()
#30 /home/wonderparkbd/public_html/vendor/laravel/framework/src/Illuminate/Pipeline/Pipeline.php(119): Illuminate\\Pipeline\\Pipeline->{closure:{closure:Illuminate\\Pipeline\\Pipeline::carry():158}:159}()
#31 /home/wonderparkbd/public_html/vendor/laravel/framework/src/Illuminate/Routing/Router.php(805): Illuminate\\Pipeline\\Pipeline->then()
#32 /home/wonderparkbd/public_html/vendor/laravel/framework/src/Illuminate/Routing/Router.php(784): Illuminate\\Routing\\Router->runRouteWithinStack()
#33 /home/wonderparkbd/public_html/vendor/laravel/framework/src/Illuminate/Routing/Router.php(748): Illuminate\\Routing\\Router->runRoute()
#34 /home/wonderparkbd/public_html/vendor/laravel/framework/src/Illuminate/Routing/Router.php(737): Illuminate\\Routing\\Router->dispatchToRoute()
#35 /home/wonderparkbd/public_html/vendor/laravel/framework/src/Illuminate/Foundation/Http/Kernel.php(200): Illuminate\\Routing\\Router->dispatch()
#36 /home/wonderparkbd/public_html/vendor/laravel/framework/src/Illuminate/Pipeline/Pipeline.php(144): Illuminate\\Foundation\\Http\\Kernel->{closure:Illuminate\\Foundation\\Http\\Kernel::dispatchToRouter():197}()
#37 /home/wonderparkbd/public_html/vendor/livewire/livewire/src/DisableBrowserCache.php(19): Illuminate\\Pipeline\\Pipeline->{closure:Illuminate\\Pipeline\\Pipeline::prepareDestination():142}()
#38 /home/wonderparkbd/public_html/vendor/laravel/framework/src/Illuminate/Pipeline/Pipeline.php(183): Livewire\\DisableBrowserCache->handle()
#39 /home/wonderparkbd/public_html/vendor/laravel/framework/src/Illuminate/Foundation/Http/Middleware/TransformsRequest.php(21): Illuminate\\Pipeline\\Pipeline->{closure:{closure:Illuminate\\Pipeline\\Pipeline::carry():158}:159}()
#40 /home/wonderparkbd/public_html/vendor/laravel/framework/src/Illuminate/Foundation/Http/Middleware/ConvertEmptyStringsToNull.php(31): Illuminate\\Foundation\\Http\\Middleware\\TransformsRequest->handle()
#41 /home/wonderparkbd/public_html/vendor/laravel/framework/src/Illuminate/Pipeline/Pipeline.php(183): Illuminate\\Foundation\\Http\\Middleware\\ConvertEmptyStringsToNull->handle()
#42 /home/wonderparkbd/public_html/vendor/laravel/framework/src/Illuminate/Foundation/Http/Middleware/TransformsRequest.php(21): Illuminate\\Pipeline\\Pipeline->{closure:{closure:Illuminate\\Pipeline\\Pipeline::carry():158}:159}()
#43 /home/wonderparkbd/public_html/vendor/laravel/framework/src/Illuminate/Foundation/Http/Middleware/TrimStrings.php(40): Illuminate\\Foundation\\Http\\Middleware\\TransformsRequest->handle()
#44 /home/wonderparkbd/public_html/vendor/laravel/framework/src/Illuminate/Pipeline/Pipeline.php(183): Illuminate\\Foundation\\Http\\Middleware\\TrimStrings->handle()
#45 /home/wonderparkbd/public_html/vendor/laravel/framework/src/Illuminate/Foundation/Http/Middleware/ValidatePostSize.php(27): Illuminate\\Pipeline\\Pipeline->{closure:{closure:Illuminate\\Pipeline\\Pipeline::carry():158}:159}()
#46 /home/wonderparkbd/public_html/vendor/laravel/framework/src/Illuminate/Pipeline/Pipeline.php(183): Illuminate\\Foundation\\Http\\Middleware\\ValidatePostSize->handle()
#47 /home/wonderparkbd/public_html/vendor/laravel/framework/src/Illuminate/Foundation/Http/Middleware/PreventRequestsDuringMaintenance.php(99): Illuminate\\Pipeline\\Pipeline->{closure:{closure:Illuminate\\Pipeline\\Pipeline::carry():158}:159}()
#48 /home/wonderparkbd/public_html/vendor/laravel/framework/src/Illuminate/Pipeline/Pipeline.php(183): Illuminate\\Foundation\\Http\\Middleware\\PreventRequestsDuringMaintenance->handle()
#49 /home/wonderparkbd/public_html/vendor/laravel/framework/src/Illuminate/Http/Middleware/HandleCors.php(49): Illuminate\\Pipeline\\Pipeline->{closure:{closure:Illuminate\\Pipeline\\Pipeline::carry():158}:159}()
#50 /home/wonderparkbd/public_html/vendor/laravel/framework/src/Illuminate/Pipeline/Pipeline.php(183): Illuminate\\Http\\Middleware\\HandleCors->handle()
#51 /home/wonderparkbd/public_html/vendor/laravel/framework/src/Illuminate/Http/Middleware/TrustProxies.php(39): Illuminate\\Pipeline\\Pipeline->{closure:{closure:Illuminate\\Pipeline\\Pipeline::carry():158}:159}()
#52 /home/wonderparkbd/public_html/vendor/laravel/framework/src/Illuminate/Pipeline/Pipeline.php(183): Illuminate\\Http\\Middleware\\TrustProxies->handle()
#53 /home/wonderparkbd/public_html/vendor/laravel/framework/src/Illuminate/Pipeline/Pipeline.php(119): Illuminate\\Pipeline\\Pipeline->{closure:{closure:Illuminate\\Pipeline\\Pipeline::carry():158}:159}()
#54 /home/wonderparkbd/public_html/vendor/laravel/framework/src/Illuminate/Foundation/Http/Kernel.php(175): Illuminate\\Pipeline\\Pipeline->then()
#55 /home/wonderparkbd/public_html/vendor/laravel/framework/src/Illuminate/Foundation/Http/Kernel.php(144): Illuminate\\Foundation\\Http\\Kernel->sendRequestThroughRouter()
#56 /home/wonderparkbd/public_html/public/index.php(51): Illuminate\\Foundation\\Http\\Kernel->handle()
#57 {main}

[previous exception] [object] (ErrorException(code: 0): Attempt to read property \"spot_detail\" on null at /home/wonderparkbd/public_html/storage/framework/views/e225f9eb62bb1b9fc0a5c49cfd20de21.php:91)
[stacktrace]
#0 /home/wonderparkbd/public_html/vendor/laravel/framework/src/Illuminate/Foundation/Bootstrap/HandleExceptions.php(255): Illuminate\\Foundation\\Bootstrap\\HandleExceptions->handleError()
#1 /home/wonderparkbd/public_html/storage/framework/views/e225f9eb62bb1b9fc0a5c49cfd20de21.php(91): Illuminate\\Foundation\\Bootstrap\\HandleExceptions->{closure:Illuminate\\Foundation\\Bootstrap\\HandleExceptions::forwardsTo():254}()
#2 /home/wonderparkbd/public_html/vendor/laravel/framework/src/Illuminate/Filesystem/Filesystem.php(123): require('/home/wonderpar...')
#3 /home/wonderparkbd/public_html/vendor/laravel/framework/src/Illuminate/Filesystem/Filesystem.php(124): Illuminate\\Filesystem\\Filesystem::{closure:Illuminate\\Filesystem\\Filesystem::getRequire():120}()
#4 /home/wonderparkbd/public_html/vendor/laravel/framework/src/Illuminate/View/Engines/PhpEngine.php(58): Illuminate\\Filesystem\\Filesystem->getRequire()
#5 /home/wonderparkbd/public_html/vendor/livewire/livewire/src/ComponentConcerns/RendersLivewireComponents.php(69): Illuminate\\View\\Engines\\PhpEngine->evaluatePath()
#6 /home/wonderparkbd/public_html/vendor/laravel/framework/src/Illuminate/View/Engines/CompilerEngine.php(72): Livewire\\LivewireViewCompilerEngine->evaluatePath()
#7 /home/wonderparkbd/public_html/vendor/livewire/livewire/src/ComponentConcerns/RendersLivewireComponents.php(35): Illuminate\\View\\Engines\\CompilerEngine->get()
#8 /home/wonderparkbd/public_html/vendor/laravel/framework/src/Illuminate/View/View.php(207): Livewire\\LivewireViewCompilerEngine->get()
#9 /home/wonderparkbd/public_html/vendor/laravel/framework/src/Illuminate/View/View.php(190): Illuminate\\View\\View->getContents()
#10 /home/wonderparkbd/public_html/vendor/laravel/framework/src/Illuminate/View/View.php(159): Illuminate\\View\\View->renderContents()
#11 /home/wonderparkbd/public_html/vendor/laravel/framework/src/Illuminate/Http/Response.php(69): Illuminate\\View\\View->render()
#12 /home/wonderparkbd/public_html/vendor/laravel/framework/src/Illuminate/Http/Response.php(35): Illuminate\\Http\\Response->setContent()
#13 /home/wonderparkbd/public_html/vendor/laravel/framework/src/Illuminate/Routing/Router.php(918): Illuminate\\Http\\Response->__construct()
#14 /home/wonderparkbd/public_html/vendor/laravel/framework/src/Illuminate/Routing/Router.php(885): Illuminate\\Routing\\Router::toResponse()
#15 /home/wonderparkbd/public_html/vendor/laravel/framework/src/Illuminate/Routing/Router.php(805): Illuminate\\Routing\\Router->prepareResponse()
#16 /home/wonderparkbd/public_html/vendor/laravel/framework/src/Illuminate/Pipeline/Pipeline.php(144): Illuminate\\Routing\\Router->{closure:Illuminate\\Routing\\Router::runRouteWithinStack():805}()
#17 /home/wonderparkbd/public_html/app/Http/Middleware/SetLocale.php(18): Illuminate\\Pipeline\\Pipeline->{closure:Illuminate\\Pipeline\\Pipeline::prepareDestination():142}()
#18 /home/wonderparkbd/public_html/vendor/laravel/framework/src/Illuminate/Pipeline/Pipeline.php(183): App\\Http\\Middleware\\SetLocale->handle()
#19 /home/wonderparkbd/public_html/vendor/laravel/framework/src/Illuminate/Routing/Middleware/SubstituteBindings.php(50): Illuminate\\Pipeline\\Pipeline->{closure:{closure:Illuminate\\Pipeline\\Pipeline::carry():158}:159}()
#20 /home/wonderparkbd/public_html/vendor/laravel/framework/src/Illuminate/Pipeline/Pipeline.php(183): Illuminate\\Routing\\Middleware\\SubstituteBindings->handle()
#21 /home/wonderparkbd/public_html/vendor/laravel/framework/src/Illuminate/Foundation/Http/Middleware/VerifyCsrfToken.php(78): Illuminate\\Pipeline\\Pipeline->{closure:{closure:Illuminate\\Pipeline\\Pipeline::carry():158}:159}()
#22 /home/wonderparkbd/public_html/vendor/laravel/framework/src/Illuminate/Pipeline/Pipeline.php(183): Illuminate\\Foundation\\Http\\Middleware\\VerifyCsrfToken->handle()
#23 /home/wonderparkbd/public_html/vendor/laravel/framework/src/Illuminate/View/Middleware/ShareErrorsFromSession.php(49): Illuminate\\Pipeline\\Pipeline->{closure:{closure:Illuminate\\Pipeline\\Pipeline::carry():158}:159}()
#24 /home/wonderparkbd/public_html/vendor/laravel/framework/src/Illuminate/Pipeline/Pipeline.php(183): Illuminate\\View\\Middleware\\ShareErrorsFromSession->handle()
#25 /home/wonderparkbd/public_html/vendor/laravel/framework/src/Illuminate/Session/Middleware/StartSession.php(121): Illuminate\\Pipeline\\Pipeline->{closure:{closure:Illuminate\\Pipeline\\Pipeline::carry():158}:159}()
#26 /home/wonderparkbd/public_html/vendor/laravel/framework/src/Illuminate/Session/Middleware/StartSession.php(64): Illuminate\\Session\\Middleware\\StartSession->handleStatefulRequest()
#27 /home/wonderparkbd/public_html/vendor/laravel/framework/src/Illuminate/Pipeline/Pipeline.php(183): Illuminate\\Session\\Middleware\\StartSession->handle()
#28 /home/wonderparkbd/public_html/vendor/laravel/framework/src/Illuminate/Cookie/Middleware/AddQueuedCookiesToResponse.php(37): Illuminate\\Pipeline\\Pipeline->{closure:{closure:Illuminate\\Pipeline\\Pipeline::carry():158}:159}()
#29 /home/wonderparkbd/public_html/vendor/laravel/framework/src/Illuminate/Pipeline/Pipeline.php(183): Illuminate\\Cookie\\Middleware\\AddQueuedCookiesToResponse->handle()
#30 /home/wonderparkbd/public_html/vendor/laravel/framework/src/Illuminate/Cookie/Middleware/EncryptCookies.php(67): Illuminate\\Pipeline\\Pipeline->{closure:{closure:Illuminate\\Pipeline\\Pipeline::carry():158}:159}()
#31 /home/wonderparkbd/public_html/vendor/laravel/framework/src/Illuminate/Pipeline/Pipeline.php(183): Illuminate\\Cookie\\Middleware\\EncryptCookies->handle()
#32 /home/wonderparkbd/public_html/vendor/laravel/framework/src/Illuminate/Pipeline/Pipeline.php(119): Illuminate\\Pipeline\\Pipeline->{closure:{closure:Illuminate\\Pipeline\\Pipeline::carry():158}:159}()
#33 /home/wonderparkbd/public_html/vendor/laravel/framework/src/Illuminate/Routing/Router.php(805): Illuminate\\Pipeline\\Pipeline->then()
#34 /home/wonderparkbd/public_html/vendor/laravel/framework/src/Illuminate/Routing/Router.php(784): Illuminate\\Routing\\Router->runRouteWithinStack()
#35 /home/wonderparkbd/public_html/vendor/laravel/framework/src/Illuminate/Routing/Router.php(748): Illuminate\\Routing\\Router->runRoute()
#36 /home/wonderparkbd/public_html/vendor/laravel/framework/src/Illuminate/Routing/Router.php(737): Illuminate\\Routing\\Router->dispatchToRoute()
#37 /home/wonderparkbd/public_html/vendor/laravel/framework/src/Illuminate/Foundation/Http/Kernel.php(200): Illuminate\\Routing\\Router->dispatch()
#38 /home/wonderparkbd/public_html/vendor/laravel/framework/src/Illuminate/Pipeline/Pipeline.php(144): Illuminate\\Foundation\\Http\\Kernel->{closure:Illuminate\\Foundation\\Http\\Kernel::dispatchToRouter():197}()
#39 /home/wonderparkbd/public_html/vendor/livewire/livewire/src/DisableBrowserCache.php(19): Illuminate\\Pipeline\\Pipeline->{closure:Illuminate\\Pipeline\\Pipeline::prepareDestination():142}()
#40 /home/wonderparkbd/public_html/vendor/laravel/framework/src/Illuminate/Pipeline/Pipeline.php(183): Livewire\\DisableBrowserCache->handle()
#41 /home/wonderparkbd/public_html/vendor/laravel/framework/src/Illuminate/Foundation/Http/Middleware/TransformsRequest.php(21): Illuminate\\Pipeline\\Pipeline->{closure:{closure:Illuminate\\Pipeline\\Pipeline::carry():158}:159}()
#42 /home/wonderparkbd/public_html/vendor/laravel/framework/src/Illuminate/Foundation/Http/Middleware/ConvertEmptyStringsToNull.php(31): Illuminate\\Foundation\\Http\\Middleware\\TransformsRequest->handle()
#43 /home/wonderparkbd/public_html/vendor/laravel/framework/src/Illuminate/Pipeline/Pipeline.php(183): Illuminate\\Foundation\\Http\\Middleware\\ConvertEmptyStringsToNull->handle()
#44 /home/wonderparkbd/public_html/vendor/laravel/framework/src/Illuminate/Foundation/Http/Middleware/TransformsRequest.php(21): Illuminate\\Pipeline\\Pipeline->{closure:{closure:Illuminate\\Pipeline\\Pipeline::carry():158}:159}()
#45 /home/wonderparkbd/public_html/vendor/laravel/framework/src/Illuminate/Foundation/Http/Middleware/TrimStrings.php(40): Illuminate\\Foundation\\Http\\Middleware\\TransformsRequest->handle()
#46 /home/wonderparkbd/public_html/vendor/laravel/framework/src/Illuminate/Pipeline/Pipeline.php(183): Illuminate\\Foundation\\Http\\Middleware\\TrimStrings->handle()
#47 /home/wonderparkbd/public_html/vendor/laravel/framework/src/Illuminate/Foundation/Http/Middleware/ValidatePostSize.php(27): Illuminate\\Pipeline\\Pipeline->{closure:{closure:Illuminate\\Pipeline\\Pipeline::carry():158}:159}()
#48 /home/wonderparkbd/public_html/vendor/laravel/framework/src/Illuminate/Pipeline/Pipeline.php(183): Illuminate\\Foundation\\Http\\Middleware\\ValidatePostSize->handle()
#49 /home/wonderparkbd/public_html/vendor/laravel/framework/src/Illuminate/Foundation/Http/Middleware/PreventRequestsDuringMaintenance.php(99): Illuminate\\Pipeline\\Pipeline->{closure:{closure:Illuminate\\Pipeline\\Pipeline::carry():158}:159}()
#50 /home/wonderparkbd/public_html/vendor/laravel/framework/src/Illuminate/Pipeline/Pipeline.php(183): Illuminate\\Foundation\\Http\\Middleware\\PreventRequestsDuringMaintenance->handle()
#51 /home/wonderparkbd/public_html/vendor/laravel/framework/src/Illuminate/Http/Middleware/HandleCors.php(49): Illuminate\\Pipeline\\Pipeline->{closure:{closure:Illuminate\\Pipeline\\Pipeline::carry():158}:159}()
#52 /home/wonderparkbd/public_html/vendor/laravel/framework/src/Illuminate/Pipeline/Pipeline.php(183): Illuminate\\Http\\Middleware\\HandleCors->handle()
#53 /home/wonderparkbd/public_html/vendor/laravel/framework/src/Illuminate/Http/Middleware/TrustProxies.php(39): Illuminate\\Pipeline\\Pipeline->{closure:{closure:Illuminate\\Pipeline\\Pipeline::carry():158}:159}()
#54 /home/wonderparkbd/public_html/vendor/laravel/framework/src/Illuminate/Pipeline/Pipeline.php(183): Illuminate\\Http\\Middleware\\TrustProxies->handle()
#55 /home/wonderparkbd/public_html/vendor/laravel/framework/src/Illuminate/Pipeline/Pipeline.php(119): Illuminate\\Pipeline\\Pipeline->{closure:{closure:Illuminate\\Pipeline\\Pipeline::carry():158}:159}()
#56 /home/wonderparkbd/public_html/vendor/laravel/framework/src/Illuminate/Foundation/Http/Kernel.php(175): Illuminate\\Pipeline\\Pipeline->then()
#57 /home/wonderparkbd/public_html/vendor/laravel/framework/src/Illuminate/Foundation/Http/Kernel.php(144): Illuminate\\Foundation\\Http\\Kernel->sendRequestThroughRouter()
#58 /home/wonderparkbd/public_html/public/index.php(51): Illuminate\\Foundation\\Http\\Kernel->handle()
#59 {main}
"} 
[2026-07-18 13:22:35] production.ERROR: Attempt to read property "spot_detail" on null {"view":{"view":"/home/wonderparkbd/public_html/resources/views/pages/frontend/spot_details.blade.php","data":[]},"exception":"[object] (Spatie\\LaravelIgnition\\Exceptions\\ViewException(code: 0): Attempt to read property \"spot_detail\" on null at /home/wonderparkbd/public_html/resources/views/pages/frontend/spot_details.blade.php:91)
[stacktrace]
#0 /home/wonderparkbd/public_html/vendor/laravel/framework/src/Illuminate/Filesystem/Filesystem.php(123): require('/home/wonderpar...')
#1 /home/wonderparkbd/public_html/vendor/laravel/framework/src/Illuminate/Filesystem/Filesystem.php(124): Illuminate\\Filesystem\\Filesystem::{closure:Illuminate\\Filesystem\\Filesystem::getRequire():120}()
#2 /home/wonderparkbd/public_html/vendor/laravel/framework/src/Illuminate/View/Engines/PhpEngine.php(58): Illuminate\\Filesystem\\Filesystem->getRequire()
#3 /home/wonderparkbd/public_html/vendor/livewire/livewire/src/ComponentConcerns/RendersLivewireComponents.php(69): Illuminate\\View\\Engines\\PhpEngine->evaluatePath()
#4 /home/wonderparkbd/public_html/vendor/laravel/framework/src/Illuminate/View/Engines/CompilerEngine.php(72): Livewire\\LivewireViewCompilerEngine->evaluatePath()
#5 /home/wonderparkbd/public_html/vendor/livewire/livewire/src/ComponentConcerns/RendersLivewireComponents.php(35): Illuminate\\View\\Engines\\CompilerEngine->get()
#6 /home/wonderparkbd/public_html/vendor/laravel/framework/src/Illuminate/View/View.php(207): Livewire\\LivewireViewCompilerEngine->get()
#7 /home/wonderparkbd/public_html/vendor/laravel/framework/src/Illuminate/View/View.php(190): Illuminate\\View\\View->getContents()
#8 /home/wonderparkbd/public_html/vendor/laravel/framework/src/Illuminate/View/View.php(159): Illuminate\\View\\View->renderContents()
#9 /home/wonderparkbd/public_html/vendor/laravel/framework/src/Illuminate/Http/Response.php(69): Illuminate\\View\\View->render()
#10 /home/wonderparkbd/public_html/vendor/laravel/framework/src/Illuminate/Http/Response.php(35): Illuminate\\Http\\Response->setContent()
#11 /home/wonderparkbd/public_html/vendor/laravel/framework/src/Illuminate/Routing/Router.php(918): Illuminate\\Http\\Response->__construct()
#12 /home/wonderparkbd/public_html/vendor/laravel/framework/src/Illuminate/Routing/Router.php(885): Illuminate\\Routing\\Router::toResponse()
#13 /home/wonderparkbd/public_html/vendor/laravel/framework/src/Illuminate/Routing/Router.php(805): Illuminate\\Routing\\Router->prepareResponse()
#14 /home/wonderparkbd/public_html/vendor/laravel/framework/src/Illuminate/Pipeline/Pipeline.php(144): Illuminate\\Routing\\Router->{closure:Illuminate\\Routing\\Router::runRouteWithinStack():805}()
#15 /home/wonderparkbd/public_html/app/Http/Middleware/SetLocale.php(18): Illuminate\\Pipeline\\Pipeline->{closure:Illuminate\\Pipeline\\Pipeline::prepareDestination():142}()
#16 /home/wonderparkbd/public_html/vendor/laravel/framework/src/Illuminate/Pipeline/Pipeline.php(183): App\\Http\\Middleware\\SetLocale->handle()
#17 /home/wonderparkbd/public_html/vendor/laravel/framework/src/Illuminate/Routing/Middleware/SubstituteBindings.php(50): Illuminate\\Pipeline\\Pipeline->{closure:{closure:Illuminate\\Pipeline\\Pipeline::carry():158}:159}()
#18 /home/wonderparkbd/public_html/vendor/laravel/framework/src/Illuminate/Pipeline/Pipeline.php(183): Illuminate\\Routing\\Middleware\\SubstituteBindings->handle()
#19 /home/wonderparkbd/public_html/vendor/laravel/framework/src/Illuminate/Foundation/Http/Middleware/VerifyCsrfToken.php(78): Illuminate\\Pipeline\\Pipeline->{closure:{closure:Illuminate\\Pipeline\\Pipeline::carry():158}:159}()
#20 /home/wonderparkbd/public_html/vendor/laravel/framework/src/Illuminate/Pipeline/Pipeline.php(183): Illuminate\\Foundation\\Http\\Middleware\\VerifyCsrfToken->handle()
#21 /home/wonderparkbd/public_html/vendor/laravel/framework/src/Illuminate/View/Middleware/ShareErrorsFromSession.php(49): Illuminate\\Pipeline\\Pipeline->{closure:{closure:Illuminate\\Pipeline\\Pipeline::carry():158}:159}()
#22 /home/wonderparkbd/public_html/vendor/laravel/framework/src/Illuminate/Pipeline/Pipeline.php(183): Illuminate\\View\\Middleware\\ShareErrorsFromSession->handle()
#23 /home/wonderparkbd/public_html/vendor/laravel/framework/src/Illuminate/Session/Middleware/StartSession.php(121): Illuminate\\Pipeline\\Pipeline->{closure:{closure:Illuminate\\Pipeline\\Pipeline::carry():158}:159}()
#24 /home/wonderparkbd/public_html/vendor/laravel/framework/src/Illuminate/Session/Middleware/StartSession.php(64): Illuminate\\Session\\Middleware\\StartSession->handleStatefulRequest()
#25 /home/wonderparkbd/public_html/vendor/laravel/framework/src/Illuminate/Pipeline/Pipeline.php(183): Illuminate\\Session\\Middleware\\StartSession->handle()
#26 /home/wonderparkbd/public_html/vendor/laravel/framework/src/Illuminate/Cookie/Middleware/AddQueuedCookiesToResponse.php(37): Illuminate\\Pipeline\\Pipeline->{closure:{closure:Illuminate\\Pipeline\\Pipeline::carry():158}:159}()
#27 /home/wonderparkbd/public_html/vendor/laravel/framework/src/Illuminate/Pipeline/Pipeline.php(183): Illuminate\\Cookie\\Middleware\\AddQueuedCookiesToResponse->handle()
#28 /home/wonderparkbd/public_html/vendor/laravel/framework/src/Illuminate/Cookie/Middleware/EncryptCookies.php(67): Illuminate\\Pipeline\\Pipeline->{closure:{closure:Illuminate\\Pipeline\\Pipeline::carry():158}:159}()
#29 /home/wonderparkbd/public_html/vendor/laravel/framework/src/Illuminate/Pipeline/Pipeline.php(183): Illuminate\\Cookie\\Middleware\\EncryptCookies->handle()
#30 /home/wonderparkbd/public_html/vendor/laravel/framework/src/Illuminate/Pipeline/Pipeline.php(119): Illuminate\\Pipeline\\Pipeline->{closure:{closure:Illuminate\\Pipeline\\Pipeline::carry():158}:159}()
#31 /home/wonderparkbd/public_html/vendor/laravel/framework/src/Illuminate/Routing/Router.php(805): Illuminate\\Pipeline\\Pipeline->then()
#32 /home/wonderparkbd/public_html/vendor/laravel/framework/src/Illuminate/Routing/Router.php(784): Illuminate\\Routing\\Router->runRouteWithinStack()
#33 /home/wonderparkbd/public_html/vendor/laravel/framework/src/Illuminate/Routing/Router.php(748): Illuminate\\Routing\\Router->runRoute()
#34 /home/wonderparkbd/public_html/vendor/laravel/framework/src/Illuminate/Routing/Router.php(737): Illuminate\\Routing\\Router->dispatchToRoute()
#35 /home/wonderparkbd/public_html/vendor/laravel/framework/src/Illuminate/Foundation/Http/Kernel.php(200): Illuminate\\Routing\\Router->dispatch()
#36 /home/wonderparkbd/public_html/vendor/laravel/framework/src/Illuminate/Pipeline/Pipeline.php(144): Illuminate\\Foundation\\Http\\Kernel->{closure:Illuminate\\Foundation\\Http\\Kernel::dispatchToRouter():197}()
#37 /home/wonderparkbd/public_html/vendor/livewire/livewire/src/DisableBrowserCache.php(19): Illuminate\\Pipeline\\Pipeline->{closure:Illuminate\\Pipeline\\Pipeline::prepareDestination():142}()
#38 /home/wonderparkbd/public_html/vendor/laravel/framework/src/Illuminate/Pipeline/Pipeline.php(183): Livewire\\DisableBrowserCache->handle()
#39 /home/wonderparkbd/public_html/vendor/laravel/framework/src/Illuminate/Foundation/Http/Middleware/TransformsRequest.php(21): Illuminate\\Pipeline\\Pipeline->{closure:{closure:Illuminate\\Pipeline\\Pipeline::carry():158}:159}()
#40 /home/wonderparkbd/public_html/vendor/laravel/framework/src/Illuminate/Foundation/Http/Middleware/ConvertEmptyStringsToNull.php(31): Illuminate\\Foundation\\Http\\Middleware\\TransformsRequest->handle()
#41 /home/wonderparkbd/public_html/vendor/laravel/framework/src/Illuminate/Pipeline/Pipeline.php(183): Illuminate\\Foundation\\Http\\Middleware\\ConvertEmptyStringsToNull->handle()
#42 /home/wonderparkbd/public_html/vendor/laravel/framework/src/Illuminate/Foundation/Http/Middleware/TransformsRequest.php(21): Illuminate\\Pipeline\\Pipeline->{closure:{closure:Illuminate\\Pipeline\\Pipeline::carry():158}:159}()
#43 /home/wonderparkbd/public_html/vendor/laravel/framework/src/Illuminate/Foundation/Http/Middleware/TrimStrings.php(40): Illuminate\\Foundation\\Http\\Middleware\\TransformsRequest->handle()
#44 /home/wonderparkbd/public_html/vendor/laravel/framework/src/Illuminate/Pipeline/Pipeline.php(183): Illuminate\\Foundation\\Http\\Middleware\\TrimStrings->handle()
#45 /home/wonderparkbd/public_html/vendor/laravel/framework/src/Illuminate/Foundation/Http/Middleware/ValidatePostSize.php(27): Illuminate\\Pipeline\\Pipeline->{closure:{closure:Illuminate\\Pipeline\\Pipeline::carry():158}:159}()
#46 /home/wonderparkbd/public_html/vendor/laravel/framework/src/Illuminate/Pipeline/Pipeline.php(183): Illuminate\\Foundation\\Http\\Middleware\\ValidatePostSize->handle()
#47 /home/wonderparkbd/public_html/vendor/laravel/framework/src/Illuminate/Foundation/Http/Middleware/PreventRequestsDuringMaintenance.php(99): Illuminate\\Pipeline\\Pipeline->{closure:{closure:Illuminate\\Pipeline\\Pipeline::carry():158}:159}()
#48 /home/wonderparkbd/public_html/vendor/laravel/framework/src/Illuminate/Pipeline/Pipeline.php(183): Illuminate\\Foundation\\Http\\Middleware\\PreventRequestsDuringMaintenance->handle()
#49 /home/wonderparkbd/public_html/vendor/laravel/framework/src/Illuminate/Http/Middleware/HandleCors.php(49): Illuminate\\Pipeline\\Pipeline->{closure:{closure:Illuminate\\Pipeline\\Pipeline::carry():158}:159}()
#50 /home/wonderparkbd/public_html/vendor/laravel/framework/src/Illuminate/Pipeline/Pipeline.php(183): Illuminate\\Http\\Middleware\\HandleCors->handle()
#51 /home/wonderparkbd/public_html/vendor/laravel/framework/src/Illuminate/Http/Middleware/TrustProxies.php(39): Illuminate\\Pipeline\\Pipeline->{closure:{closure:Illuminate\\Pipeline\\Pipeline::carry():158}:159}()
#52 /home/wonderparkbd/public_html/vendor/laravel/framework/src/Illuminate/Pipeline/Pipeline.php(183): Illuminate\\Http\\Middleware\\TrustProxies->handle()
#53 /home/wonderparkbd/public_html/vendor/laravel/framework/src/Illuminate/Pipeline/Pipeline.php(119): Illuminate\\Pipeline\\Pipeline->{closure:{closure:Illuminate\\Pipeline\\Pipeline::carry():158}:159}()
#54 /home/wonderparkbd/public_html/vendor/laravel/framework/src/Illuminate/Foundation/Http/Kernel.php(175): Illuminate\\Pipeline\\Pipeline->then()
#55 /home/wonderparkbd/public_html/vendor/laravel/framework/src/Illuminate/Foundation/Http/Kernel.php(144): Illuminate\\Foundation\\Http\\Kernel->sendRequestThroughRouter()
#56 /home/wonderparkbd/public_html/public/index.php(51): Illuminate\\Foundation\\Http\\Kernel->handle()
#57 {main}

[previous exception] [object] (ErrorException(code: 0): Attempt to read property \"spot_detail\" on null at /home/wonderparkbd/public_html/storage/framework/views/e225f9eb62bb1b9fc0a5c49cfd20de21.php:91)
[stacktrace]
#0 /home/wonderparkbd/public_html/vendor/laravel/framework/src/Illuminate/Foundation/Bootstrap/HandleExceptions.php(255): Illuminate\\Foundation\\Bootstrap\\HandleExceptions->handleError()
#1 /home/wonderparkbd/public_html/storage/framework/views/e225f9eb62bb1b9fc0a5c49cfd20de21.php(91): Illuminate\\Foundation\\Bootstrap\\HandleExceptions->{closure:Illuminate\\Foundation\\Bootstrap\\HandleExceptions::forwardsTo():254}()
#2 /home/wonderparkbd/public_html/vendor/laravel/framework/src/Illuminate/Filesystem/Filesystem.php(123): require('/home/wonderpar...')
#3 /home/wonderparkbd/public_html/vendor/laravel/framework/src/Illuminate/Filesystem/Filesystem.php(124): Illuminate\\Filesystem\\Filesystem::{closure:Illuminate\\Filesystem\\Filesystem::getRequire():120}()
#4 /home/wonderparkbd/public_html/vendor/laravel/framework/src/Illuminate/View/Engines/PhpEngine.php(58): Illuminate\\Filesystem\\Filesystem->getRequire()
#5 /home/wonderparkbd/public_html/vendor/livewire/livewire/src/ComponentConcerns/RendersLivewireComponents.php(69): Illuminate\\View\\Engines\\PhpEngine->evaluatePath()
#6 /home/wonderparkbd/public_html/vendor/laravel/framework/src/Illuminate/View/Engines/CompilerEngine.php(72): Livewire\\LivewireViewCompilerEngine->evaluatePath()
#7 /home/wonderparkbd/public_html/vendor/livewire/livewire/src/ComponentConcerns/RendersLivewireComponents.php(35): Illuminate\\View\\Engines\\CompilerEngine->get()
#8 /home/wonderparkbd/public_html/vendor/laravel/framework/src/Illuminate/View/View.php(207): Livewire\\LivewireViewCompilerEngine->get()
#9 /home/wonderparkbd/public_html/vendor/laravel/framework/src/Illuminate/View/View.php(190): Illuminate\\View\\View->getContents()
#10 /home/wonderparkbd/public_html/vendor/laravel/framework/src/Illuminate/View/View.php(159): Illuminate\\View\\View->renderContents()
#11 /home/wonderparkbd/public_html/vendor/laravel/framework/src/Illuminate/Http/Response.php(69): Illuminate\\View\\View->render()
#12 /home/wonderparkbd/public_html/vendor/laravel/framework/src/Illuminate/Http/Response.php(35): Illuminate\\Http\\Response->setContent()
#13 /home/wonderparkbd/public_html/vendor/laravel/framework/src/Illuminate/Routing/Router.php(918): Illuminate\\Http\\Response->__construct()
#14 /home/wonderparkbd/public_html/vendor/laravel/framework/src/Illuminate/Routing/Router.php(885): Illuminate\\Routing\\Router::toResponse()
#15 /home/wonderparkbd/public_html/vendor/laravel/framework/src/Illuminate/Routing/Router.php(805): Illuminate\\Routing\\Router->prepareResponse()
#16 /home/wonderparkbd/public_html/vendor/laravel/framework/src/Illuminate/Pipeline/Pipeline.php(144): Illuminate\\Routing\\Router->{closure:Illuminate\\Routing\\Router::runRouteWithinStack():805}()
#17 /home/wonderparkbd/public_html/app/Http/Middleware/SetLocale.php(18): Illuminate\\Pipeline\\Pipeline->{closure:Illuminate\\Pipeline\\Pipeline::prepareDestination():142}()
#18 /home/wonderparkbd/public_html/vendor/laravel/framework/src/Illuminate/Pipeline/Pipeline.php(183): App\\Http\\Middleware\\SetLocale->handle()
#19 /home/wonderparkbd/public_html/vendor/laravel/framework/src/Illuminate/Routing/Middleware/SubstituteBindings.php(50): Illuminate\\Pipeline\\Pipeline->{closure:{closure:Illuminate\\Pipeline\\Pipeline::carry():158}:159}()
#20 /home/wonderparkbd/public_html/vendor/laravel/framework/src/Illuminate/Pipeline/Pipeline.php(183): Illuminate\\Routing\\Middleware\\SubstituteBindings->handle()
#21 /home/wonderparkbd/public_html/vendor/laravel/framework/src/Illuminate/Foundation/Http/Middleware/VerifyCsrfToken.php(78): Illuminate\\Pipeline\\Pipeline->{closure:{closure:Illuminate\\Pipeline\\Pipeline::carry():158}:159}()
#22 /home/wonderparkbd/public_html/vendor/laravel/framework/src/Illuminate/Pipeline/Pipeline.php(183): Illuminate\\Foundation\\Http\\Middleware\\VerifyCsrfToken->handle()
#23 /home/wonderparkbd/public_html/vendor/laravel/framework/src/Illuminate/View/Middleware/ShareErrorsFromSession.php(49): Illuminate\\Pipeline\\Pipeline->{closure:{closure:Illuminate\\Pipeline\\Pipeline::carry():158}:159}()
#24 /home/wonderparkbd/public_html/vendor/laravel/framework/src/Illuminate/Pipeline/Pipeline.php(183): Illuminate\\View\\Middleware\\ShareErrorsFromSession->handle()
#25 /home/wonderparkbd/public_html/vendor/laravel/framework/src/Illuminate/Session/Middleware/StartSession.php(121): Illuminate\\Pipeline\\Pipeline->{closure:{closure:Illuminate\\Pipeline\\Pipeline::carry():158}:159}()
#26 /home/wonderparkbd/public_html/vendor/laravel/framework/src/Illuminate/Session/Middleware/StartSession.php(64): Illuminate\\Session\\Middleware\\StartSession->handleStatefulRequest()
#27 /home/wonderparkbd/public_html/vendor/laravel/framework/src/Illuminate/Pipeline/Pipeline.php(183): Illuminate\\Session\\Middleware\\StartSession->handle()
#28 /home/wonderparkbd/public_html/vendor/laravel/framework/src/Illuminate/Cookie/Middleware/AddQueuedCookiesToResponse.php(37): Illuminate\\Pipeline\\Pipeline->{closure:{closure:Illuminate\\Pipeline\\Pipeline::carry():158}:159}()
#29 /home/wonderparkbd/public_html/vendor/laravel/framework/src/Illuminate/Pipeline/Pipeline.php(183): Illuminate\\Cookie\\Middleware\\AddQueuedCookiesToResponse->handle()
#30 /home/wonderparkbd/public_html/vendor/laravel/framework/src/Illuminate/Cookie/Middleware/EncryptCookies.php(67): Illuminate\\Pipeline\\Pipeline->{closure:{closure:Illuminate\\Pipeline\\Pipeline::carry():158}:159}()
#31 /home/wonderparkbd/public_html/vendor/laravel/framework/src/Illuminate/Pipeline/Pipeline.php(183): Illuminate\\Cookie\\Middleware\\EncryptCookies->handle()
#32 /home/wonderparkbd/public_html/vendor/laravel/framework/src/Illuminate/Pipeline/Pipeline.php(119): Illuminate\\Pipeline\\Pipeline->{closure:{closure:Illuminate\\Pipeline\\Pipeline::carry():158}:159}()
#33 /home/wonderparkbd/public_html/vendor/laravel/framework/src/Illuminate/Routing/Router.php(805): Illuminate\\Pipeline\\Pipeline->then()
#34 /home/wonderparkbd/public_html/vendor/laravel/framework/src/Illuminate/Routing/Router.php(784): Illuminate\\Routing\\Router->runRouteWithinStack()
#35 /home/wonderparkbd/public_html/vendor/laravel/framework/src/Illuminate/Routing/Router.php(748): Illuminate\\Routing\\Router->runRoute()
#36 /home/wonderparkbd/public_html/vendor/laravel/framework/src/Illuminate/Routing/Router.php(737): Illuminate\\Routing\\Router->dispatchToRoute()
#37 /home/wonderparkbd/public_html/vendor/laravel/framework/src/Illuminate/Foundation/Http/Kernel.php(200): Illuminate\\Routing\\Router->dispatch()
#38 /home/wonderparkbd/public_html/vendor/laravel/framework/src/Illuminate/Pipeline/Pipeline.php(144): Illuminate\\Foundation\\Http\\Kernel->{closure:Illuminate\\Foundation\\Http\\Kernel::dispatchToRouter():197}()
#39 /home/wonderparkbd/public_html/vendor/livewire/livewire/src/DisableBrowserCache.php(19): Illuminate\\Pipeline\\Pipeline->{closure:Illuminate\\Pipeline\\Pipeline::prepareDestination():142}()
#40 /home/wonderparkbd/public_html/vendor/laravel/framework/src/Illuminate/Pipeline/Pipeline.php(183): Livewire\\DisableBrowserCache->handle()
#41 /home/wonderparkbd/public_html/vendor/laravel/framework/src/Illuminate/Foundation/Http/Middleware/TransformsRequest.php(21): Illuminate\\Pipeline\\Pipeline->{closure:{closure:Illuminate\\Pipeline\\Pipeline::carry():158}:159}()
#42 /home/wonderparkbd/public_html/vendor/laravel/framework/src/Illuminate/Foundation/Http/Middleware/ConvertEmptyStringsToNull.php(31): Illuminate\\Foundation\\Http\\Middleware\\TransformsRequest->handle()
#43 /home/wonderparkbd/public_html/vendor/laravel/framework/src/Illuminate/Pipeline/Pipeline.php(183): Illuminate\\Foundation\\Http\\Middleware\\ConvertEmptyStringsToNull->handle()
#44 /home/wonderparkbd/public_html/vendor/laravel/framework/src/Illuminate/Foundation/Http/Middleware/TransformsRequest.php(21): Illuminate\\Pipeline\\Pipeline->{closure:{closure:Illuminate\\Pipeline\\Pipeline::carry():158}:159}()
#45 /home/wonderparkbd/public_html/vendor/laravel/framework/src/Illuminate/Foundation/Http/Middleware/TrimStrings.php(40): Illuminate\\Foundation\\Http\\Middleware\\TransformsRequest->handle()
#46 /home/wonderparkbd/public_html/vendor/laravel/framework/src/Illuminate/Pipeline/Pipeline.php(183): Illuminate\\Foundation\\Http\\Middleware\\TrimStrings->handle()
#47 /home/wonderparkbd/public_html/vendor/laravel/framework/src/Illuminate/Foundation/Http/Middleware/ValidatePostSize.php(27): Illuminate\\Pipeline\\Pipeline->{closure:{closure:Illuminate\\Pipeline\\Pipeline::carry():158}:159}()
#48 /home/wonderparkbd/public_html/vendor/laravel/framework/src/Illuminate/Pipeline/Pipeline.php(183): Illuminate\\Foundation\\Http\\Middleware\\ValidatePostSize->handle()
#49 /home/wonderparkbd/public_html/vendor/laravel/framework/src/Illuminate/Foundation/Http/Middleware/PreventRequestsDuringMaintenance.php(99): Illuminate\\Pipeline\\Pipeline->{closure:{closure:Illuminate\\Pipeline\\Pipeline::carry():158}:159}()
#50 /home/wonderparkbd/public_html/vendor/laravel/framework/src/Illuminate/Pipeline/Pipeline.php(183): Illuminate\\Foundation\\Http\\Middleware\\PreventRequestsDuringMaintenance->handle()
#51 /home/wonderparkbd/public_html/vendor/laravel/framework/src/Illuminate/Http/Middleware/HandleCors.php(49): Illuminate\\Pipeline\\Pipeline->{closure:{closure:Illuminate\\Pipeline\\Pipeline::carry():158}:159}()
#52 /home/wonderparkbd/public_html/vendor/laravel/framework/src/Illuminate/Pipeline/Pipeline.php(183): Illuminate\\Http\\Middleware\\HandleCors->handle()
#53 /home/wonderparkbd/public_html/vendor/laravel/framework/src/Illuminate/Http/Middleware/TrustProxies.php(39): Illuminate\\Pipeline\\Pipeline->{closure:{closure:Illuminate\\Pipeline\\Pipeline::carry():158}:159}()
#54 /home/wonderparkbd/public_html/vendor/laravel/framework/src/Illuminate/Pipeline/Pipeline.php(183): Illuminate\\Http\\Middleware\\TrustProxies->handle()
#55 /home/wonderparkbd/public_html/vendor/laravel/framework/src/Illuminate/Pipeline/Pipeline.php(119): Illuminate\\Pipeline\\Pipeline->{closure:{closure:Illuminate\\Pipeline\\Pipeline::carry():158}:159}()
#56 /home/wonderparkbd/public_html/vendor/laravel/framework/src/Illuminate/Foundation/Http/Kernel.php(175): Illuminate\\Pipeline\\Pipeline->then()
#57 /home/wonderparkbd/public_html/vendor/laravel/framework/src/Illuminate/Foundation/Http/Kernel.php(144): Illuminate\\Foundation\\Http\\Kernel->sendRequestThroughRouter()
#58 /home/wonderparkbd/public_html/public/index.php(51): Illuminate\\Foundation\\Http\\Kernel->handle()
#59 {main}
"} 
[2026-07-18 13:41:37] production.ERROR: Attempt to read property "image" on null {"view":{"view":"/home/wonderparkbd/public_html/resources/views/pages/frontend/blog_details.blade.php","data":[]},"exception":"[object] (Spatie\\LaravelIgnition\\Exceptions\\ViewException(code: 0): Attempt to read property \"image\" on null at /home/wonderparkbd/public_html/resources/views/pages/frontend/blog_details.blade.php:43)
[stacktrace]
#0 /home/wonderparkbd/public_html/vendor/laravel/framework/src/Illuminate/Filesystem/Filesystem.php(123): require('/home/wonderpar...')
#1 /home/wonderparkbd/public_html/vendor/laravel/framework/src/Illuminate/Filesystem/Filesystem.php(124): Illuminate\\Filesystem\\Filesystem::{closure:Illuminate\\Filesystem\\Filesystem::getRequire():120}()
#2 /home/wonderparkbd/public_html/vendor/laravel/framework/src/Illuminate/View/Engines/PhpEngine.php(58): Illuminate\\Filesystem\\Filesystem->getRequire()
#3 /home/wonderparkbd/public_html/vendor/livewire/livewire/src/ComponentConcerns/RendersLivewireComponents.php(69): Illuminate\\View\\Engines\\PhpEngine->evaluatePath()
#4 /home/wonderparkbd/public_html/vendor/laravel/framework/src/Illuminate/View/Engines/CompilerEngine.php(72): Livewire\\LivewireViewCompilerEngine->evaluatePath()
#5 /home/wonderparkbd/public_html/vendor/livewire/livewire/src/ComponentConcerns/RendersLivewireComponents.php(35): Illuminate\\View\\Engines\\CompilerEngine->get()
#6 /home/wonderparkbd/public_html/vendor/laravel/framework/src/Illuminate/View/View.php(207): Livewire\\LivewireViewCompilerEngine->get()
#7 /home/wonderparkbd/public_html/vendor/laravel/framework/src/Illuminate/View/View.php(190): Illuminate\\View\\View->getContents()
#8 /home/wonderparkbd/public_html/vendor/laravel/framework/src/Illuminate/View/View.php(159): Illuminate\\View\\View->renderContents()
#9 /home/wonderparkbd/public_html/vendor/laravel/framework/src/Illuminate/Http/Response.php(69): Illuminate\\View\\View->render()
#10 /home/wonderparkbd/public_html/vendor/laravel/framework/src/Illuminate/Http/Response.php(35): Illuminate\\Http\\Response->setContent()
#11 /home/wonderparkbd/public_html/vendor/laravel/framework/src/Illuminate/Routing/Router.php(918): Illuminate\\Http\\Response->__construct()
#12 /home/wonderparkbd/public_html/vendor/laravel/framework/src/Illuminate/Routing/Router.php(885): Illuminate\\Routing\\Router::toResponse()
#13 /home/wonderparkbd/public_html/vendor/laravel/framework/src/Illuminate/Routing/Router.php(805): Illuminate\\Routing\\Router->prepareResponse()
#14 /home/wonderparkbd/public_html/vendor/laravel/framework/src/Illuminate/Pipeline/Pipeline.php(144): Illuminate\\Routing\\Router->{closure:Illuminate\\Routing\\Router::runRouteWithinStack():805}()
#15 /home/wonderparkbd/public_html/app/Http/Middleware/SetLocale.php(18): Illuminate\\Pipeline\\Pipeline->{closure:Illuminate\\Pipeline\\Pipeline::prepareDestination():142}()
#16 /home/wonderparkbd/public_html/vendor/laravel/framework/src/Illuminate/Pipeline/Pipeline.php(183): App\\Http\\Middleware\\SetLocale->handle()
#17 /home/wonderparkbd/public_html/vendor/laravel/framework/src/Illuminate/Routing/Middleware/SubstituteBindings.php(50): Illuminate\\Pipeline\\Pipeline->{closure:{closure:Illuminate\\Pipeline\\Pipeline::carry():158}:159}()
#18 /home/wonderparkbd/public_html/vendor/laravel/framework/src/Illuminate/Pipeline/Pipeline.php(183): Illuminate\\Routing\\Middleware\\SubstituteBindings->handle()
#19 /home/wonderparkbd/public_html/vendor/laravel/framework/src/Illuminate/Foundation/Http/Middleware/VerifyCsrfToken.php(78): Illuminate\\Pipeline\\Pipeline->{closure:{closure:Illuminate\\Pipeline\\Pipeline::carry():158}:159}()
#20 /home/wonderparkbd/public_html/vendor/laravel/framework/src/Illuminate/Pipeline/Pipeline.php(183): Illuminate\\Foundation\\Http\\Middleware\\VerifyCsrfToken->handle()
#21 /home/wonderparkbd/public_html/vendor/laravel/framework/src/Illuminate/View/Middleware/ShareErrorsFromSession.php(49): Illuminate\\Pipeline\\Pipeline->{closure:{closure:Illuminate\\Pipeline\\Pipeline::carry():158}:159}()
#22 /home/wonderparkbd/public_html/vendor/laravel/framework/src/Illuminate/Pipeline/Pipeline.php(183): Illuminate\\View\\Middleware\\ShareErrorsFromSession->handle()
#23 /home/wonderparkbd/public_html/vendor/laravel/framework/src/Illuminate/Session/Middleware/StartSession.php(121): Illuminate\\Pipeline\\Pipeline->{closure:{closure:Illuminate\\Pipeline\\Pipeline::carry():158}:159}()
#24 /home/wonderparkbd/public_html/vendor/laravel/framework/src/Illuminate/Session/Middleware/StartSession.php(64): Illuminate\\Session\\Middleware\\StartSession->handleStatefulRequest()
#25 /home/wonderparkbd/public_html/vendor/laravel/framework/src/Illuminate/Pipeline/Pipeline.php(183): Illuminate\\Session\\Middleware\\StartSession->handle()
#26 /home/wonderparkbd/public_html/vendor/laravel/framework/src/Illuminate/Cookie/Middleware/AddQueuedCookiesToResponse.php(37): Illuminate\\Pipeline\\Pipeline->{closure:{closure:Illuminate\\Pipeline\\Pipeline::carry():158}:159}()
#27 /home/wonderparkbd/public_html/vendor/laravel/framework/src/Illuminate/Pipeline/Pipeline.php(183): Illuminate\\Cookie\\Middleware\\AddQueuedCookiesToResponse->handle()
#28 /home/wonderparkbd/public_html/vendor/laravel/framework/src/Illuminate/Cookie/Middleware/EncryptCookies.php(67): Illuminate\\Pipeline\\Pipeline->{closure:{closure:Illuminate\\Pipeline\\Pipeline::carry():158}:159}()
#29 /home/wonderparkbd/public_html/vendor/laravel/framework/src/Illuminate/Pipeline/Pipeline.php(183): Illuminate\\Cookie\\Middleware\\EncryptCookies->handle()
#30 /home/wonderparkbd/public_html/vendor/laravel/framework/src/Illuminate/Pipeline/Pipeline.php(119): Illuminate\\Pipeline\\Pipeline->{closure:{closure:Illuminate\\Pipeline\\Pipeline::carry():158}:159}()
#31 /home/wonderparkbd/public_html/vendor/laravel/framework/src/Illuminate/Routing/Router.php(805): Illuminate\\Pipeline\\Pipeline->then()
#32 /home/wonderparkbd/public_html/vendor/laravel/framework/src/Illuminate/Routing/Router.php(784): Illuminate\\Routing\\Router->runRouteWithinStack()
#33 /home/wonderparkbd/public_html/vendor/laravel/framework/src/Illuminate/Routing/Router.php(748): Illuminate\\Routing\\Router->runRoute()
#34 /home/wonderparkbd/public_html/vendor/laravel/framework/src/Illuminate/Routing/Router.php(737): Illuminate\\Routing\\Router->dispatchToRoute()
#35 /home/wonderparkbd/public_html/vendor/laravel/framework/src/Illuminate/Foundation/Http/Kernel.php(200): Illuminate\\Routing\\Router->dispatch()
#36 /home/wonderparkbd/public_html/vendor/laravel/framework/src/Illuminate/Pipeline/Pipeline.php(144): Illuminate\\Foundation\\Http\\Kernel->{closure:Illuminate\\Foundation\\Http\\Kernel::dispatchToRouter():197}()
#37 /home/wonderparkbd/public_html/vendor/livewire/livewire/src/DisableBrowserCache.php(19): Illuminate\\Pipeline\\Pipeline->{closure:Illuminate\\Pipeline\\Pipeline::prepareDestination():142}()
#38 /home/wonderparkbd/public_html/vendor/laravel/framework/src/Illuminate/Pipeline/Pipeline.php(183): Livewire\\DisableBrowserCache->handle()
#39 /home/wonderparkbd/public_html/vendor/laravel/framework/src/Illuminate/Foundation/Http/Middleware/TransformsRequest.php(21): Illuminate\\Pipeline\\Pipeline->{closure:{closure:Illuminate\\Pipeline\\Pipeline::carry():158}:159}()
#40 /home/wonderparkbd/public_html/vendor/laravel/framework/src/Illuminate/Foundation/Http/Middleware/ConvertEmptyStringsToNull.php(31): Illuminate\\Foundation\\Http\\Middleware\\TransformsRequest->handle()
#41 /home/wonderparkbd/public_html/vendor/laravel/framework/src/Illuminate/Pipeline/Pipeline.php(183): Illuminate\\Foundation\\Http\\Middleware\\ConvertEmptyStringsToNull->handle()
#42 /home/wonderparkbd/public_html/vendor/laravel/framework/src/Illuminate/Foundation/Http/Middleware/TransformsRequest.php(21): Illuminate\\Pipeline\\Pipeline->{closure:{closure:Illuminate\\Pipeline\\Pipeline::carry():158}:159}()
#43 /home/wonderparkbd/public_html/vendor/laravel/framework/src/Illuminate/Foundation/Http/Middleware/TrimStrings.php(40): Illuminate\\Foundation\\Http\\Middleware\\TransformsRequest->handle()
#44 /home/wonderparkbd/public_html/vendor/laravel/framework/src/Illuminate/Pipeline/Pipeline.php(183): Illuminate\\Foundation\\Http\\Middleware\\TrimStrings->handle()
#45 /home/wonderparkbd/public_html/vendor/laravel/framework/src/Illuminate/Foundation/Http/Middleware/ValidatePostSize.php(27): Illuminate\\Pipeline\\Pipeline->{closure:{closure:Illuminate\\Pipeline\\Pipeline::carry():158}:159}()
#46 /home/wonderparkbd/public_html/vendor/laravel/framework/src/Illuminate/Pipeline/Pipeline.php(183): Illuminate\\Foundation\\Http\\Middleware\\ValidatePostSize->handle()
#47 /home/wonderparkbd/public_html/vendor/laravel/framework/src/Illuminate/Foundation/Http/Middleware/PreventRequestsDuringMaintenance.php(99): Illuminate\\Pipeline\\Pipeline->{closure:{closure:Illuminate\\Pipeline\\Pipeline::carry():158}:159}()
#48 /home/wonderparkbd/public_html/vendor/laravel/framework/src/Illuminate/Pipeline/Pipeline.php(183): Illuminate\\Foundation\\Http\\Middleware\\PreventRequestsDuringMaintenance->handle()
#49 /home/wonderparkbd/public_html/vendor/laravel/framework/src/Illuminate/Http/Middleware/HandleCors.php(49): Illuminate\\Pipeline\\Pipeline->{closure:{closure:Illuminate\\Pipeline\\Pipeline::carry():158}:159}()
#50 /home/wonderparkbd/public_html/vendor/laravel/framework/src/Illuminate/Pipeline/Pipeline.php(183): Illuminate\\Http\\Middleware\\HandleCors->handle()
#51 /home/wonderparkbd/public_html/vendor/laravel/framework/src/Illuminate/Http/Middleware/TrustProxies.php(39): Illuminate\\Pipeline\\Pipeline->{closure:{closure:Illuminate\\Pipeline\\Pipeline::carry():158}:159}()
#52 /home/wonderparkbd/public_html/vendor/laravel/framework/src/Illuminate/Pipeline/Pipeline.php(183): Illuminate\\Http\\Middleware\\TrustProxies->handle()
#53 /home/wonderparkbd/public_html/vendor/laravel/framework/src/Illuminate/Pipeline/Pipeline.php(119): Illuminate\\Pipeline\\Pipeline->{closure:{closure:Illuminate\\Pipeline\\Pipeline::carry():158}:159}()
#54 /home/wonderparkbd/public_html/vendor/laravel/framework/src/Illuminate/Foundation/Http/Kernel.php(175): Illuminate\\Pipeline\\Pipeline->then()
#55 /home/wonderparkbd/public_html/vendor/laravel/framework/src/Illuminate/Foundation/Http/Kernel.php(144): Illuminate\\Foundation\\Http\\Kernel->sendRequestThroughRouter()
#56 /home/wonderparkbd/public_html/public/index.php(51): Illuminate\\Foundation\\Http\\Kernel->handle()
#57 {main}

[previous exception] [object] (ErrorException(code: 0): Attempt to read property \"image\" on null at /home/wonderparkbd/public_html/storage/framework/views/05ba2f8d6b8577e49f382ec6c960210b.php:43)
[stacktrace]
#0 /home/wonderparkbd/public_html/vendor/laravel/framework/src/Illuminate/Foundation/Bootstrap/HandleExceptions.php(255): Illuminate\\Foundation\\Bootstrap\\HandleExceptions->handleError()
#1 /home/wonderparkbd/public_html/storage/framework/views/05ba2f8d6b8577e49f382ec6c960210b.php(43): Illuminate\\Foundation\\Bootstrap\\HandleExceptions->{closure:Illuminate\\Foundation\\Bootstrap\\HandleExceptions::forwardsTo():254}()
#2 /home/wonderparkbd/public_html/vendor/laravel/framework/src/Illuminate/Filesystem/Filesystem.php(123): require('/home/wonderpar...')
#3 /home/wonderparkbd/public_html/vendor/laravel/framework/src/Illuminate/Filesystem/Filesystem.php(124): Illuminate\\Filesystem\\Filesystem::{closure:Illuminate\\Filesystem\\Filesystem::getRequire():120}()
#4 /home/wonderparkbd/public_html/vendor/laravel/framework/src/Illuminate/View/Engines/PhpEngine.php(58): Illuminate\\Filesystem\\Filesystem->getRequire()
#5 /home/wonderparkbd/public_html/vendor/livewire/livewire/src/ComponentConcerns/RendersLivewireComponents.php(69): Illuminate\\View\\Engines\\PhpEngine->evaluatePath()
#6 /home/wonderparkbd/public_html/vendor/laravel/framework/src/Illuminate/View/Engines/CompilerEngine.php(72): Livewire\\LivewireViewCompilerEngine->evaluatePath()
#7 /home/wonderparkbd/public_html/vendor/livewire/livewire/src/ComponentConcerns/RendersLivewireComponents.php(35): Illuminate\\View\\Engines\\CompilerEngine->get()
#8 /home/wonderparkbd/public_html/vendor/laravel/framework/src/Illuminate/View/View.php(207): Livewire\\LivewireViewCompilerEngine->get()
#9 /home/wonderparkbd/public_html/vendor/laravel/framework/src/Illuminate/View/View.php(190): Illuminate\\View\\View->getContents()
#10 /home/wonderparkbd/public_html/vendor/laravel/framework/src/Illuminate/View/View.php(159): Illuminate\\View\\View->renderContents()
#11 /home/wonderparkbd/public_html/vendor/laravel/framework/src/Illuminate/Http/Response.php(69): Illuminate\\View\\View->render()
#12 /home/wonderparkbd/public_html/vendor/laravel/framework/src/Illuminate/Http/Response.php(35): Illuminate\\Http\\Response->setContent()
#13 /home/wonderparkbd/public_html/vendor/laravel/framework/src/Illuminate/Routing/Router.php(918): Illuminate\\Http\\Response->__construct()
#14 /home/wonderparkbd/public_html/vendor/laravel/framework/src/Illuminate/Routing/Router.php(885): Illuminate\\Routing\\Router::toResponse()
#15 /home/wonderparkbd/public_html/vendor/laravel/framework/src/Illuminate/Routing/Router.php(805): Illuminate\\Routing\\Router->prepareResponse()
#16 /home/wonderparkbd/public_html/vendor/laravel/framework/src/Illuminate/Pipeline/Pipeline.php(144): Illuminate\\Routing\\Router->{closure:Illuminate\\Routing\\Router::runRouteWithinStack():805}()
#17 /home/wonderparkbd/public_html/app/Http/Middleware/SetLocale.php(18): Illuminate\\Pipeline\\Pipeline->{closure:Illuminate\\Pipeline\\Pipeline::prepareDestination():142}()
#18 /home/wonderparkbd/public_html/vendor/laravel/framework/src/Illuminate/Pipeline/Pipeline.php(183): App\\Http\\Middleware\\SetLocale->handle()
#19 /home/wonderparkbd/public_html/vendor/laravel/framework/src/Illuminate/Routing/Middleware/SubstituteBindings.php(50): Illuminate\\Pipeline\\Pipeline->{closure:{closure:Illuminate\\Pipeline\\Pipeline::carry():158}:159}()
#20 /home/wonderparkbd/public_html/vendor/laravel/framework/src/Illuminate/Pipeline/Pipeline.php(183): Illuminate\\Routing\\Middleware\\SubstituteBindings->handle()
#21 /home/wonderparkbd/public_html/vendor/laravel/framework/src/Illuminate/Foundation/Http/Middleware/VerifyCsrfToken.php(78): Illuminate\\Pipeline\\Pipeline->{closure:{closure:Illuminate\\Pipeline\\Pipeline::carry():158}:159}()
#22 /home/wonderparkbd/public_html/vendor/laravel/framework/src/Illuminate/Pipeline/Pipeline.php(183): Illuminate\\Foundation\\Http\\Middleware\\VerifyCsrfToken->handle()
#23 /home/wonderparkbd/public_html/vendor/laravel/framework/src/Illuminate/View/Middleware/ShareErrorsFromSession.php(49): Illuminate\\Pipeline\\Pipeline->{closure:{closure:Illuminate\\Pipeline\\Pipeline::carry():158}:159}()
#24 /home/wonderparkbd/public_html/vendor/laravel/framework/src/Illuminate/Pipeline/Pipeline.php(183): Illuminate\\View\\Middleware\\ShareErrorsFromSession->handle()
#25 /home/wonderparkbd/public_html/vendor/laravel/framework/src/Illuminate/Session/Middleware/StartSession.php(121): Illuminate\\Pipeline\\Pipeline->{closure:{closure:Illuminate\\Pipeline\\Pipeline::carry():158}:159}()
#26 /home/wonderparkbd/public_html/vendor/laravel/framework/src/Illuminate/Session/Middleware/StartSession.php(64): Illuminate\\Session\\Middleware\\StartSession->handleStatefulRequest()
#27 /home/wonderparkbd/public_html/vendor/laravel/framework/src/Illuminate/Pipeline/Pipeline.php(183): Illuminate\\Session\\Middleware\\StartSession->handle()
#28 /home/wonderparkbd/public_html/vendor/laravel/framework/src/Illuminate/Cookie/Middleware/AddQueuedCookiesToResponse.php(37): Illuminate\\Pipeline\\Pipeline->{closure:{closure:Illuminate\\Pipeline\\Pipeline::carry():158}:159}()
#29 /home/wonderparkbd/public_html/vendor/laravel/framework/src/Illuminate/Pipeline/Pipeline.php(183): Illuminate\\Cookie\\Middleware\\AddQueuedCookiesToResponse->handle()
#30 /home/wonderparkbd/public_html/vendor/laravel/framework/src/Illuminate/Cookie/Middleware/EncryptCookies.php(67): Illuminate\\Pipeline\\Pipeline->{closure:{closure:Illuminate\\Pipeline\\Pipeline::carry():158}:159}()
#31 /home/wonderparkbd/public_html/vendor/laravel/framework/src/Illuminate/Pipeline/Pipeline.php(183): Illuminate\\Cookie\\Middleware\\EncryptCookies->handle()
#32 /home/wonderparkbd/public_html/vendor/laravel/framework/src/Illuminate/Pipeline/Pipeline.php(119): Illuminate\\Pipeline\\Pipeline->{closure:{closure:Illuminate\\Pipeline\\Pipeline::carry():158}:159}()
#33 /home/wonderparkbd/public_html/vendor/laravel/framework/src/Illuminate/Routing/Router.php(805): Illuminate\\Pipeline\\Pipeline->then()
#34 /home/wonderparkbd/public_html/vendor/laravel/framework/src/Illuminate/Routing/Router.php(784): Illuminate\\Routing\\Router->runRouteWithinStack()
#35 /home/wonderparkbd/public_html/vendor/laravel/framework/src/Illuminate/Routing/Router.php(748): Illuminate\\Routing\\Router->runRoute()
#36 /home/wonderparkbd/public_html/vendor/laravel/framework/src/Illuminate/Routing/Router.php(737): Illuminate\\Routing\\Router->dispatchToRoute()
#37 /home/wonderparkbd/public_html/vendor/laravel/framework/src/Illuminate/Foundation/Http/Kernel.php(200): Illuminate\\Routing\\Router->dispatch()
#38 /home/wonderparkbd/public_html/vendor/laravel/framework/src/Illuminate/Pipeline/Pipeline.php(144): Illuminate\\Foundation\\Http\\Kernel->{closure:Illuminate\\Foundation\\Http\\Kernel::dispatchToRouter():197}()
#39 /home/wonderparkbd/public_html/vendor/livewire/livewire/src/DisableBrowserCache.php(19): Illuminate\\Pipeline\\Pipeline->{closure:Illuminate\\Pipeline\\Pipeline::prepareDestination():142}()
#40 /home/wonderparkbd/public_html/vendor/laravel/framework/src/Illuminate/Pipeline/Pipeline.php(183): Livewire\\DisableBrowserCache->handle()
#41 /home/wonderparkbd/public_html/vendor/laravel/framework/src/Illuminate/Foundation/Http/Middleware/TransformsRequest.php(21): Illuminate\\Pipeline\\Pipeline->{closure:{closure:Illuminate\\Pipeline\\Pipeline::carry():158}:159}()
#42 /home/wonderparkbd/public_html/vendor/laravel/framework/src/Illuminate/Foundation/Http/Middleware/ConvertEmptyStringsToNull.php(31): Illuminate\\Foundation\\Http\\Middleware\\TransformsRequest->handle()
#43 /home/wonderparkbd/public_html/vendor/laravel/framework/src/Illuminate/Pipeline/Pipeline.php(183): Illuminate\\Foundation\\Http\\Middleware\\ConvertEmptyStringsToNull->handle()
#44 /home/wonderparkbd/public_html/vendor/laravel/framework/src/Illuminate/Foundation/Http/Middleware/TransformsRequest.php(21): Illuminate\\Pipeline\\Pipeline->{closure:{closure:Illuminate\\Pipeline\\Pipeline::carry():158}:159}()
#45 /home/wonderparkbd/public_html/vendor/laravel/framework/src/Illuminate/Foundation/Http/Middleware/TrimStrings.php(40): Illuminate\\Foundation\\Http\\Middleware\\TransformsRequest->handle()
#46 /home/wonderparkbd/public_html/vendor/laravel/framework/src/Illuminate/Pipeline/Pipeline.php(183): Illuminate\\Foundation\\Http\\Middleware\\TrimStrings->handle()
#47 /home/wonderparkbd/public_html/vendor/laravel/framework/src/Illuminate/Foundation/Http/Middleware/ValidatePostSize.php(27): Illuminate\\Pipeline\\Pipeline->{closure:{closure:Illuminate\\Pipeline\\Pipeline::carry():158}:159}()
#48 /home/wonderparkbd/public_html/vendor/laravel/framework/src/Illuminate/Pipeline/Pipeline.php(183): Illuminate\\Foundation\\Http\\Middleware\\ValidatePostSize->handle()
#49 /home/wonderparkbd/public_html/vendor/laravel/framework/src/Illuminate/Foundation/Http/Middleware/PreventRequestsDuringMaintenance.php(99): Illuminate\\Pipeline\\Pipeline->{closure:{closure:Illuminate\\Pipeline\\Pipeline::carry():158}:159}()
#50 /home/wonderparkbd/public_html/vendor/laravel/framework/src/Illuminate/Pipeline/Pipeline.php(183): Illuminate\\Foundation\\Http\\Middleware\\PreventRequestsDuringMaintenance->handle()
#51 /home/wonderparkbd/public_html/vendor/laravel/framework/src/Illuminate/Http/Middleware/HandleCors.php(49): Illuminate\\Pipeline\\Pipeline->{closure:{closure:Illuminate\\Pipeline\\Pipeline::carry():158}:159}()
#52 /home/wonderparkbd/public_html/vendor/laravel/framework/src/Illuminate/Pipeline/Pipeline.php(183): Illuminate\\Http\\Middleware\\HandleCors->handle()
#53 /home/wonderparkbd/public_html/vendor/laravel/framework/src/Illuminate/Http/Middleware/TrustProxies.php(39): Illuminate\\Pipeline\\Pipeline->{closure:{closure:Illuminate\\Pipeline\\Pipeline::carry():158}:159}()
#54 /home/wonderparkbd/public_html/vendor/laravel/framework/src/Illuminate/Pipeline/Pipeline.php(183): Illuminate\\Http\\Middleware\\TrustProxies->handle()
#55 /home/wonderparkbd/public_html/vendor/laravel/framework/src/Illuminate/Pipeline/Pipeline.php(119): Illuminate\\Pipeline\\Pipeline->{closure:{closure:Illuminate\\Pipeline\\Pipeline::carry():158}:159}()
#56 /home/wonderparkbd/public_html/vendor/laravel/framework/src/Illuminate/Foundation/Http/Kernel.php(175): Illuminate\\Pipeline\\Pipeline->then()
#57 /home/wonderparkbd/public_html/vendor/laravel/framework/src/Illuminate/Foundation/Http/Kernel.php(144): Illuminate\\Foundation\\Http\\Kernel->sendRequestThroughRouter()
#58 /home/wonderparkbd/public_html/public/index.php(51): Illuminate\\Foundation\\Http\\Kernel->handle()
#59 {main}
"} 
[2026-07-18 15:12:05] production.ERROR: Attempt to read property "spot_detail" on null {"view":{"view":"/home/wonderparkbd/public_html/resources/views/pages/frontend/spot_details.blade.php","data":[]},"exception":"[object] (Spatie\\LaravelIgnition\\Exceptions\\ViewException(code: 0): Attempt to read property \"spot_detail\" on null at /home/wonderparkbd/public_html/resources/views/pages/frontend/spot_details.blade.php:91)
[stacktrace]
#0 /home/wonderparkbd/public_html/vendor/laravel/framework/src/Illuminate/Filesystem/Filesystem.php(123): require('/home/wonderpar...')
#1 /home/wonderparkbd/public_html/vendor/laravel/framework/src/Illuminate/Filesystem/Filesystem.php(124): Illuminate\\Filesystem\\Filesystem::{closure:Illuminate\\Filesystem\\Filesystem::getRequire():120}()
#2 /home/wonderparkbd/public_html/vendor/laravel/framework/src/Illuminate/View/Engines/PhpEngine.php(58): Illuminate\\Filesystem\\Filesystem->getRequire()
#3 /home/wonderparkbd/public_html/vendor/livewire/livewire/src/ComponentConcerns/RendersLivewireComponents.php(69): Illuminate\\View\\Engines\\PhpEngine->evaluatePath()
#4 /home/wonderparkbd/public_html/vendor/laravel/framework/src/Illuminate/View/Engines/CompilerEngine.php(72): Livewire\\LivewireViewCompilerEngine->evaluatePath()
#5 /home/wonderparkbd/public_html/vendor/livewire/livewire/src/ComponentConcerns/RendersLivewireComponents.php(35): Illuminate\\View\\Engines\\CompilerEngine->get()
#6 /home/wonderparkbd/public_html/vendor/laravel/framework/src/Illuminate/View/View.php(207): Livewire\\LivewireViewCompilerEngine->get()
#7 /home/wonderparkbd/public_html/vendor/laravel/framework/src/Illuminate/View/View.php(190): Illuminate\\View\\View->getContents()
#8 /home/wonderparkbd/public_html/vendor/laravel/framework/src/Illuminate/View/View.php(159): Illuminate\\View\\View->renderContents()
#9 /home/wonderparkbd/public_html/vendor/laravel/framework/src/Illuminate/Http/Response.php(69): Illuminate\\View\\View->render()
#10 /home/wonderparkbd/public_html/vendor/laravel/framework/src/Illuminate/Http/Response.php(35): Illuminate\\Http\\Response->setContent()
#11 /home/wonderparkbd/public_html/vendor/laravel/framework/src/Illuminate/Routing/Router.php(918): Illuminate\\Http\\Response->__construct()
#12 /home/wonderparkbd/public_html/vendor/laravel/framework/src/Illuminate/Routing/Router.php(885): Illuminate\\Routing\\Router::toResponse()
#13 /home/wonderparkbd/public_html/vendor/laravel/framework/src/Illuminate/Routing/Router.php(805): Illuminate\\Routing\\Router->prepareResponse()
#14 /home/wonderparkbd/public_html/vendor/laravel/framework/src/Illuminate/Pipeline/Pipeline.php(144): Illuminate\\Routing\\Router->{closure:Illuminate\\Routing\\Router::runRouteWithinStack():805}()
#15 /home/wonderparkbd/public_html/app/Http/Middleware/SetLocale.php(18): Illuminate\\Pipeline\\Pipeline->{closure:Illuminate\\Pipeline\\Pipeline::prepareDestination():142}()
#16 /home/wonderparkbd/public_html/vendor/laravel/framework/src/Illuminate/Pipeline/Pipeline.php(183): App\\Http\\Middleware\\SetLocale->handle()
#17 /home/wonderparkbd/public_html/vendor/laravel/framework/src/Illuminate/Routing/Middleware/SubstituteBindings.php(50): Illuminate\\Pipeline\\Pipeline->{closure:{closure:Illuminate\\Pipeline\\Pipeline::carry():158}:159}()
#18 /home/wonderparkbd/public_html/vendor/laravel/framework/src/Illuminate/Pipeline/Pipeline.php(183): Illuminate\\Routing\\Middleware\\SubstituteBindings->handle()
#19 /home/wonderparkbd/public_html/vendor/laravel/framework/src/Illuminate/Foundation/Http/Middleware/VerifyCsrfToken.php(78): Illuminate\\Pipeline\\Pipeline->{closure:{closure:Illuminate\\Pipeline\\Pipeline::carry():158}:159}()
#20 /home/wonderparkbd/public_html/vendor/laravel/framework/src/Illuminate/Pipeline/Pipeline.php(183): Illuminate\\Foundation\\Http\\Middleware\\VerifyCsrfToken->handle()
#21 /home/wonderparkbd/public_html/vendor/laravel/framework/src/Illuminate/View/Middleware/ShareErrorsFromSession.php(49): Illuminate\\Pipeline\\Pipeline->{closure:{closure:Illuminate\\Pipeline\\Pipeline::carry():158}:159}()
#22 /home/wonderparkbd/public_html/vendor/laravel/framework/src/Illuminate/Pipeline/Pipeline.php(183): Illuminate\\View\\Middleware\\ShareErrorsFromSession->handle()
#23 /home/wonderparkbd/public_html/vendor/laravel/framework/src/Illuminate/Session/Middleware/StartSession.php(121): Illuminate\\Pipeline\\Pipeline->{closure:{closure:Illuminate\\Pipeline\\Pipeline::carry():158}:159}()
#24 /home/wonderparkbd/public_html/vendor/laravel/framework/src/Illuminate/Session/Middleware/StartSession.php(64): Illuminate\\Session\\Middleware\\StartSession->handleStatefulRequest()
#25 /home/wonderparkbd/public_html/vendor/laravel/framework/src/Illuminate/Pipeline/Pipeline.php(183): Illuminate\\Session\\Middleware\\StartSession->handle()
#26 /home/wonderparkbd/public_html/vendor/laravel/framework/src/Illuminate/Cookie/Middleware/AddQueuedCookiesToResponse.php(37): Illuminate\\Pipeline\\Pipeline->{closure:{closure:Illuminate\\Pipeline\\Pipeline::carry():158}:159}()
#27 /home/wonderparkbd/public_html/vendor/laravel/framework/src/Illuminate/Pipeline/Pipeline.php(183): Illuminate\\Cookie\\Middleware\\AddQueuedCookiesToResponse->handle()
#28 /home/wonderparkbd/public_html/vendor/laravel/framework/src/Illuminate/Cookie/Middleware/EncryptCookies.php(67): Illuminate\\Pipeline\\Pipeline->{closure:{closure:Illuminate\\Pipeline\\Pipeline::carry():158}:159}()
#29 /home/wonderparkbd/public_html/vendor/laravel/framework/src/Illuminate/Pipeline/Pipeline.php(183): Illuminate\\Cookie\\Middleware\\EncryptCookies->handle()
#30 /home/wonderparkbd/public_html/vendor/laravel/framework/src/Illuminate/Pipeline/Pipeline.php(119): Illuminate\\Pipeline\\Pipeline->{closure:{closure:Illuminate\\Pipeline\\Pipeline::carry():158}:159}()
#31 /home/wonderparkbd/public_html/vendor/laravel/framework/src/Illuminate/Routing/Router.php(805): Illuminate\\Pipeline\\Pipeline->then()
#32 /home/wonderparkbd/public_html/vendor/laravel/framework/src/Illuminate/Routing/Router.php(784): Illuminate\\Routing\\Router->runRouteWithinStack()
#33 /home/wonderparkbd/public_html/vendor/laravel/framework/src/Illuminate/Routing/Router.php(748): Illuminate\\Routing\\Router->runRoute()
#34 /home/wonderparkbd/public_html/vendor/laravel/framework/src/Illuminate/Routing/Router.php(737): Illuminate\\Routing\\Router->dispatchToRoute()
#35 /home/wonderparkbd/public_html/vendor/laravel/framework/src/Illuminate/Foundation/Http/Kernel.php(200): Illuminate\\Routing\\Router->dispatch()
#36 /home/wonderparkbd/public_html/vendor/laravel/framework/src/Illuminate/Pipeline/Pipeline.php(144): Illuminate\\Foundation\\Http\\Kernel->{closure:Illuminate\\Foundation\\Http\\Kernel::dispatchToRouter():197}()
#37 /home/wonderparkbd/public_html/vendor/livewire/livewire/src/DisableBrowserCache.php(19): Illuminate\\Pipeline\\Pipeline->{closure:Illuminate\\Pipeline\\Pipeline::prepareDestination():142}()
#38 /home/wonderparkbd/public_html/vendor/laravel/framework/src/Illuminate/Pipeline/Pipeline.php(183): Livewire\\DisableBrowserCache->handle()
#39 /home/wonderparkbd/public_html/vendor/laravel/framework/src/Illuminate/Foundation/Http/Middleware/TransformsRequest.php(21): Illuminate\\Pipeline\\Pipeline->{closure:{closure:Illuminate\\Pipeline\\Pipeline::carry():158}:159}()
#40 /home/wonderparkbd/public_html/vendor/laravel/framework/src/Illuminate/Foundation/Http/Middleware/ConvertEmptyStringsToNull.php(31): Illuminate\\Foundation\\Http\\Middleware\\TransformsRequest->handle()
#41 /home/wonderparkbd/public_html/vendor/laravel/framework/src/Illuminate/Pipeline/Pipeline.php(183): Illuminate\\Foundation\\Http\\Middleware\\ConvertEmptyStringsToNull->handle()
#42 /home/wonderparkbd/public_html/vendor/laravel/framework/src/Illuminate/Foundation/Http/Middleware/TransformsRequest.php(21): Illuminate\\Pipeline\\Pipeline->{closure:{closure:Illuminate\\Pipeline\\Pipeline::carry():158}:159}()
#43 /home/wonderparkbd/public_html/vendor/laravel/framework/src/Illuminate/Foundation/Http/Middleware/TrimStrings.php(40): Illuminate\\Foundation\\Http\\Middleware\\TransformsRequest->handle()
#44 /home/wonderparkbd/public_html/vendor/laravel/framework/src/Illuminate/Pipeline/Pipeline.php(183): Illuminate\\Foundation\\Http\\Middleware\\TrimStrings->handle()
#45 /home/wonderparkbd/public_html/vendor/laravel/framework/src/Illuminate/Foundation/Http/Middleware/ValidatePostSize.php(27): Illuminate\\Pipeline\\Pipeline->{closure:{closure:Illuminate\\Pipeline\\Pipeline::carry():158}:159}()
#46 /home/wonderparkbd/public_html/vendor/laravel/framework/src/Illuminate/Pipeline/Pipeline.php(183): Illuminate\\Foundation\\Http\\Middleware\\ValidatePostSize->handle()
#47 /home/wonderparkbd/public_html/vendor/laravel/framework/src/Illuminate/Foundation/Http/Middleware/PreventRequestsDuringMaintenance.php(99): Illuminate\\Pipeline\\Pipeline->{closure:{closure:Illuminate\\Pipeline\\Pipeline::carry():158}:159}()
#48 /home/wonderparkbd/public_html/vendor/laravel/framework/src/Illuminate/Pipeline/Pipeline.php(183): Illuminate\\Foundation\\Http\\Middleware\\PreventRequestsDuringMaintenance->handle()
#49 /home/wonderparkbd/public_html/vendor/laravel/framework/src/Illuminate/Http/Middleware/HandleCors.php(49): Illuminate\\Pipeline\\Pipeline->{closure:{closure:Illuminate\\Pipeline\\Pipeline::carry():158}:159}()
#50 /home/wonderparkbd/public_html/vendor/laravel/framework/src/Illuminate/Pipeline/Pipeline.php(183): Illuminate\\Http\\Middleware\\HandleCors->handle()
#51 /home/wonderparkbd/public_html/vendor/laravel/framework/src/Illuminate/Http/Middleware/TrustProxies.php(39): Illuminate\\Pipeline\\Pipeline->{closure:{closure:Illuminate\\Pipeline\\Pipeline::carry():158}:159}()
#52 /home/wonderparkbd/public_html/vendor/laravel/framework/src/Illuminate/Pipeline/Pipeline.php(183): Illuminate\\Http\\Middleware\\TrustProxies->handle()
#53 /home/wonderparkbd/public_html/vendor/laravel/framework/src/Illuminate/Pipeline/Pipeline.php(119): Illuminate\\Pipeline\\Pipeline->{closure:{closure:Illuminate\\Pipeline\\Pipeline::carry():158}:159}()
#54 /home/wonderparkbd/public_html/vendor/laravel/framework/src/Illuminate/Foundation/Http/Kernel.php(175): Illuminate\\Pipeline\\Pipeline->then()
#55 /home/wonderparkbd/public_html/vendor/laravel/framework/src/Illuminate/Foundation/Http/Kernel.php(144): Illuminate\\Foundation\\Http\\Kernel->sendRequestThroughRouter()
#56 /home/wonderparkbd/public_html/public/index.php(51): Illuminate\\Foundation\\Http\\Kernel->handle()
#57 {main}

[previous exception] [object] (ErrorException(code: 0): Attempt to read property \"spot_detail\" on null at /home/wonderparkbd/public_html/storage/framework/views/e225f9eb62bb1b9fc0a5c49cfd20de21.php:91)
[stacktrace]
#0 /home/wonderparkbd/public_html/vendor/laravel/framework/src/Illuminate/Foundation/Bootstrap/HandleExceptions.php(255): Illuminate\\Foundation\\Bootstrap\\HandleExceptions->handleError()
#1 /home/wonderparkbd/public_html/storage/framework/views/e225f9eb62bb1b9fc0a5c49cfd20de21.php(91): Illuminate\\Foundation\\Bootstrap\\HandleExceptions->{closure:Illuminate\\Foundation\\Bootstrap\\HandleExceptions::forwardsTo():254}()
#2 /home/wonderparkbd/public_html/vendor/laravel/framework/src/Illuminate/Filesystem/Filesystem.php(123): require('/home/wonderpar...')
#3 /home/wonderparkbd/public_html/vendor/laravel/framework/src/Illuminate/Filesystem/Filesystem.php(124): Illuminate\\Filesystem\\Filesystem::{closure:Illuminate\\Filesystem\\Filesystem::getRequire():120}()
#4 /home/wonderparkbd/public_html/vendor/laravel/framework/src/Illuminate/View/Engines/PhpEngine.php(58): Illuminate\\Filesystem\\Filesystem->getRequire()
#5 /home/wonderparkbd/public_html/vendor/livewire/livewire/src/ComponentConcerns/RendersLivewireComponents.php(69): Illuminate\\View\\Engines\\PhpEngine->evaluatePath()
#6 /home/wonderparkbd/public_html/vendor/laravel/framework/src/Illuminate/View/Engines/CompilerEngine.php(72): Livewire\\LivewireViewCompilerEngine->evaluatePath()
#7 /home/wonderparkbd/public_html/vendor/livewire/livewire/src/ComponentConcerns/RendersLivewireComponents.php(35): Illuminate\\View\\Engines\\CompilerEngine->get()
#8 /home/wonderparkbd/public_html/vendor/laravel/framework/src/Illuminate/View/View.php(207): Livewire\\LivewireViewCompilerEngine->get()
#9 /home/wonderparkbd/public_html/vendor/laravel/framework/src/Illuminate/View/View.php(190): Illuminate\\View\\View->getContents()
#10 /home/wonderparkbd/public_html/vendor/laravel/framework/src/Illuminate/View/View.php(159): Illuminate\\View\\View->renderContents()
#11 /home/wonderparkbd/public_html/vendor/laravel/framework/src/Illuminate/Http/Response.php(69): Illuminate\\View\\View->render()
#12 /home/wonderparkbd/public_html/vendor/laravel/framework/src/Illuminate/Http/Response.php(35): Illuminate\\Http\\Response->setContent()
#13 /home/wonderparkbd/public_html/vendor/laravel/framework/src/Illuminate/Routing/Router.php(918): Illuminate\\Http\\Response->__construct()
#14 /home/wonderparkbd/public_html/vendor/laravel/framework/src/Illuminate/Routing/Router.php(885): Illuminate\\Routing\\Router::toResponse()
#15 /home/wonderparkbd/public_html/vendor/laravel/framework/src/Illuminate/Routing/Router.php(805): Illuminate\\Routing\\Router->prepareResponse()
#16 /home/wonderparkbd/public_html/vendor/laravel/framework/src/Illuminate/Pipeline/Pipeline.php(144): Illuminate\\Routing\\Router->{closure:Illuminate\\Routing\\Router::runRouteWithinStack():805}()
#17 /home/wonderparkbd/public_html/app/Http/Middleware/SetLocale.php(18): Illuminate\\Pipeline\\Pipeline->{closure:Illuminate\\Pipeline\\Pipeline::prepareDestination():142}()
#18 /home/wonderparkbd/public_html/vendor/laravel/framework/src/Illuminate/Pipeline/Pipeline.php(183): App\\Http\\Middleware\\SetLocale->handle()
#19 /home/wonderparkbd/public_html/vendor/laravel/framework/src/Illuminate/Routing/Middleware/SubstituteBindings.php(50): Illuminate\\Pipeline\\Pipeline->{closure:{closure:Illuminate\\Pipeline\\Pipeline::carry():158}:159}()
#20 /home/wonderparkbd/public_html/vendor/laravel/framework/src/Illuminate/Pipeline/Pipeline.php(183): Illuminate\\Routing\\Middleware\\SubstituteBindings->handle()
#21 /home/wonderparkbd/public_html/vendor/laravel/framework/src/Illuminate/Foundation/Http/Middleware/VerifyCsrfToken.php(78): Illuminate\\Pipeline\\Pipeline->{closure:{closure:Illuminate\\Pipeline\\Pipeline::carry():158}:159}()
#22 /home/wonderparkbd/public_html/vendor/laravel/framework/src/Illuminate/Pipeline/Pipeline.php(183): Illuminate\\Foundation\\Http\\Middleware\\VerifyCsrfToken->handle()
#23 /home/wonderparkbd/public_html/vendor/laravel/framework/src/Illuminate/View/Middleware/ShareErrorsFromSession.php(49): Illuminate\\Pipeline\\Pipeline->{closure:{closure:Illuminate\\Pipeline\\Pipeline::carry():158}:159}()
#24 /home/wonderparkbd/public_html/vendor/laravel/framework/src/Illuminate/Pipeline/Pipeline.php(183): Illuminate\\View\\Middleware\\ShareErrorsFromSession->handle()
#25 /home/wonderparkbd/public_html/vendor/laravel/framework/src/Illuminate/Session/Middleware/StartSession.php(121): Illuminate\\Pipeline\\Pipeline->{closure:{closure:Illuminate\\Pipeline\\Pipeline::carry():158}:159}()
#26 /home/wonderparkbd/public_html/vendor/laravel/framework/src/Illuminate/Session/Middleware/StartSession.php(64): Illuminate\\Session\\Middleware\\StartSession->handleStatefulRequest()
#27 /home/wonderparkbd/public_html/vendor/laravel/framework/src/Illuminate/Pipeline/Pipeline.php(183): Illuminate\\Session\\Middleware\\StartSession->handle()
#28 /home/wonderparkbd/public_html/vendor/laravel/framework/src/Illuminate/Cookie/Middleware/AddQueuedCookiesToResponse.php(37): Illuminate\\Pipeline\\Pipeline->{closure:{closure:Illuminate\\Pipeline\\Pipeline::carry():158}:159}()
#29 /home/wonderparkbd/public_html/vendor/laravel/framework/src/Illuminate/Pipeline/Pipeline.php(183): Illuminate\\Cookie\\Middleware\\AddQueuedCookiesToResponse->handle()
#30 /home/wonderparkbd/public_html/vendor/laravel/framework/src/Illuminate/Cookie/Middleware/EncryptCookies.php(67): Illuminate\\Pipeline\\Pipeline->{closure:{closure:Illuminate\\Pipeline\\Pipeline::carry():158}:159}()
#31 /home/wonderparkbd/public_html/vendor/laravel/framework/src/Illuminate/Pipeline/Pipeline.php(183): Illuminate\\Cookie\\Middleware\\EncryptCookies->handle()
#32 /home/wonderparkbd/public_html/vendor/laravel/framework/src/Illuminate/Pipeline/Pipeline.php(119): Illuminate\\Pipeline\\Pipeline->{closure:{closure:Illuminate\\Pipeline\\Pipeline::carry():158}:159}()
#33 /home/wonderparkbd/public_html/vendor/laravel/framework/src/Illuminate/Routing/Router.php(805): Illuminate\\Pipeline\\Pipeline->then()
#34 /home/wonderparkbd/public_html/vendor/laravel/framework/src/Illuminate/Routing/Router.php(784): Illuminate\\Routing\\Router->runRouteWithinStack()
#35 /home/wonderparkbd/public_html/vendor/laravel/framework/src/Illuminate/Routing/Router.php(748): Illuminate\\Routing\\Router->runRoute()
#36 /home/wonderparkbd/public_html/vendor/laravel/framework/src/Illuminate/Routing/Router.php(737): Illuminate\\Routing\\Router->dispatchToRoute()
#37 /home/wonderparkbd/public_html/vendor/laravel/framework/src/Illuminate/Foundation/Http/Kernel.php(200): Illuminate\\Routing\\Router->dispatch()
#38 /home/wonderparkbd/public_html/vendor/laravel/framework/src/Illuminate/Pipeline/Pipeline.php(144): Illuminate\\Foundation\\Http\\Kernel->{closure:Illuminate\\Foundation\\Http\\Kernel::dispatchToRouter():197}()
#39 /home/wonderparkbd/public_html/vendor/livewire/livewire/src/DisableBrowserCache.php(19): Illuminate\\Pipeline\\Pipeline->{closure:Illuminate\\Pipeline\\Pipeline::prepareDestination():142}()
#40 /home/wonderparkbd/public_html/vendor/laravel/framework/src/Illuminate/Pipeline/Pipeline.php(183): Livewire\\DisableBrowserCache->handle()
#41 /home/wonderparkbd/public_html/vendor/laravel/framework/src/Illuminate/Foundation/Http/Middleware/TransformsRequest.php(21): Illuminate\\Pipeline\\Pipeline->{closure:{closure:Illuminate\\Pipeline\\Pipeline::carry():158}:159}()
#42 /home/wonderparkbd/public_html/vendor/laravel/framework/src/Illuminate/Foundation/Http/Middleware/ConvertEmptyStringsToNull.php(31): Illuminate\\Foundation\\Http\\Middleware\\TransformsRequest->handle()
#43 /home/wonderparkbd/public_html/vendor/laravel/framework/src/Illuminate/Pipeline/Pipeline.php(183): Illuminate\\Foundation\\Http\\Middleware\\ConvertEmptyStringsToNull->handle()
#44 /home/wonderparkbd/public_html/vendor/laravel/framework/src/Illuminate/Foundation/Http/Middleware/TransformsRequest.php(21): Illuminate\\Pipeline\\Pipeline->{closure:{closure:Illuminate\\Pipeline\\Pipeline::carry():158}:159}()
#45 /home/wonderparkbd/public_html/vendor/laravel/framework/src/Illuminate/Foundation/Http/Middleware/TrimStrings.php(40): Illuminate\\Foundation\\Http\\Middleware\\TransformsRequest->handle()
#46 /home/wonderparkbd/public_html/vendor/laravel/framework/src/Illuminate/Pipeline/Pipeline.php(183): Illuminate\\Foundation\\Http\\Middleware\\TrimStrings->handle()
#47 /home/wonderparkbd/public_html/vendor/laravel/framework/src/Illuminate/Foundation/Http/Middleware/ValidatePostSize.php(27): Illuminate\\Pipeline\\Pipeline->{closure:{closure:Illuminate\\Pipeline\\Pipeline::carry():158}:159}()
#48 /home/wonderparkbd/public_html/vendor/laravel/framework/src/Illuminate/Pipeline/Pipeline.php(183): Illuminate\\Foundation\\Http\\Middleware\\ValidatePostSize->handle()
#49 /home/wonderparkbd/public_html/vendor/laravel/framework/src/Illuminate/Foundation/Http/Middleware/PreventRequestsDuringMaintenance.php(99): Illuminate\\Pipeline\\Pipeline->{closure:{closure:Illuminate\\Pipeline\\Pipeline::carry():158}:159}()
#50 /home/wonderparkbd/public_html/vendor/laravel/framework/src/Illuminate/Pipeline/Pipeline.php(183): Illuminate\\Foundation\\Http\\Middleware\\PreventRequestsDuringMaintenance->handle()
#51 /home/wonderparkbd/public_html/vendor/laravel/framework/src/Illuminate/Http/Middleware/HandleCors.php(49): Illuminate\\Pipeline\\Pipeline->{closure:{closure:Illuminate\\Pipeline\\Pipeline::carry():158}:159}()
#52 /home/wonderparkbd/public_html/vendor/laravel/framework/src/Illuminate/Pipeline/Pipeline.php(183): Illuminate\\Http\\Middleware\\HandleCors->handle()
#53 /home/wonderparkbd/public_html/vendor/laravel/framework/src/Illuminate/Http/Middleware/TrustProxies.php(39): Illuminate\\Pipeline\\Pipeline->{closure:{closure:Illuminate\\Pipeline\\Pipeline::carry():158}:159}()
#54 /home/wonderparkbd/public_html/vendor/laravel/framework/src/Illuminate/Pipeline/Pipeline.php(183): Illuminate\\Http\\Middleware\\TrustProxies->handle()
#55 /home/wonderparkbd/public_html/vendor/laravel/framework/src/Illuminate/Pipeline/Pipeline.php(119): Illuminate\\Pipeline\\Pipeline->{closure:{closure:Illuminate\\Pipeline\\Pipeline::carry():158}:159}()
#56 /home/wonderparkbd/public_html/vendor/laravel/framework/src/Illuminate/Foundation/Http/Kernel.php(175): Illuminate\\Pipeline\\Pipeline->then()
#57 /home/wonderparkbd/public_html/vendor/laravel/framework/src/Illuminate/Foundation/Http/Kernel.php(144): Illuminate\\Foundation\\Http\\Kernel->sendRequestThroughRouter()
#58 /home/wonderparkbd/public_html/public/index.php(51): Illuminate\\Foundation\\Http\\Kernel->handle()
#59 {main}
"} 
[2026-07-18 17:34:14] production.ERROR: Class "Carbon\Carbon\Carbon" not found {"userId":52,"exception":"[object] (Error(code: 0): Class \"Carbon\\Carbon\\Carbon\" not found at /home/wonderparkbd/public_html/app/Http/Controllers/Room/BookingController.php:2434)
[stacktrace]
#0 /home/wonderparkbd/public_html/vendor/laravel/framework/src/Illuminate/Routing/Controller.php(54): App\\Http\\Controllers\\Room\\BookingController->bookingSummaryReportPdf()
#1 /home/wonderparkbd/public_html/vendor/laravel/framework/src/Illuminate/Routing/ControllerDispatcher.php(43): Illuminate\\Routing\\Controller->callAction()
#2 /home/wonderparkbd/public_html/vendor/laravel/framework/src/Illuminate/Routing/Route.php(259): Illuminate\\Routing\\ControllerDispatcher->dispatch()
#3 /home/wonderparkbd/public_html/vendor/laravel/framework/src/Illuminate/Routing/Route.php(205): Illuminate\\Routing\\Route->runController()
#4 /home/wonderparkbd/public_html/vendor/laravel/framework/src/Illuminate/Routing/Router.php(806): Illuminate\\Routing\\Route->run()
#5 /home/wonderparkbd/public_html/vendor/laravel/framework/src/Illuminate/Pipeline/Pipeline.php(144): Illuminate\\Routing\\Router->{closure:Illuminate\\Routing\\Router::runRouteWithinStack():805}()
#6 /home/wonderparkbd/public_html/vendor/laravel/framework/src/Illuminate/Auth/Middleware/EnsureEmailIsVerified.php(41): Illuminate\\Pipeline\\Pipeline->{closure:Illuminate\\Pipeline\\Pipeline::prepareDestination():142}()
#7 /home/wonderparkbd/public_html/vendor/laravel/framework/src/Illuminate/Pipeline/Pipeline.php(183): Illuminate\\Auth\\Middleware\\EnsureEmailIsVerified->handle()
#8 /home/wonderparkbd/public_html/app/Http/Middleware/SetLocale.php(18): Illuminate\\Pipeline\\Pipeline->{closure:{closure:Illuminate\\Pipeline\\Pipeline::carry():158}:159}()
#9 /home/wonderparkbd/public_html/vendor/laravel/framework/src/Illuminate/Pipeline/Pipeline.php(183): App\\Http\\Middleware\\SetLocale->handle()
#10 /home/wonderparkbd/public_html/vendor/laravel/framework/src/Illuminate/Routing/Middleware/SubstituteBindings.php(50): Illuminate\\Pipeline\\Pipeline->{closure:{closure:Illuminate\\Pipeline\\Pipeline::carry():158}:159}()
#11 /home/wonderparkbd/public_html/vendor/laravel/framework/src/Illuminate/Pipeline/Pipeline.php(183): Illuminate\\Routing\\Middleware\\SubstituteBindings->handle()
#12 /home/wonderparkbd/public_html/vendor/laravel/framework/src/Illuminate/Auth/Middleware/Authenticate.php(57): Illuminate\\Pipeline\\Pipeline->{closure:{closure:Illuminate\\Pipeline\\Pipeline::carry():158}:159}()
#13 /home/wonderparkbd/public_html/vendor/laravel/framework/src/Illuminate/Pipeline/Pipeline.php(183): Illuminate\\Auth\\Middleware\\Authenticate->handle()
#14 /home/wonderparkbd/public_html/vendor/laravel/framework/src/Illuminate/Foundation/Http/Middleware/VerifyCsrfToken.php(78): Illuminate\\Pipeline\\Pipeline->{closure:{closure:Illuminate\\Pipeline\\Pipeline::carry():158}:159}()
#15 /home/wonderparkbd/public_html/vendor/laravel/framework/src/Illuminate/Pipeline/Pipeline.php(183): Illuminate\\Foundation\\Http\\Middleware\\VerifyCsrfToken->handle()
#16 /home/wonderparkbd/public_html/vendor/laravel/framework/src/Illuminate/View/Middleware/ShareErrorsFromSession.php(49): Illuminate\\Pipeline\\Pipeline->{closure:{closure:Illuminate\\Pipeline\\Pipeline::carry():158}:159}()
#17 /home/wonderparkbd/public_html/vendor/laravel/framework/src/Illuminate/Pipeline/Pipeline.php(183): Illuminate\\View\\Middleware\\ShareErrorsFromSession->handle()
#18 /home/wonderparkbd/public_html/vendor/laravel/framework/src/Illuminate/Session/Middleware/StartSession.php(121): Illuminate\\Pipeline\\Pipeline->{closure:{closure:Illuminate\\Pipeline\\Pipeline::carry():158}:159}()
#19 /home/wonderparkbd/public_html/vendor/laravel/framework/src/Illuminate/Session/Middleware/StartSession.php(64): Illuminate\\Session\\Middleware\\StartSession->handleStatefulRequest()
#20 /home/wonderparkbd/public_html/vendor/laravel/framework/src/Illuminate/Pipeline/Pipeline.php(183): Illuminate\\Session\\Middleware\\StartSession->handle()
#21 /home/wonderparkbd/public_html/vendor/laravel/framework/src/Illuminate/Cookie/Middleware/AddQueuedCookiesToResponse.php(37): Illuminate\\Pipeline\\Pipeline->{closure:{closure:Illuminate\\Pipeline\\Pipeline::carry():158}:159}()
#22 /home/wonderparkbd/public_html/vendor/laravel/framework/src/Illuminate/Pipeline/Pipeline.php(183): Illuminate\\Cookie\\Middleware\\AddQueuedCookiesToResponse->handle()
#23 /home/wonderparkbd/public_html/vendor/laravel/framework/src/Illuminate/Cookie/Middleware/EncryptCookies.php(67): Illuminate\\Pipeline\\Pipeline->{closure:{closure:Illuminate\\Pipeline\\Pipeline::carry():158}:159}()
#24 /home/wonderparkbd/public_html/vendor/laravel/framework/src/Illuminate/Pipeline/Pipeline.php(183): Illuminate\\Cookie\\Middleware\\EncryptCookies->handle()
#25 /home/wonderparkbd/public_html/vendor/laravel/framework/src/Illuminate/Pipeline/Pipeline.php(119): Illuminate\\Pipeline\\Pipeline->{closure:{closure:Illuminate\\Pipeline\\Pipeline::carry():158}:159}()
#26 /home/wonderparkbd/public_html/vendor/laravel/framework/src/Illuminate/Routing/Router.php(805): Illuminate\\Pipeline\\Pipeline->then()
#27 /home/wonderparkbd/public_html/vendor/laravel/framework/src/Illuminate/Routing/Router.php(784): Illuminate\\Routing\\Router->runRouteWithinStack()
#28 /home/wonderparkbd/public_html/vendor/laravel/framework/src/Illuminate/Routing/Router.php(748): Illuminate\\Routing\\Router->runRoute()
#29 /home/wonderparkbd/public_html/vendor/laravel/framework/src/Illuminate/Routing/Router.php(737): Illuminate\\Routing\\Router->dispatchToRoute()
#30 /home/wonderparkbd/public_html/vendor/laravel/framework/src/Illuminate/Foundation/Http/Kernel.php(200): Illuminate\\Routing\\Router->dispatch()
#31 /home/wonderparkbd/public_html/vendor/laravel/framework/src/Illuminate/Pipeline/Pipeline.php(144): Illuminate\\Foundation\\Http\\Kernel->{closure:Illuminate\\Foundation\\Http\\Kernel::dispatchToRouter():197}()
#32 /home/wonderparkbd/public_html/vendor/livewire/livewire/src/DisableBrowserCache.php(19): Illuminate\\Pipeline\\Pipeline->{closure:Illuminate\\Pipeline\\Pipeline::prepareDestination():142}()
#33 /home/wonderparkbd/public_html/vendor/laravel/framework/src/Illuminate/Pipeline/Pipeline.php(183): Livewire\\DisableBrowserCache->handle()
#34 /home/wonderparkbd/public_html/vendor/laravel/framework/src/Illuminate/Foundation/Http/Middleware/TransformsRequest.php(21): Illuminate\\Pipeline\\Pipeline->{closure:{closure:Illuminate\\Pipeline\\Pipeline::carry():158}:159}()
#35 /home/wonderparkbd/public_html/vendor/laravel/framework/src/Illuminate/Foundation/Http/Middleware/ConvertEmptyStringsToNull.php(31): Illuminate\\Foundation\\Http\\Middleware\\TransformsRequest->handle()
#36 /home/wonderparkbd/public_html/vendor/laravel/framework/src/Illuminate/Pipeline/Pipeline.php(183): Illuminate\\Foundation\\Http\\Middleware\\ConvertEmptyStringsToNull->handle()
#37 /home/wonderparkbd/public_html/vendor/laravel/framework/src/Illuminate/Foundation/Http/Middleware/TransformsRequest.php(21): Illuminate\\Pipeline\\Pipeline->{closure:{closure:Illuminate\\Pipeline\\Pipeline::carry():158}:159}()
#38 /home/wonderparkbd/public_html/vendor/laravel/framework/src/Illuminate/Foundation/Http/Middleware/TrimStrings.php(40): Illuminate\\Foundation\\Http\\Middleware\\TransformsRequest->handle()
#39 /home/wonderparkbd/public_html/vendor/laravel/framework/src/Illuminate/Pipeline/Pipeline.php(183): Illuminate\\Foundation\\Http\\Middleware\\TrimStrings->handle()
#40 /home/wonderparkbd/public_html/vendor/laravel/framework/src/Illuminate/Foundation/Http/Middleware/ValidatePostSize.php(27): Illuminate\\Pipeline\\Pipeline->{closure:{closure:Illuminate\\Pipeline\\Pipeline::carry():158}:159}()
#41 /home/wonderparkbd/public_html/vendor/laravel/framework/src/Illuminate/Pipeline/Pipeline.php(183): Illuminate\\Foundation\\Http\\Middleware\\ValidatePostSize->handle()
#42 /home/wonderparkbd/public_html/vendor/laravel/framework/src/Illuminate/Foundation/Http/Middleware/PreventRequestsDuringMaintenance.php(99): Illuminate\\Pipeline\\Pipeline->{closure:{closure:Illuminate\\Pipeline\\Pipeline::carry():158}:159}()
#43 /home/wonderparkbd/public_html/vendor/laravel/framework/src/Illuminate/Pipeline/Pipeline.php(183): Illuminate\\Foundation\\Http\\Middleware\\PreventRequestsDuringMaintenance->handle()
#44 /home/wonderparkbd/public_html/vendor/laravel/framework/src/Illuminate/Http/Middleware/HandleCors.php(49): Illuminate\\Pipeline\\Pipeline->{closure:{closure:Illuminate\\Pipeline\\Pipeline::carry():158}:159}()
#45 /home/wonderparkbd/public_html/vendor/laravel/framework/src/Illuminate/Pipeline/Pipeline.php(183): Illuminate\\Http\\Middleware\\HandleCors->handle()
#46 /home/wonderparkbd/public_html/vendor/laravel/framework/src/Illuminate/Http/Middleware/TrustProxies.php(39): Illuminate\\Pipeline\\Pipeline->{closure:{closure:Illuminate\\Pipeline\\Pipeline::carry():158}:159}()
#47 /home/wonderparkbd/public_html/vendor/laravel/framework/src/Illuminate/Pipeline/Pipeline.php(183): Illuminate\\Http\\Middleware\\TrustProxies->handle()
#48 /home/wonderparkbd/public_html/vendor/laravel/framework/src/Illuminate/Pipeline/Pipeline.php(119): Illuminate\\Pipeline\\Pipeline->{closure:{closure:Illuminate\\Pipeline\\Pipeline::carry():158}:159}()
#49 /home/wonderparkbd/public_html/vendor/laravel/framework/src/Illuminate/Foundation/Http/Kernel.php(175): Illuminate\\Pipeline\\Pipeline->then()
#50 /home/wonderparkbd/public_html/vendor/laravel/framework/src/Illuminate/Foundation/Http/Kernel.php(144): Illuminate\\Foundation\\Http\\Kernel->sendRequestThroughRouter()
#51 /home/wonderparkbd/public_html/public/index.php(51): Illuminate\\Foundation\\Http\\Kernel->handle()
#52 {main}
"} 
[2026-07-18 21:31:32] production.ERROR: Attempt to read property "image" on null {"view":{"view":"/home/wonderparkbd/public_html/resources/views/pages/frontend/blog_details.blade.php","data":[]},"exception":"[object] (Spatie\\LaravelIgnition\\Exceptions\\ViewException(code: 0): Attempt to read property \"image\" on null at /home/wonderparkbd/public_html/resources/views/pages/frontend/blog_details.blade.php:43)
[stacktrace]
#0 /home/wonderparkbd/public_html/vendor/laravel/framework/src/Illuminate/Filesystem/Filesystem.php(123): require('/home/wonderpar...')
#1 /home/wonderparkbd/public_html/vendor/laravel/framework/src/Illuminate/Filesystem/Filesystem.php(124): Illuminate\\Filesystem\\Filesystem::{closure:Illuminate\\Filesystem\\Filesystem::getRequire():120}()
#2 /home/wonderparkbd/public_html/vendor/laravel/framework/src/Illuminate/View/Engines/PhpEngine.php(58): Illuminate\\Filesystem\\Filesystem->getRequire()
#3 /home/wonderparkbd/public_html/vendor/livewire/livewire/src/ComponentConcerns/RendersLivewireComponents.php(69): Illuminate\\View\\Engines\\PhpEngine->evaluatePath()
#4 /home/wonderparkbd/public_html/vendor/laravel/framework/src/Illuminate/View/Engines/CompilerEngine.php(72): Livewire\\LivewireViewCompilerEngine->evaluatePath()
#5 /home/wonderparkbd/public_html/vendor/livewire/livewire/src/ComponentConcerns/RendersLivewireComponents.php(35): Illuminate\\View\\Engines\\CompilerEngine->get()
#6 /home/wonderparkbd/public_html/vendor/laravel/framework/src/Illuminate/View/View.php(207): Livewire\\LivewireViewCompilerEngine->get()
#7 /home/wonderparkbd/public_html/vendor/laravel/framework/src/Illuminate/View/View.php(190): Illuminate\\View\\View->getContents()
#8 /home/wonderparkbd/public_html/vendor/laravel/framework/src/Illuminate/View/View.php(159): Illuminate\\View\\View->renderContents()
#9 /home/wonderparkbd/public_html/vendor/laravel/framework/src/Illuminate/Http/Response.php(69): Illuminate\\View\\View->render()
#10 /home/wonderparkbd/public_html/vendor/laravel/framework/src/Illuminate/Http/Response.php(35): Illuminate\\Http\\Response->setContent()
#11 /home/wonderparkbd/public_html/vendor/laravel/framework/src/Illuminate/Routing/Router.php(918): Illuminate\\Http\\Response->__construct()
#12 /home/wonderparkbd/public_html/vendor/laravel/framework/src/Illuminate/Routing/Router.php(885): Illuminate\\Routing\\Router::toResponse()
#13 /home/wonderparkbd/public_html/vendor/laravel/framework/src/Illuminate/Routing/Router.php(805): Illuminate\\Routing\\Router->prepareResponse()
#14 /home/wonderparkbd/public_html/vendor/laravel/framework/src/Illuminate/Pipeline/Pipeline.php(144): Illuminate\\Routing\\Router->{closure:Illuminate\\Routing\\Router::runRouteWithinStack():805}()
#15 /home/wonderparkbd/public_html/app/Http/Middleware/SetLocale.php(18): Illuminate\\Pipeline\\Pipeline->{closure:Illuminate\\Pipeline\\Pipeline::prepareDestination():142}()
#16 /home/wonderparkbd/public_html/vendor/laravel/framework/src/Illuminate/Pipeline/Pipeline.php(183): App\\Http\\Middleware\\SetLocale->handle()
#17 /home/wonderparkbd/public_html/vendor/laravel/framework/src/Illuminate/Routing/Middleware/SubstituteBindings.php(50): Illuminate\\Pipeline\\Pipeline->{closure:{closure:Illuminate\\Pipeline\\Pipeline::carry():158}:159}()
#18 /home/wonderparkbd/public_html/vendor/laravel/framework/src/Illuminate/Pipeline/Pipeline.php(183): Illuminate\\Routing\\Middleware\\SubstituteBindings->handle()
#19 /home/wonderparkbd/public_html/vendor/laravel/framework/src/Illuminate/Foundation/Http/Middleware/VerifyCsrfToken.php(78): Illuminate\\Pipeline\\Pipeline->{closure:{closure:Illuminate\\Pipeline\\Pipeline::carry():158}:159}()
#20 /home/wonderparkbd/public_html/vendor/laravel/framework/src/Illuminate/Pipeline/Pipeline.php(183): Illuminate\\Foundation\\Http\\Middleware\\VerifyCsrfToken->handle()
#21 /home/wonderparkbd/public_html/vendor/laravel/framework/src/Illuminate/View/Middleware/ShareErrorsFromSession.php(49): Illuminate\\Pipeline\\Pipeline->{closure:{closure:Illuminate\\Pipeline\\Pipeline::carry():158}:159}()
#22 /home/wonderparkbd/public_html/vendor/laravel/framework/src/Illuminate/Pipeline/Pipeline.php(183): Illuminate\\View\\Middleware\\ShareErrorsFromSession->handle()
#23 /home/wonderparkbd/public_html/vendor/laravel/framework/src/Illuminate/Session/Middleware/StartSession.php(121): Illuminate\\Pipeline\\Pipeline->{closure:{closure:Illuminate\\Pipeline\\Pipeline::carry():158}:159}()
#24 /home/wonderparkbd/public_html/vendor/laravel/framework/src/Illuminate/Session/Middleware/StartSession.php(64): Illuminate\\Session\\Middleware\\StartSession->handleStatefulRequest()
#25 /home/wonderparkbd/public_html/vendor/laravel/framework/src/Illuminate/Pipeline/Pipeline.php(183): Illuminate\\Session\\Middleware\\StartSession->handle()
#26 /home/wonderparkbd/public_html/vendor/laravel/framework/src/Illuminate/Cookie/Middleware/AddQueuedCookiesToResponse.php(37): Illuminate\\Pipeline\\Pipeline->{closure:{closure:Illuminate\\Pipeline\\Pipeline::carry():158}:159}()
#27 /home/wonderparkbd/public_html/vendor/laravel/framework/src/Illuminate/Pipeline/Pipeline.php(183): Illuminate\\Cookie\\Middleware\\AddQueuedCookiesToResponse->handle()
#28 /home/wonderparkbd/public_html/vendor/laravel/framework/src/Illuminate/Cookie/Middleware/EncryptCookies.php(67): Illuminate\\Pipeline\\Pipeline->{closure:{closure:Illuminate\\Pipeline\\Pipeline::carry():158}:159}()
#29 /home/wonderparkbd/public_html/vendor/laravel/framework/src/Illuminate/Pipeline/Pipeline.php(183): Illuminate\\Cookie\\Middleware\\EncryptCookies->handle()
#30 /home/wonderparkbd/public_html/vendor/laravel/framework/src/Illuminate/Pipeline/Pipeline.php(119): Illuminate\\Pipeline\\Pipeline->{closure:{closure:Illuminate\\Pipeline\\Pipeline::carry():158}:159}()
#31 /home/wonderparkbd/public_html/vendor/laravel/framework/src/Illuminate/Routing/Router.php(805): Illuminate\\Pipeline\\Pipeline->then()
#32 /home/wonderparkbd/public_html/vendor/laravel/framework/src/Illuminate/Routing/Router.php(784): Illuminate\\Routing\\Router->runRouteWithinStack()
#33 /home/wonderparkbd/public_html/vendor/laravel/framework/src/Illuminate/Routing/Router.php(748): Illuminate\\Routing\\Router->runRoute()
#34 /home/wonderparkbd/public_html/vendor/laravel/framework/src/Illuminate/Routing/Router.php(737): Illuminate\\Routing\\Router->dispatchToRoute()
#35 /home/wonderparkbd/public_html/vendor/laravel/framework/src/Illuminate/Foundation/Http/Kernel.php(200): Illuminate\\Routing\\Router->dispatch()
#36 /home/wonderparkbd/public_html/vendor/laravel/framework/src/Illuminate/Pipeline/Pipeline.php(144): Illuminate\\Foundation\\Http\\Kernel->{closure:Illuminate\\Foundation\\Http\\Kernel::dispatchToRouter():197}()
#37 /home/wonderparkbd/public_html/vendor/livewire/livewire/src/DisableBrowserCache.php(19): Illuminate\\Pipeline\\Pipeline->{closure:Illuminate\\Pipeline\\Pipeline::prepareDestination():142}()
#38 /home/wonderparkbd/public_html/vendor/laravel/framework/src/Illuminate/Pipeline/Pipeline.php(183): Livewire\\DisableBrowserCache->handle()
#39 /home/wonderparkbd/public_html/vendor/laravel/framework/src/Illuminate/Foundation/Http/Middleware/TransformsRequest.php(21): Illuminate\\Pipeline\\Pipeline->{closure:{closure:Illuminate\\Pipeline\\Pipeline::carry():158}:159}()
#40 /home/wonderparkbd/public_html/vendor/laravel/framework/src/Illuminate/Foundation/Http/Middleware/ConvertEmptyStringsToNull.php(31): Illuminate\\Foundation\\Http\\Middleware\\TransformsRequest->handle()
#41 /home/wonderparkbd/public_html/vendor/laravel/framework/src/Illuminate/Pipeline/Pipeline.php(183): Illuminate\\Foundation\\Http\\Middleware\\ConvertEmptyStringsToNull->handle()
#42 /home/wonderparkbd/public_html/vendor/laravel/framework/src/Illuminate/Foundation/Http/Middleware/TransformsRequest.php(21): Illuminate\\Pipeline\\Pipeline->{closure:{closure:Illuminate\\Pipeline\\Pipeline::carry():158}:159}()
#43 /home/wonderparkbd/public_html/vendor/laravel/framework/src/Illuminate/Foundation/Http/Middleware/TrimStrings.php(40): Illuminate\\Foundation\\Http\\Middleware\\TransformsRequest->handle()
#44 /home/wonderparkbd/public_html/vendor/laravel/framework/src/Illuminate/Pipeline/Pipeline.php(183): Illuminate\\Foundation\\Http\\Middleware\\TrimStrings->handle()
#45 /home/wonderparkbd/public_html/vendor/laravel/framework/src/Illuminate/Foundation/Http/Middleware/ValidatePostSize.php(27): Illuminate\\Pipeline\\Pipeline->{closure:{closure:Illuminate\\Pipeline\\Pipeline::carry():158}:159}()
#46 /home/wonderparkbd/public_html/vendor/laravel/framework/src/Illuminate/Pipeline/Pipeline.php(183): Illuminate\\Foundation\\Http\\Middleware\\ValidatePostSize->handle()
#47 /home/wonderparkbd/public_html/vendor/laravel/framework/src/Illuminate/Foundation/Http/Middleware/PreventRequestsDuringMaintenance.php(99): Illuminate\\Pipeline\\Pipeline->{closure:{closure:Illuminate\\Pipeline\\Pipeline::carry():158}:159}()
#48 /home/wonderparkbd/public_html/vendor/laravel/framework/src/Illuminate/Pipeline/Pipeline.php(183): Illuminate\\Foundation\\Http\\Middleware\\PreventRequestsDuringMaintenance->handle()
#49 /home/wonderparkbd/public_html/vendor/laravel/framework/src/Illuminate/Http/Middleware/HandleCors.php(49): Illuminate\\Pipeline\\Pipeline->{closure:{closure:Illuminate\\Pipeline\\Pipeline::carry():158}:159}()
#50 /home/wonderparkbd/public_html/vendor/laravel/framework/src/Illuminate/Pipeline/Pipeline.php(183): Illuminate\\Http\\Middleware\\HandleCors->handle()
#51 /home/wonderparkbd/public_html/vendor/laravel/framework/src/Illuminate/Http/Middleware/TrustProxies.php(39): Illuminate\\Pipeline\\Pipeline->{closure:{closure:Illuminate\\Pipeline\\Pipeline::carry():158}:159}()
#52 /home/wonderparkbd/public_html/vendor/laravel/framework/src/Illuminate/Pipeline/Pipeline.php(183): Illuminate\\Http\\Middleware\\TrustProxies->handle()
#53 /home/wonderparkbd/public_html/vendor/laravel/framework/src/Illuminate/Pipeline/Pipeline.php(119): Illuminate\\Pipeline\\Pipeline->{closure:{closure:Illuminate\\Pipeline\\Pipeline::carry():158}:159}()
#54 /home/wonderparkbd/public_html/vendor/laravel/framework/src/Illuminate/Foundation/Http/Kernel.php(175): Illuminate\\Pipeline\\Pipeline->then()
#55 /home/wonderparkbd/public_html/vendor/laravel/framework/src/Illuminate/Foundation/Http/Kernel.php(144): Illuminate\\Foundation\\Http\\Kernel->sendRequestThroughRouter()
#56 /home/wonderparkbd/public_html/public/index.php(51): Illuminate\\Foundation\\Http\\Kernel->handle()
#57 {main}

[previous exception] [object] (ErrorException(code: 0): Attempt to read property \"image\" on null at /home/wonderparkbd/public_html/storage/framework/views/05ba2f8d6b8577e49f382ec6c960210b.php:43)
[stacktrace]
#0 /home/wonderparkbd/public_html/vendor/laravel/framework/src/Illuminate/Foundation/Bootstrap/HandleExceptions.php(255): Illuminate\\Foundation\\Bootstrap\\HandleExceptions->handleError()
#1 /home/wonderparkbd/public_html/storage/framework/views/05ba2f8d6b8577e49f382ec6c960210b.php(43): Illuminate\\Foundation\\Bootstrap\\HandleExceptions->{closure:Illuminate\\Foundation\\Bootstrap\\HandleExceptions::forwardsTo():254}()
#2 /home/wonderparkbd/public_html/vendor/laravel/framework/src/Illuminate/Filesystem/Filesystem.php(123): require('/home/wonderpar...')
#3 /home/wonderparkbd/public_html/vendor/laravel/framework/src/Illuminate/Filesystem/Filesystem.php(124): Illuminate\\Filesystem\\Filesystem::{closure:Illuminate\\Filesystem\\Filesystem::getRequire():120}()
#4 /home/wonderparkbd/public_html/vendor/laravel/framework/src/Illuminate/View/Engines/PhpEngine.php(58): Illuminate\\Filesystem\\Filesystem->getRequire()
#5 /home/wonderparkbd/public_html/vendor/livewire/livewire/src/ComponentConcerns/RendersLivewireComponents.php(69): Illuminate\\View\\Engines\\PhpEngine->evaluatePath()
#6 /home/wonderparkbd/public_html/vendor/laravel/framework/src/Illuminate/View/Engines/CompilerEngine.php(72): Livewire\\LivewireViewCompilerEngine->evaluatePath()
#7 /home/wonderparkbd/public_html/vendor/livewire/livewire/src/ComponentConcerns/RendersLivewireComponents.php(35): Illuminate\\View\\Engines\\CompilerEngine->get()
#8 /home/wonderparkbd/public_html/vendor/laravel/framework/src/Illuminate/View/View.php(207): Livewire\\LivewireViewCompilerEngine->get()
#9 /home/wonderparkbd/public_html/vendor/laravel/framework/src/Illuminate/View/View.php(190): Illuminate\\View\\View->getContents()
#10 /home/wonderparkbd/public_html/vendor/laravel/framework/src/Illuminate/View/View.php(159): Illuminate\\View\\View->renderContents()
#11 /home/wonderparkbd/public_html/vendor/laravel/framework/src/Illuminate/Http/Response.php(69): Illuminate\\View\\View->render()
#12 /home/wonderparkbd/public_html/vendor/laravel/framework/src/Illuminate/Http/Response.php(35): Illuminate\\Http\\Response->setContent()
#13 /home/wonderparkbd/public_html/vendor/laravel/framework/src/Illuminate/Routing/Router.php(918): Illuminate\\Http\\Response->__construct()
#14 /home/wonderparkbd/public_html/vendor/laravel/framework/src/Illuminate/Routing/Router.php(885): Illuminate\\Routing\\Router::toResponse()
#15 /home/wonderparkbd/public_html/vendor/laravel/framework/src/Illuminate/Routing/Router.php(805): Illuminate\\Routing\\Router->prepareResponse()
#16 /home/wonderparkbd/public_html/vendor/laravel/framework/src/Illuminate/Pipeline/Pipeline.php(144): Illuminate\\Routing\\Router->{closure:Illuminate\\Routing\\Router::runRouteWithinStack():805}()
#17 /home/wonderparkbd/public_html/app/Http/Middleware/SetLocale.php(18): Illuminate\\Pipeline\\Pipeline->{closure:Illuminate\\Pipeline\\Pipeline::prepareDestination():142}()
#18 /home/wonderparkbd/public_html/vendor/laravel/framework/src/Illuminate/Pipeline/Pipeline.php(183): App\\Http\\Middleware\\SetLocale->handle()
#19 /home/wonderparkbd/public_html/vendor/laravel/framework/src/Illuminate/Routing/Middleware/SubstituteBindings.php(50): Illuminate\\Pipeline\\Pipeline->{closure:{closure:Illuminate\\Pipeline\\Pipeline::carry():158}:159}()
#20 /home/wonderparkbd/public_html/vendor/laravel/framework/src/Illuminate/Pipeline/Pipeline.php(183): Illuminate\\Routing\\Middleware\\SubstituteBindings->handle()
#21 /home/wonderparkbd/public_html/vendor/laravel/framework/src/Illuminate/Foundation/Http/Middleware/VerifyCsrfToken.php(78): Illuminate\\Pipeline\\Pipeline->{closure:{closure:Illuminate\\Pipeline\\Pipeline::carry():158}:159}()
#22 /home/wonderparkbd/public_html/vendor/laravel/framework/src/Illuminate/Pipeline/Pipeline.php(183): Illuminate\\Foundation\\Http\\Middleware\\VerifyCsrfToken->handle()
#23 /home/wonderparkbd/public_html/vendor/laravel/framework/src/Illuminate/View/Middleware/ShareErrorsFromSession.php(49): Illuminate\\Pipeline\\Pipeline->{closure:{closure:Illuminate\\Pipeline\\Pipeline::carry():158}:159}()
#24 /home/wonderparkbd/public_html/vendor/laravel/framework/src/Illuminate/Pipeline/Pipeline.php(183): Illuminate\\View\\Middleware\\ShareErrorsFromSession->handle()
#25 /home/wonderparkbd/public_html/vendor/laravel/framework/src/Illuminate/Session/Middleware/StartSession.php(121): Illuminate\\Pipeline\\Pipeline->{closure:{closure:Illuminate\\Pipeline\\Pipeline::carry():158}:159}()
#26 /home/wonderparkbd/public_html/vendor/laravel/framework/src/Illuminate/Session/Middleware/StartSession.php(64): Illuminate\\Session\\Middleware\\StartSession->handleStatefulRequest()
#27 /home/wonderparkbd/public_html/vendor/laravel/framework/src/Illuminate/Pipeline/Pipeline.php(183): Illuminate\\Session\\Middleware\\StartSession->handle()
#28 /home/wonderparkbd/public_html/vendor/laravel/framework/src/Illuminate/Cookie/Middleware/AddQueuedCookiesToResponse.php(37): Illuminate\\Pipeline\\Pipeline->{closure:{closure:Illuminate\\Pipeline\\Pipeline::carry():158}:159}()
#29 /home/wonderparkbd/public_html/vendor/laravel/framework/src/Illuminate/Pipeline/Pipeline.php(183): Illuminate\\Cookie\\Middleware\\AddQueuedCookiesToResponse->handle()
#30 /home/wonderparkbd/public_html/vendor/laravel/framework/src/Illuminate/Cookie/Middleware/EncryptCookies.php(67): Illuminate\\Pipeline\\Pipeline->{closure:{closure:Illuminate\\Pipeline\\Pipeline::carry():158}:159}()
#31 /home/wonderparkbd/public_html/vendor/laravel/framework/src/Illuminate/Pipeline/Pipeline.php(183): Illuminate\\Cookie\\Middleware\\EncryptCookies->handle()
#32 /home/wonderparkbd/public_html/vendor/laravel/framework/src/Illuminate/Pipeline/Pipeline.php(119): Illuminate\\Pipeline\\Pipeline->{closure:{closure:Illuminate\\Pipeline\\Pipeline::carry():158}:159}()
#33 /home/wonderparkbd/public_html/vendor/laravel/framework/src/Illuminate/Routing/Router.php(805): Illuminate\\Pipeline\\Pipeline->then()
#34 /home/wonderparkbd/public_html/vendor/laravel/framework/src/Illuminate/Routing/Router.php(784): Illuminate\\Routing\\Router->runRouteWithinStack()
#35 /home/wonderparkbd/public_html/vendor/laravel/framework/src/Illuminate/Routing/Router.php(748): Illuminate\\Routing\\Router->runRoute()
#36 /home/wonderparkbd/public_html/vendor/laravel/framework/src/Illuminate/Routing/Router.php(737): Illuminate\\Routing\\Router->dispatchToRoute()
#37 /home/wonderparkbd/public_html/vendor/laravel/framework/src/Illuminate/Foundation/Http/Kernel.php(200): Illuminate\\Routing\\Router->dispatch()
#38 /home/wonderparkbd/public_html/vendor/laravel/framework/src/Illuminate/Pipeline/Pipeline.php(144): Illuminate\\Foundation\\Http\\Kernel->{closure:Illuminate\\Foundation\\Http\\Kernel::dispatchToRouter():197}()
#39 /home/wonderparkbd/public_html/vendor/livewire/livewire/src/DisableBrowserCache.php(19): Illuminate\\Pipeline\\Pipeline->{closure:Illuminate\\Pipeline\\Pipeline::prepareDestination():142}()
#40 /home/wonderparkbd/public_html/vendor/laravel/framework/src/Illuminate/Pipeline/Pipeline.php(183): Livewire\\DisableBrowserCache->handle()
#41 /home/wonderparkbd/public_html/vendor/laravel/framework/src/Illuminate/Foundation/Http/Middleware/TransformsRequest.php(21): Illuminate\\Pipeline\\Pipeline->{closure:{closure:Illuminate\\Pipeline\\Pipeline::carry():158}:159}()
#42 /home/wonderparkbd/public_html/vendor/laravel/framework/src/Illuminate/Foundation/Http/Middleware/ConvertEmptyStringsToNull.php(31): Illuminate\\Foundation\\Http\\Middleware\\TransformsRequest->handle()
#43 /home/wonderparkbd/public_html/vendor/laravel/framework/src/Illuminate/Pipeline/Pipeline.php(183): Illuminate\\Foundation\\Http\\Middleware\\ConvertEmptyStringsToNull->handle()
#44 /home/wonderparkbd/public_html/vendor/laravel/framework/src/Illuminate/Foundation/Http/Middleware/TransformsRequest.php(21): Illuminate\\Pipeline\\Pipeline->{closure:{closure:Illuminate\\Pipeline\\Pipeline::carry():158}:159}()
#45 /home/wonderparkbd/public_html/vendor/laravel/framework/src/Illuminate/Foundation/Http/Middleware/TrimStrings.php(40): Illuminate\\Foundation\\Http\\Middleware\\TransformsRequest->handle()
#46 /home/wonderparkbd/public_html/vendor/laravel/framework/src/Illuminate/Pipeline/Pipeline.php(183): Illuminate\\Foundation\\Http\\Middleware\\TrimStrings->handle()
#47 /home/wonderparkbd/public_html/vendor/laravel/framework/src/Illuminate/Foundation/Http/Middleware/ValidatePostSize.php(27): Illuminate\\Pipeline\\Pipeline->{closure:{closure:Illuminate\\Pipeline\\Pipeline::carry():158}:159}()
#48 /home/wonderparkbd/public_html/vendor/laravel/framework/src/Illuminate/Pipeline/Pipeline.php(183): Illuminate\\Foundation\\Http\\Middleware\\ValidatePostSize->handle()
#49 /home/wonderparkbd/public_html/vendor/laravel/framework/src/Illuminate/Foundation/Http/Middleware/PreventRequestsDuringMaintenance.php(99): Illuminate\\Pipeline\\Pipeline->{closure:{closure:Illuminate\\Pipeline\\Pipeline::carry():158}:159}()
#50 /home/wonderparkbd/public_html/vendor/laravel/framework/src/Illuminate/Pipeline/Pipeline.php(183): Illuminate\\Foundation\\Http\\Middleware\\PreventRequestsDuringMaintenance->handle()
#51 /home/wonderparkbd/public_html/vendor/laravel/framework/src/Illuminate/Http/Middleware/HandleCors.php(49): Illuminate\\Pipeline\\Pipeline->{closure:{closure:Illuminate\\Pipeline\\Pipeline::carry():158}:159}()
#52 /home/wonderparkbd/public_html/vendor/laravel/framework/src/Illuminate/Pipeline/Pipeline.php(183): Illuminate\\Http\\Middleware\\HandleCors->handle()
#53 /home/wonderparkbd/public_html/vendor/laravel/framework/src/Illuminate/Http/Middleware/TrustProxies.php(39): Illuminate\\Pipeline\\Pipeline->{closure:{closure:Illuminate\\Pipeline\\Pipeline::carry():158}:159}()
#54 /home/wonderparkbd/public_html/vendor/laravel/framework/src/Illuminate/Pipeline/Pipeline.php(183): Illuminate\\Http\\Middleware\\TrustProxies->handle()
#55 /home/wonderparkbd/public_html/vendor/laravel/framework/src/Illuminate/Pipeline/Pipeline.php(119): Illuminate\\Pipeline\\Pipeline->{closure:{closure:Illuminate\\Pipeline\\Pipeline::carry():158}:159}()
#56 /home/wonderparkbd/public_html/vendor/laravel/framework/src/Illuminate/Foundation/Http/Kernel.php(175): Illuminate\\Pipeline\\Pipeline->then()
#57 /home/wonderparkbd/public_html/vendor/laravel/framework/src/Illuminate/Foundation/Http/Kernel.php(144): Illuminate\\Foundation\\Http\\Kernel->sendRequestThroughRouter()
#58 /home/wonderparkbd/public_html/public/index.php(51): Illuminate\\Foundation\\Http\\Kernel->handle()
#59 {main}
"} 
[2026-07-18 22:51:54] production.ERROR: SQLSTATE[HY000] [1040] Too many connections (Connection: mysql, SQL: select * from `gallery`) {"exception":"[object] (Illuminate\\Database\\QueryException(code: 1040): SQLSTATE[HY000] [1040] Too many connections (Connection: mysql, SQL: select * from `gallery`) at /home/wonderparkbd/public_html/vendor/laravel/framework/src/Illuminate/Database/Connection.php:829)
[stacktrace]
#0 /home/wonderparkbd/public_html/vendor/laravel/framework/src/Illuminate/Database/Connection.php(783): Illuminate\\Database\\Connection->runQueryCallback()
#1 /home/wonderparkbd/public_html/vendor/laravel/framework/src/Illuminate/Database/Connection.php(414): Illuminate\\Database\\Connection->run()
#2 /home/wonderparkbd/public_html/vendor/laravel/framework/src/Illuminate/Database/Query/Builder.php(2913): Illuminate\\Database\\Connection->select()
#3 /home/wonderparkbd/public_html/vendor/laravel/framework/src/Illuminate/Database/Query/Builder.php(2902): Illuminate\\Database\\Query\\Builder->runSelect()
#4 /home/wonderparkbd/public_html/vendor/laravel/framework/src/Illuminate/Database/Query/Builder.php(3456): Illuminate\\Database\\Query\\Builder->{closure:Illuminate\\Database\\Query\\Builder::get():2901}()
#5 /home/wonderparkbd/public_html/vendor/laravel/framework/src/Illuminate/Database/Query/Builder.php(2901): Illuminate\\Database\\Query\\Builder->onceWithColumns()
#6 /home/wonderparkbd/public_html/vendor/laravel/framework/src/Illuminate/Database/Eloquent/Builder.php(739): Illuminate\\Database\\Query\\Builder->get()
#7 /home/wonderparkbd/public_html/vendor/laravel/framework/src/Illuminate/Database/Eloquent/Builder.php(723): Illuminate\\Database\\Eloquent\\Builder->getModels()
#8 /home/wonderparkbd/public_html/vendor/laravel/framework/src/Illuminate/Database/Eloquent/Model.php(675): Illuminate\\Database\\Eloquent\\Builder->get()
#9 /home/wonderparkbd/public_html/app/Http/Controllers/frontend/FrontendController.php(38): Illuminate\\Database\\Eloquent\\Model::all()
#10 /home/wonderparkbd/public_html/vendor/laravel/framework/src/Illuminate/Routing/Controller.php(54): App\\Http\\Controllers\\frontend\\FrontendController->index()
#11 /home/wonderparkbd/public_html/vendor/laravel/framework/src/Illuminate/Routing/ControllerDispatcher.php(43): Illuminate\\Routing\\Controller->callAction()
#12 /home/wonderparkbd/public_html/vendor/laravel/framework/src/Illuminate/Routing/Route.php(259): Illuminate\\Routing\\ControllerDispatcher->dispatch()
#13 /home/wonderparkbd/public_html/vendor/laravel/framework/src/Illuminate/Routing/Route.php(205): Illuminate\\Routing\\Route->runController()
#14 /home/wonderparkbd/public_html/vendor/laravel/framework/src/Illuminate/Routing/Router.php(806): Illuminate\\Routing\\Route->run()
#15 /home/wonderparkbd/public_html/vendor/laravel/framework/src/Illuminate/Pipeline/Pipeline.php(144): Illuminate\\Routing\\Router->{closure:Illuminate\\Routing\\Router::runRouteWithinStack():805}()
#16 /home/wonderparkbd/public_html/app/Http/Middleware/SetLocale.php(18): Illuminate\\Pipeline\\Pipeline->{closure:Illuminate\\Pipeline\\Pipeline::prepareDestination():142}()
#17 /home/wonderparkbd/public_html/vendor/laravel/framework/src/Illuminate/Pipeline/Pipeline.php(183): App\\Http\\Middleware\\SetLocale->handle()
#18 /home/wonderparkbd/public_html/vendor/laravel/framework/src/Illuminate/Routing/Middleware/SubstituteBindings.php(50): Illuminate\\Pipeline\\Pipeline->{closure:{closure:Illuminate\\Pipeline\\Pipeline::carry():158}:159}()
#19 /home/wonderparkbd/public_html/vendor/laravel/framework/src/Illuminate/Pipeline/Pipeline.php(183): Illuminate\\Routing\\Middleware\\SubstituteBindings->handle()
#20 /home/wonderparkbd/public_html/vendor/laravel/framework/src/Illuminate/Foundation/Http/Middleware/VerifyCsrfToken.php(78): Illuminate\\Pipeline\\Pipeline->{closure:{closure:Illuminate\\Pipeline\\Pipeline::carry():158}:159}()
#21 /home/wonderparkbd/public_html/vendor/laravel/framework/src/Illuminate/Pipeline/Pipeline.php(183): Illuminate\\Foundation\\Http\\Middleware\\VerifyCsrfToken->handle()
#22 /home/wonderparkbd/public_html/vendor/laravel/framework/src/Illuminate/View/Middleware/ShareErrorsFromSession.php(49): Illuminate\\Pipeline\\Pipeline->{closure:{closure:Illuminate\\Pipeline\\Pipeline::carry():158}:159}()
#23 /home/wonderparkbd/public_html/vendor/laravel/framework/src/Illuminate/Pipeline/Pipeline.php(183): Illuminate\\View\\Middleware\\ShareErrorsFromSession->handle()
#24 /home/wonderparkbd/public_html/vendor/laravel/framework/src/Illuminate/Session/Middleware/StartSession.php(121): Illuminate\\Pipeline\\Pipeline->{closure:{closure:Illuminate\\Pipeline\\Pipeline::carry():158}:159}()
#25 /home/wonderparkbd/public_html/vendor/laravel/framework/src/Illuminate/Session/Middleware/StartSession.php(64): Illuminate\\Session\\Middleware\\StartSession->handleStatefulRequest()
#26 /home/wonderparkbd/public_html/vendor/laravel/framework/src/Illuminate/Pipeline/Pipeline.php(183): Illuminate\\Session\\Middleware\\StartSession->handle()
#27 /home/wonderparkbd/public_html/vendor/laravel/framework/src/Illuminate/Cookie/Middleware/AddQueuedCookiesToResponse.php(37): Illuminate\\Pipeline\\Pipeline->{closure:{closure:Illuminate\\Pipeline\\Pipeline::carry():158}:159}()
#28 /home/wonderparkbd/public_html/vendor/laravel/framework/src/Illuminate/Pipeline/Pipeline.php(183): Illuminate\\Cookie\\Middleware\\AddQueuedCookiesToResponse->handle()
#29 /home/wonderparkbd/public_html/vendor/laravel/framework/src/Illuminate/Cookie/Middleware/EncryptCookies.php(67): Illuminate\\Pipeline\\Pipeline->{closure:{closure:Illuminate\\Pipeline\\Pipeline::carry():158}:159}()
#30 /home/wonderparkbd/public_html/vendor/laravel/framework/src/Illuminate/Pipeline/Pipeline.php(183): Illuminate\\Cookie\\Middleware\\EncryptCookies->handle()
#31 /home/wonderparkbd/public_html/vendor/laravel/framework/src/Illuminate/Pipeline/Pipeline.php(119): Illuminate\\Pipeline\\Pipeline->{closure:{closure:Illuminate\\Pipeline\\Pipeline::carry():158}:159}()
#32 /home/wonderparkbd/public_html/vendor/laravel/framework/src/Illuminate/Routing/Router.php(805): Illuminate\\Pipeline\\Pipeline->then()
#33 /home/wonderparkbd/public_html/vendor/laravel/framework/src/Illuminate/Routing/Router.php(784): Illuminate\\Routing\\Router->runRouteWithinStack()
#34 /home/wonderparkbd/public_html/vendor/laravel/framework/src/Illuminate/Routing/Router.php(748): Illuminate\\Routing\\Router->runRoute()
#35 /home/wonderparkbd/public_html/vendor/laravel/framework/src/Illuminate/Routing/Router.php(737): Illuminate\\Routing\\Router->dispatchToRoute()
#36 /home/wonderparkbd/public_html/vendor/laravel/framework/src/Illuminate/Foundation/Http/Kernel.php(200): Illuminate\\Routing\\Router->dispatch()
#37 /home/wonderparkbd/public_html/vendor/laravel/framework/src/Illuminate/Pipeline/Pipeline.php(144): Illuminate\\Foundation\\Http\\Kernel->{closure:Illuminate\\Foundation\\Http\\Kernel::dispatchToRouter():197}()
#38 /home/wonderparkbd/public_html/vendor/livewire/livewire/src/DisableBrowserCache.php(19): Illuminate\\Pipeline\\Pipeline->{closure:Illuminate\\Pipeline\\Pipeline::prepareDestination():142}()
#39 /home/wonderparkbd/public_html/vendor/laravel/framework/src/Illuminate/Pipeline/Pipeline.php(183): Livewire\\DisableBrowserCache->handle()
#40 /home/wonderparkbd/public_html/vendor/laravel/framework/src/Illuminate/Foundation/Http/Middleware/TransformsRequest.php(21): Illuminate\\Pipeline\\Pipeline->{closure:{closure:Illuminate\\Pipeline\\Pipeline::carry():158}:159}()
#41 /home/wonderparkbd/public_html/vendor/laravel/framework/src/Illuminate/Foundation/Http/Middleware/ConvertEmptyStringsToNull.php(31): Illuminate\\Foundation\\Http\\Middleware\\TransformsRequest->handle()
#42 /home/wonderparkbd/public_html/vendor/laravel/framework/src/Illuminate/Pipeline/Pipeline.php(183): Illuminate\\Foundation\\Http\\Middleware\\ConvertEmptyStringsToNull->handle()
#43 /home/wonderparkbd/public_html/vendor/laravel/framework/src/Illuminate/Foundation/Http/Middleware/TransformsRequest.php(21): Illuminate\\Pipeline\\Pipeline->{closure:{closure:Illuminate\\Pipeline\\Pipeline::carry():158}:159}()
#44 /home/wonderparkbd/public_html/vendor/laravel/framework/src/Illuminate/Foundation/Http/Middleware/TrimStrings.php(40): Illuminate\\Foundation\\Http\\Middleware\\TransformsRequest->handle()
#45 /home/wonderparkbd/public_html/vendor/laravel/framework/src/Illuminate/Pipeline/Pipeline.php(183): Illuminate\\Foundation\\Http\\Middleware\\TrimStrings->handle()
#46 /home/wonderparkbd/public_html/vendor/laravel/framework/src/Illuminate/Foundation/Http/Middleware/ValidatePostSize.php(27): Illuminate\\Pipeline\\Pipeline->{closure:{closure:Illuminate\\Pipeline\\Pipeline::carry():158}:159}()
#47 /home/wonderparkbd/public_html/vendor/laravel/framework/src/Illuminate/Pipeline/Pipeline.php(183): Illuminate\\Foundation\\Http\\Middleware\\ValidatePostSize->handle()
#48 /home/wonderparkbd/public_html/vendor/laravel/framework/src/Illuminate/Foundation/Http/Middleware/PreventRequestsDuringMaintenance.php(99): Illuminate\\Pipeline\\Pipeline->{closure:{closure:Illuminate\\Pipeline\\Pipeline::carry():158}:159}()
#49 /home/wonderparkbd/public_html/vendor/laravel/framework/src/Illuminate/Pipeline/Pipeline.php(183): Illuminate\\Foundation\\Http\\Middleware\\PreventRequestsDuringMaintenance->handle()
#50 /home/wonderparkbd/public_html/vendor/laravel/framework/src/Illuminate/Http/Middleware/HandleCors.php(49): Illuminate\\Pipeline\\Pipeline->{closure:{closure:Illuminate\\Pipeline\\Pipeline::carry():158}:159}()
#51 /home/wonderparkbd/public_html/vendor/laravel/framework/src/Illuminate/Pipeline/Pipeline.php(183): Illuminate\\Http\\Middleware\\HandleCors->handle()
#52 /home/wonderparkbd/public_html/vendor/laravel/framework/src/Illuminate/Http/Middleware/TrustProxies.php(39): Illuminate\\Pipeline\\Pipeline->{closure:{closure:Illuminate\\Pipeline\\Pipeline::carry():158}:159}()
#53 /home/wonderparkbd/public_html/vendor/laravel/framework/src/Illuminate/Pipeline/Pipeline.php(183): Illuminate\\Http\\Middleware\\TrustProxies->handle()
#54 /home/wonderparkbd/public_html/vendor/laravel/framework/src/Illuminate/Pipeline/Pipeline.php(119): Illuminate\\Pipeline\\Pipeline->{closure:{closure:Illuminate\\Pipeline\\Pipeline::carry():158}:159}()
#55 /home/wonderparkbd/public_html/vendor/laravel/framework/src/Illuminate/Foundation/Http/Kernel.php(175): Illuminate\\Pipeline\\Pipeline->then()
#56 /home/wonderparkbd/public_html/vendor/laravel/framework/src/Illuminate/Foundation/Http/Kernel.php(144): Illuminate\\Foundation\\Http\\Kernel->sendRequestThroughRouter()
#57 /home/wonderparkbd/public_html/public/index.php(51): Illuminate\\Foundation\\Http\\Kernel->handle()
#58 {main}

[previous exception] [object] (PDOException(code: 1040): SQLSTATE[HY000] [1040] Too many connections at /home/wonderparkbd/public_html/vendor/laravel/framework/src/Illuminate/Database/Connectors/Connector.php:65)
[stacktrace]
#0 /home/wonderparkbd/public_html/vendor/laravel/framework/src/Illuminate/Database/Connectors/Connector.php(65): PDO->__construct()
#1 /home/wonderparkbd/public_html/vendor/laravel/framework/src/Illuminate/Database/Connectors/Connector.php(44): Illuminate\\Database\\Connectors\\Connector->createPdoConnection()
#2 /home/wonderparkbd/public_html/vendor/laravel/framework/src/Illuminate/Database/Connectors/MySqlConnector.php(24): Illuminate\\Database\\Connectors\\Connector->createConnection()
#3 /home/wonderparkbd/public_html/vendor/laravel/framework/src/Illuminate/Database/Connectors/ConnectionFactory.php(184): Illuminate\\Database\\Connectors\\MySqlConnector->connect()
#4 [internal function]: Illuminate\\Database\\Connectors\\ConnectionFactory->{closure:Illuminate\\Database\\Connectors\\ConnectionFactory::createPdoResolverWithHosts():179}()
#5 /home/wonderparkbd/public_html/vendor/laravel/framework/src/Illuminate/Database/Connection.php(1339): call_user_func()
#6 /home/wonderparkbd/public_html/vendor/laravel/framework/src/Illuminate/Database/Connection.php(1375): Illuminate\\Database\\Connection->getPdo()
#7 /home/wonderparkbd/public_html/vendor/laravel/framework/src/Illuminate/Database/Connection.php(528): Illuminate\\Database\\Connection->getReadPdo()
#8 /home/wonderparkbd/public_html/vendor/laravel/framework/src/Illuminate/Database/Connection.php(423): Illuminate\\Database\\Connection->getPdoForSelect()
#9 /home/wonderparkbd/public_html/vendor/laravel/framework/src/Illuminate/Database/Connection.php(816): Illuminate\\Database\\Connection->{closure:Illuminate\\Database\\Connection::select():414}()
#10 /home/wonderparkbd/public_html/vendor/laravel/framework/src/Illuminate/Database/Connection.php(783): Illuminate\\Database\\Connection->runQueryCallback()
#11 /home/wonderparkbd/public_html/vendor/laravel/framework/src/Illuminate/Database/Connection.php(414): Illuminate\\Database\\Connection->run()
#12 /home/wonderparkbd/public_html/vendor/laravel/framework/src/Illuminate/Database/Query/Builder.php(2913): Illuminate\\Database\\Connection->select()
#13 /home/wonderparkbd/public_html/vendor/laravel/framework/src/Illuminate/Database/Query/Builder.php(2902): Illuminate\\Database\\Query\\Builder->runSelect()
#14 /home/wonderparkbd/public_html/vendor/laravel/framework/src/Illuminate/Database/Query/Builder.php(3456): Illuminate\\Database\\Query\\Builder->{closure:Illuminate\\Database\\Query\\Builder::get():2901}()
#15 /home/wonderparkbd/public_html/vendor/laravel/framework/src/Illuminate/Database/Query/Builder.php(2901): Illuminate\\Database\\Query\\Builder->onceWithColumns()
#16 /home/wonderparkbd/public_html/vendor/laravel/framework/src/Illuminate/Database/Eloquent/Builder.php(739): Illuminate\\Database\\Query\\Builder->get()
#17 /home/wonderparkbd/public_html/vendor/laravel/framework/src/Illuminate/Database/Eloquent/Builder.php(723): Illuminate\\Database\\Eloquent\\Builder->getModels()
#18 /home/wonderparkbd/public_html/vendor/laravel/framework/src/Illuminate/Database/Eloquent/Model.php(675): Illuminate\\Database\\Eloquent\\Builder->get()
#19 /home/wonderparkbd/public_html/app/Http/Controllers/frontend/FrontendController.php(38): Illuminate\\Database\\Eloquent\\Model::all()
#20 /home/wonderparkbd/public_html/vendor/laravel/framework/src/Illuminate/Routing/Controller.php(54): App\\Http\\Controllers\\frontend\\FrontendController->index()
#21 /home/wonderparkbd/public_html/vendor/laravel/framework/src/Illuminate/Routing/ControllerDispatcher.php(43): Illuminate\\Routing\\Controller->callAction()
#22 /home/wonderparkbd/public_html/vendor/laravel/framework/src/Illuminate/Routing/Route.php(259): Illuminate\\Routing\\ControllerDispatcher->dispatch()
#23 /home/wonderparkbd/public_html/vendor/laravel/framework/src/Illuminate/Routing/Route.php(205): Illuminate\\Routing\\Route->runController()
#24 /home/wonderparkbd/public_html/vendor/laravel/framework/src/Illuminate/Routing/Router.php(806): Illuminate\\Routing\\Route->run()
#25 /home/wonderparkbd/public_html/vendor/laravel/framework/src/Illuminate/Pipeline/Pipeline.php(144): Illuminate\\Routing\\Router->{closure:Illuminate\\Routing\\Router::runRouteWithinStack():805}()
#26 /home/wonderparkbd/public_html/app/Http/Middleware/SetLocale.php(18): Illuminate\\Pipeline\\Pipeline->{closure:Illuminate\\Pipeline\\Pipeline::prepareDestination():142}()
#27 /home/wonderparkbd/public_html/vendor/laravel/framework/src/Illuminate/Pipeline/Pipeline.php(183): App\\Http\\Middleware\\SetLocale->handle()
#28 /home/wonderparkbd/public_html/vendor/laravel/framework/src/Illuminate/Routing/Middleware/SubstituteBindings.php(50): Illuminate\\Pipeline\\Pipeline->{closure:{closure:Illuminate\\Pipeline\\Pipeline::carry():158}:159}()
#29 /home/wonderparkbd/public_html/vendor/laravel/framework/src/Illuminate/Pipeline/Pipeline.php(183): Illuminate\\Routing\\Middleware\\SubstituteBindings->handle()
#30 /home/wonderparkbd/public_html/vendor/laravel/framework/src/Illuminate/Foundation/Http/Middleware/VerifyCsrfToken.php(78): Illuminate\\Pipeline\\Pipeline->{closure:{closure:Illuminate\\Pipeline\\Pipeline::carry():158}:159}()
#31 /home/wonderparkbd/public_html/vendor/laravel/framework/src/Illuminate/Pipeline/Pipeline.php(183): Illuminate\\Foundation\\Http\\Middleware\\VerifyCsrfToken->handle()
#32 /home/wonderparkbd/public_html/vendor/laravel/framework/src/Illuminate/View/Middleware/ShareErrorsFromSession.php(49): Illuminate\\Pipeline\\Pipeline->{closure:{closure:Illuminate\\Pipeline\\Pipeline::carry():158}:159}()
#33 /home/wonderparkbd/public_html/vendor/laravel/framework/src/Illuminate/Pipeline/Pipeline.php(183): Illuminate\\View\\Middleware\\ShareErrorsFromSession->handle()
#34 /home/wonderparkbd/public_html/vendor/laravel/framework/src/Illuminate/Session/Middleware/StartSession.php(121): Illuminate\\Pipeline\\Pipeline->{closure:{closure:Illuminate\\Pipeline\\Pipeline::carry():158}:159}()
#35 /home/wonderparkbd/public_html/vendor/laravel/framework/src/Illuminate/Session/Middleware/StartSession.php(64): Illuminate\\Session\\Middleware\\StartSession->handleStatefulRequest()
#36 /home/wonderparkbd/public_html/vendor/laravel/framework/src/Illuminate/Pipeline/Pipeline.php(183): Illuminate\\Session\\Middleware\\StartSession->handle()
#37 /home/wonderparkbd/public_html/vendor/laravel/framework/src/Illuminate/Cookie/Middleware/AddQueuedCookiesToResponse.php(37): Illuminate\\Pipeline\\Pipeline->{closure:{closure:Illuminate\\Pipeline\\Pipeline::carry():158}:159}()
#38 /home/wonderparkbd/public_html/vendor/laravel/framework/src/Illuminate/Pipeline/Pipeline.php(183): Illuminate\\Cookie\\Middleware\\AddQueuedCookiesToResponse->handle()
#39 /home/wonderparkbd/public_html/vendor/laravel/framework/src/Illuminate/Cookie/Middleware/EncryptCookies.php(67): Illuminate\\Pipeline\\Pipeline->{closure:{closure:Illuminate\\Pipeline\\Pipeline::carry():158}:159}()
#40 /home/wonderparkbd/public_html/vendor/laravel/framework/src/Illuminate/Pipeline/Pipeline.php(183): Illuminate\\Cookie\\Middleware\\EncryptCookies->handle()
#41 /home/wonderparkbd/public_html/vendor/laravel/framework/src/Illuminate/Pipeline/Pipeline.php(119): Illuminate\\Pipeline\\Pipeline->{closure:{closure:Illuminate\\Pipeline\\Pipeline::carry():158}:159}()
#42 /home/wonderparkbd/public_html/vendor/laravel/framework/src/Illuminate/Routing/Router.php(805): Illuminate\\Pipeline\\Pipeline->then()
#43 /home/wonderparkbd/public_html/vendor/laravel/framework/src/Illuminate/Routing/Router.php(784): Illuminate\\Routing\\Router->runRouteWithinStack()
#44 /home/wonderparkbd/public_html/vendor/laravel/framework/src/Illuminate/Routing/Router.php(748): Illuminate\\Routing\\Router->runRoute()
#45 /home/wonderparkbd/public_html/vendor/laravel/framework/src/Illuminate/Routing/Router.php(737): Illuminate\\Routing\\Router->dispatchToRoute()
#46 /home/wonderparkbd/public_html/vendor/laravel/framework/src/Illuminate/Foundation/Http/Kernel.php(200): Illuminate\\Routing\\Router->dispatch()
#47 /home/wonderparkbd/public_html/vendor/laravel/framework/src/Illuminate/Pipeline/Pipeline.php(144): Illuminate\\Foundation\\Http\\Kernel->{closure:Illuminate\\Foundation\\Http\\Kernel::dispatchToRouter():197}()
#48 /home/wonderparkbd/public_html/vendor/livewire/livewire/src/DisableBrowserCache.php(19): Illuminate\\Pipeline\\Pipeline->{closure:Illuminate\\Pipeline\\Pipeline::prepareDestination():142}()
#49 /home/wonderparkbd/public_html/vendor/laravel/framework/src/Illuminate/Pipeline/Pipeline.php(183): Livewire\\DisableBrowserCache->handle()
#50 /home/wonderparkbd/public_html/vendor/laravel/framework/src/Illuminate/Foundation/Http/Middleware/TransformsRequest.php(21): Illuminate\\Pipeline\\Pipeline->{closure:{closure:Illuminate\\Pipeline\\Pipeline::carry():158}:159}()
#51 /home/wonderparkbd/public_html/vendor/laravel/framework/src/Illuminate/Foundation/Http/Middleware/ConvertEmptyStringsToNull.php(31): Illuminate\\Foundation\\Http\\Middleware\\TransformsRequest->handle()
#52 /home/wonderparkbd/public_html/vendor/laravel/framework/src/Illuminate/Pipeline/Pipeline.php(183): Illuminate\\Foundation\\Http\\Middleware\\ConvertEmptyStringsToNull->handle()
#53 /home/wonderparkbd/public_html/vendor/laravel/framework/src/Illuminate/Foundation/Http/Middleware/TransformsRequest.php(21): Illuminate\\Pipeline\\Pipeline->{closure:{closure:Illuminate\\Pipeline\\Pipeline::carry():158}:159}()
#54 /home/wonderparkbd/public_html/vendor/laravel/framework/src/Illuminate/Foundation/Http/Middleware/TrimStrings.php(40): Illuminate\\Foundation\\Http\\Middleware\\TransformsRequest->handle()
#55 /home/wonderparkbd/public_html/vendor/laravel/framework/src/Illuminate/Pipeline/Pipeline.php(183): Illuminate\\Foundation\\Http\\Middleware\\TrimStrings->handle()
#56 /home/wonderparkbd/public_html/vendor/laravel/framework/src/Illuminate/Foundation/Http/Middleware/ValidatePostSize.php(27): Illuminate\\Pipeline\\Pipeline->{closure:{closure:Illuminate\\Pipeline\\Pipeline::carry():158}:159}()
#57 /home/wonderparkbd/public_html/vendor/laravel/framework/src/Illuminate/Pipeline/Pipeline.php(183): Illuminate\\Foundation\\Http\\Middleware\\ValidatePostSize->handle()
#58 /home/wonderparkbd/public_html/vendor/laravel/framework/src/Illuminate/Foundation/Http/Middleware/PreventRequestsDuringMaintenance.php(99): Illuminate\\Pipeline\\Pipeline->{closure:{closure:Illuminate\\Pipeline\\Pipeline::carry():158}:159}()
#59 /home/wonderparkbd/public_html/vendor/laravel/framework/src/Illuminate/Pipeline/Pipeline.php(183): Illuminate\\Foundation\\Http\\Middleware\\PreventRequestsDuringMaintenance->handle()
#60 /home/wonderparkbd/public_html/vendor/laravel/framework/src/Illuminate/Http/Middleware/HandleCors.php(49): Illuminate\\Pipeline\\Pipeline->{closure:{closure:Illuminate\\Pipeline\\Pipeline::carry():158}:159}()
#61 /home/wonderparkbd/public_html/vendor/laravel/framework/src/Illuminate/Pipeline/Pipeline.php(183): Illuminate\\Http\\Middleware\\HandleCors->handle()
#62 /home/wonderparkbd/public_html/vendor/laravel/framework/src/Illuminate/Http/Middleware/TrustProxies.php(39): Illuminate\\Pipeline\\Pipeline->{closure:{closure:Illuminate\\Pipeline\\Pipeline::carry():158}:159}()
#63 /home/wonderparkbd/public_html/vendor/laravel/framework/src/Illuminate/Pipeline/Pipeline.php(183): Illuminate\\Http\\Middleware\\TrustProxies->handle()
#64 /home/wonderparkbd/public_html/vendor/laravel/framework/src/Illuminate/Pipeline/Pipeline.php(119): Illuminate\\Pipeline\\Pipeline->{closure:{closure:Illuminate\\Pipeline\\Pipeline::carry():158}:159}()
#65 /home/wonderparkbd/public_html/vendor/laravel/framework/src/Illuminate/Foundation/Http/Kernel.php(175): Illuminate\\Pipeline\\Pipeline->then()
#66 /home/wonderparkbd/public_html/vendor/laravel/framework/src/Illuminate/Foundation/Http/Kernel.php(144): Illuminate\\Foundation\\Http\\Kernel->sendRequestThroughRouter()
#67 /home/wonderparkbd/public_html/public/index.php(51): Illuminate\\Foundation\\Http\\Kernel->handle()
#68 {main}
"} 
[2026-07-18 22:54:44] production.ERROR: SQLSTATE[HY000] [1040] Too many connections (Connection: mysql, SQL: select * from `gallery`) {"exception":"[object] (Illuminate\\Database\\QueryException(code: 1040): SQLSTATE[HY000] [1040] Too many connections (Connection: mysql, SQL: select * from `gallery`) at /home/wonderparkbd/public_html/vendor/laravel/framework/src/Illuminate/Database/Connection.php:829)
[stacktrace]
#0 /home/wonderparkbd/public_html/vendor/laravel/framework/src/Illuminate/Database/Connection.php(783): Illuminate\\Database\\Connection->runQueryCallback()
#1 /home/wonderparkbd/public_html/vendor/laravel/framework/src/Illuminate/Database/Connection.php(414): Illuminate\\Database\\Connection->run()
#2 /home/wonderparkbd/public_html/vendor/laravel/framework/src/Illuminate/Database/Query/Builder.php(2913): Illuminate\\Database\\Connection->select()
#3 /home/wonderparkbd/public_html/vendor/laravel/framework/src/Illuminate/Database/Query/Builder.php(2902): Illuminate\\Database\\Query\\Builder->runSelect()
#4 /home/wonderparkbd/public_html/vendor/laravel/framework/src/Illuminate/Database/Query/Builder.php(3456): Illuminate\\Database\\Query\\Builder->{closure:Illuminate\\Database\\Query\\Builder::get():2901}()
#5 /home/wonderparkbd/public_html/vendor/laravel/framework/src/Illuminate/Database/Query/Builder.php(2901): Illuminate\\Database\\Query\\Builder->onceWithColumns()
#6 /home/wonderparkbd/public_html/vendor/laravel/framework/src/Illuminate/Database/Eloquent/Builder.php(739): Illuminate\\Database\\Query\\Builder->get()
#7 /home/wonderparkbd/public_html/vendor/laravel/framework/src/Illuminate/Database/Eloquent/Builder.php(723): Illuminate\\Database\\Eloquent\\Builder->getModels()
#8 /home/wonderparkbd/public_html/vendor/laravel/framework/src/Illuminate/Database/Eloquent/Model.php(675): Illuminate\\Database\\Eloquent\\Builder->get()
#9 /home/wonderparkbd/public_html/app/Http/Controllers/frontend/FrontendController.php(38): Illuminate\\Database\\Eloquent\\Model::all()
#10 /home/wonderparkbd/public_html/vendor/laravel/framework/src/Illuminate/Routing/Controller.php(54): App\\Http\\Controllers\\frontend\\FrontendController->index()
#11 /home/wonderparkbd/public_html/vendor/laravel/framework/src/Illuminate/Routing/ControllerDispatcher.php(43): Illuminate\\Routing\\Controller->callAction()
#12 /home/wonderparkbd/public_html/vendor/laravel/framework/src/Illuminate/Routing/Route.php(259): Illuminate\\Routing\\ControllerDispatcher->dispatch()
#13 /home/wonderparkbd/public_html/vendor/laravel/framework/src/Illuminate/Routing/Route.php(205): Illuminate\\Routing\\Route->runController()
#14 /home/wonderparkbd/public_html/vendor/laravel/framework/src/Illuminate/Routing/Router.php(806): Illuminate\\Routing\\Route->run()
#15 /home/wonderparkbd/public_html/vendor/laravel/framework/src/Illuminate/Pipeline/Pipeline.php(144): Illuminate\\Routing\\Router->{closure:Illuminate\\Routing\\Router::runRouteWithinStack():805}()
#16 /home/wonderparkbd/public_html/app/Http/Middleware/SetLocale.php(18): Illuminate\\Pipeline\\Pipeline->{closure:Illuminate\\Pipeline\\Pipeline::prepareDestination():142}()
#17 /home/wonderparkbd/public_html/vendor/laravel/framework/src/Illuminate/Pipeline/Pipeline.php(183): App\\Http\\Middleware\\SetLocale->handle()
#18 /home/wonderparkbd/public_html/vendor/laravel/framework/src/Illuminate/Routing/Middleware/SubstituteBindings.php(50): Illuminate\\Pipeline\\Pipeline->{closure:{closure:Illuminate\\Pipeline\\Pipeline::carry():158}:159}()
#19 /home/wonderparkbd/public_html/vendor/laravel/framework/src/Illuminate/Pipeline/Pipeline.php(183): Illuminate\\Routing\\Middleware\\SubstituteBindings->handle()
#20 /home/wonderparkbd/public_html/vendor/laravel/framework/src/Illuminate/Foundation/Http/Middleware/VerifyCsrfToken.php(78): Illuminate\\Pipeline\\Pipeline->{closure:{closure:Illuminate\\Pipeline\\Pipeline::carry():158}:159}()
#21 /home/wonderparkbd/public_html/vendor/laravel/framework/src/Illuminate/Pipeline/Pipeline.php(183): Illuminate\\Foundation\\Http\\Middleware\\VerifyCsrfToken->handle()
#22 /home/wonderparkbd/public_html/vendor/laravel/framework/src/Illuminate/View/Middleware/ShareErrorsFromSession.php(49): Illuminate\\Pipeline\\Pipeline->{closure:{closure:Illuminate\\Pipeline\\Pipeline::carry():158}:159}()
#23 /home/wonderparkbd/public_html/vendor/laravel/framework/src/Illuminate/Pipeline/Pipeline.php(183): Illuminate\\View\\Middleware\\ShareErrorsFromSession->handle()
#24 /home/wonderparkbd/public_html/vendor/laravel/framework/src/Illuminate/Session/Middleware/StartSession.php(121): Illuminate\\Pipeline\\Pipeline->{closure:{closure:Illuminate\\Pipeline\\Pipeline::carry():158}:159}()
#25 /home/wonderparkbd/public_html/vendor/laravel/framework/src/Illuminate/Session/Middleware/StartSession.php(64): Illuminate\\Session\\Middleware\\StartSession->handleStatefulRequest()
#26 /home/wonderparkbd/public_html/vendor/laravel/framework/src/Illuminate/Pipeline/Pipeline.php(183): Illuminate\\Session\\Middleware\\StartSession->handle()
#27 /home/wonderparkbd/public_html/vendor/laravel/framework/src/Illuminate/Cookie/Middleware/AddQueuedCookiesToResponse.php(37): Illuminate\\Pipeline\\Pipeline->{closure:{closure:Illuminate\\Pipeline\\Pipeline::carry():158}:159}()
#28 /home/wonderparkbd/public_html/vendor/laravel/framework/src/Illuminate/Pipeline/Pipeline.php(183): Illuminate\\Cookie\\Middleware\\AddQueuedCookiesToResponse->handle()
#29 /home/wonderparkbd/public_html/vendor/laravel/framework/src/Illuminate/Cookie/Middleware/EncryptCookies.php(67): Illuminate\\Pipeline\\Pipeline->{closure:{closure:Illuminate\\Pipeline\\Pipeline::carry():158}:159}()
#30 /home/wonderparkbd/public_html/vendor/laravel/framework/src/Illuminate/Pipeline/Pipeline.php(183): Illuminate\\Cookie\\Middleware\\EncryptCookies->handle()
#31 /home/wonderparkbd/public_html/vendor/laravel/framework/src/Illuminate/Pipeline/Pipeline.php(119): Illuminate\\Pipeline\\Pipeline->{closure:{closure:Illuminate\\Pipeline\\Pipeline::carry():158}:159}()
#32 /home/wonderparkbd/public_html/vendor/laravel/framework/src/Illuminate/Routing/Router.php(805): Illuminate\\Pipeline\\Pipeline->then()
#33 /home/wonderparkbd/public_html/vendor/laravel/framework/src/Illuminate/Routing/Router.php(784): Illuminate\\Routing\\Router->runRouteWithinStack()
#34 /home/wonderparkbd/public_html/vendor/laravel/framework/src/Illuminate/Routing/Router.php(748): Illuminate\\Routing\\Router->runRoute()
#35 /home/wonderparkbd/public_html/vendor/laravel/framework/src/Illuminate/Routing/Router.php(737): Illuminate\\Routing\\Router->dispatchToRoute()
#36 /home/wonderparkbd/public_html/vendor/laravel/framework/src/Illuminate/Foundation/Http/Kernel.php(200): Illuminate\\Routing\\Router->dispatch()
#37 /home/wonderparkbd/public_html/vendor/laravel/framework/src/Illuminate/Pipeline/Pipeline.php(144): Illuminate\\Foundation\\Http\\Kernel->{closure:Illuminate\\Foundation\\Http\\Kernel::dispatchToRouter():197}()
#38 /home/wonderparkbd/public_html/vendor/livewire/livewire/src/DisableBrowserCache.php(19): Illuminate\\Pipeline\\Pipeline->{closure:Illuminate\\Pipeline\\Pipeline::prepareDestination():142}()
#39 /home/wonderparkbd/public_html/vendor/laravel/framework/src/Illuminate/Pipeline/Pipeline.php(183): Livewire\\DisableBrowserCache->handle()
#40 /home/wonderparkbd/public_html/vendor/laravel/framework/src/Illuminate/Foundation/Http/Middleware/TransformsRequest.php(21): Illuminate\\Pipeline\\Pipeline->{closure:{closure:Illuminate\\Pipeline\\Pipeline::carry():158}:159}()
#41 /home/wonderparkbd/public_html/vendor/laravel/framework/src/Illuminate/Foundation/Http/Middleware/ConvertEmptyStringsToNull.php(31): Illuminate\\Foundation\\Http\\Middleware\\TransformsRequest->handle()
#42 /home/wonderparkbd/public_html/vendor/laravel/framework/src/Illuminate/Pipeline/Pipeline.php(183): Illuminate\\Foundation\\Http\\Middleware\\ConvertEmptyStringsToNull->handle()
#43 /home/wonderparkbd/public_html/vendor/laravel/framework/src/Illuminate/Foundation/Http/Middleware/TransformsRequest.php(21): Illuminate\\Pipeline\\Pipeline->{closure:{closure:Illuminate\\Pipeline\\Pipeline::carry():158}:159}()
#44 /home/wonderparkbd/public_html/vendor/laravel/framework/src/Illuminate/Foundation/Http/Middleware/TrimStrings.php(40): Illuminate\\Foundation\\Http\\Middleware\\TransformsRequest->handle()
#45 /home/wonderparkbd/public_html/vendor/laravel/framework/src/Illuminate/Pipeline/Pipeline.php(183): Illuminate\\Foundation\\Http\\Middleware\\TrimStrings->handle()
#46 /home/wonderparkbd/public_html/vendor/laravel/framework/src/Illuminate/Foundation/Http/Middleware/ValidatePostSize.php(27): Illuminate\\Pipeline\\Pipeline->{closure:{closure:Illuminate\\Pipeline\\Pipeline::carry():158}:159}()
#47 /home/wonderparkbd/public_html/vendor/laravel/framework/src/Illuminate/Pipeline/Pipeline.php(183): Illuminate\\Foundation\\Http\\Middleware\\ValidatePostSize->handle()
#48 /home/wonderparkbd/public_html/vendor/laravel/framework/src/Illuminate/Foundation/Http/Middleware/PreventRequestsDuringMaintenance.php(99): Illuminate\\Pipeline\\Pipeline->{closure:{closure:Illuminate\\Pipeline\\Pipeline::carry():158}:159}()
#49 /home/wonderparkbd/public_html/vendor/laravel/framework/src/Illuminate/Pipeline/Pipeline.php(183): Illuminate\\Foundation\\Http\\Middleware\\PreventRequestsDuringMaintenance->handle()
#50 /home/wonderparkbd/public_html/vendor/laravel/framework/src/Illuminate/Http/Middleware/HandleCors.php(49): Illuminate\\Pipeline\\Pipeline->{closure:{closure:Illuminate\\Pipeline\\Pipeline::carry():158}:159}()
#51 /home/wonderparkbd/public_html/vendor/laravel/framework/src/Illuminate/Pipeline/Pipeline.php(183): Illuminate\\Http\\Middleware\\HandleCors->handle()
#52 /home/wonderparkbd/public_html/vendor/laravel/framework/src/Illuminate/Http/Middleware/TrustProxies.php(39): Illuminate\\Pipeline\\Pipeline->{closure:{closure:Illuminate\\Pipeline\\Pipeline::carry():158}:159}()
#53 /home/wonderparkbd/public_html/vendor/laravel/framework/src/Illuminate/Pipeline/Pipeline.php(183): Illuminate\\Http\\Middleware\\TrustProxies->handle()
#54 /home/wonderparkbd/public_html/vendor/laravel/framework/src/Illuminate/Pipeline/Pipeline.php(119): Illuminate\\Pipeline\\Pipeline->{closure:{closure:Illuminate\\Pipeline\\Pipeline::carry():158}:159}()
#55 /home/wonderparkbd/public_html/vendor/laravel/framework/src/Illuminate/Foundation/Http/Kernel.php(175): Illuminate\\Pipeline\\Pipeline->then()
#56 /home/wonderparkbd/public_html/vendor/laravel/framework/src/Illuminate/Foundation/Http/Kernel.php(144): Illuminate\\Foundation\\Http\\Kernel->sendRequestThroughRouter()
#57 /home/wonderparkbd/public_html/public/index.php(51): Illuminate\\Foundation\\Http\\Kernel->handle()
#58 {main}

[previous exception] [object] (PDOException(code: 1040): SQLSTATE[HY000] [1040] Too many connections at /home/wonderparkbd/public_html/vendor/laravel/framework/src/Illuminate/Database/Connectors/Connector.php:65)
[stacktrace]
#0 /home/wonderparkbd/public_html/vendor/laravel/framework/src/Illuminate/Database/Connectors/Connector.php(65): PDO->__construct()
#1 /home/wonderparkbd/public_html/vendor/laravel/framework/src/Illuminate/Database/Connectors/Connector.php(44): Illuminate\\Database\\Connectors\\Connector->createPdoConnection()
#2 /home/wonderparkbd/public_html/vendor/laravel/framework/src/Illuminate/Database/Connectors/MySqlConnector.php(24): Illuminate\\Database\\Connectors\\Connector->createConnection()
#3 /home/wonderparkbd/public_html/vendor/laravel/framework/src/Illuminate/Database/Connectors/ConnectionFactory.php(184): Illuminate\\Database\\Connectors\\MySqlConnector->connect()
#4 [internal function]: Illuminate\\Database\\Connectors\\ConnectionFactory->{closure:Illuminate\\Database\\Connectors\\ConnectionFactory::createPdoResolverWithHosts():179}()
#5 /home/wonderparkbd/public_html/vendor/laravel/framework/src/Illuminate/Database/Connection.php(1339): call_user_func()
#6 /home/wonderparkbd/public_html/vendor/laravel/framework/src/Illuminate/Database/Connection.php(1375): Illuminate\\Database\\Connection->getPdo()
#7 /home/wonderparkbd/public_html/vendor/laravel/framework/src/Illuminate/Database/Connection.php(528): Illuminate\\Database\\Connection->getReadPdo()
#8 /home/wonderparkbd/public_html/vendor/laravel/framework/src/Illuminate/Database/Connection.php(423): Illuminate\\Database\\Connection->getPdoForSelect()
#9 /home/wonderparkbd/public_html/vendor/laravel/framework/src/Illuminate/Database/Connection.php(816): Illuminate\\Database\\Connection->{closure:Illuminate\\Database\\Connection::select():414}()
#10 /home/wonderparkbd/public_html/vendor/laravel/framework/src/Illuminate/Database/Connection.php(783): Illuminate\\Database\\Connection->runQueryCallback()
#11 /home/wonderparkbd/public_html/vendor/laravel/framework/src/Illuminate/Database/Connection.php(414): Illuminate\\Database\\Connection->run()
#12 /home/wonderparkbd/public_html/vendor/laravel/framework/src/Illuminate/Database/Query/Builder.php(2913): Illuminate\\Database\\Connection->select()
#13 /home/wonderparkbd/public_html/vendor/laravel/framework/src/Illuminate/Database/Query/Builder.php(2902): Illuminate\\Database\\Query\\Builder->runSelect()
#14 /home/wonderparkbd/public_html/vendor/laravel/framework/src/Illuminate/Database/Query/Builder.php(3456): Illuminate\\Database\\Query\\Builder->{closure:Illuminate\\Database\\Query\\Builder::get():2901}()
#15 /home/wonderparkbd/public_html/vendor/laravel/framework/src/Illuminate/Database/Query/Builder.php(2901): Illuminate\\Database\\Query\\Builder->onceWithColumns()
#16 /home/wonderparkbd/public_html/vendor/laravel/framework/src/Illuminate/Database/Eloquent/Builder.php(739): Illuminate\\Database\\Query\\Builder->get()
#17 /home/wonderparkbd/public_html/vendor/laravel/framework/src/Illuminate/Database/Eloquent/Builder.php(723): Illuminate\\Database\\Eloquent\\Builder->getModels()
#18 /home/wonderparkbd/public_html/vendor/laravel/framework/src/Illuminate/Database/Eloquent/Model.php(675): Illuminate\\Database\\Eloquent\\Builder->get()
#19 /home/wonderparkbd/public_html/app/Http/Controllers/frontend/FrontendController.php(38): Illuminate\\Database\\Eloquent\\Model::all()
#20 /home/wonderparkbd/public_html/vendor/laravel/framework/src/Illuminate/Routing/Controller.php(54): App\\Http\\Controllers\\frontend\\FrontendController->index()
#21 /home/wonderparkbd/public_html/vendor/laravel/framework/src/Illuminate/Routing/ControllerDispatcher.php(43): Illuminate\\Routing\\Controller->callAction()
#22 /home/wonderparkbd/public_html/vendor/laravel/framework/src/Illuminate/Routing/Route.php(259): Illuminate\\Routing\\ControllerDispatcher->dispatch()
#23 /home/wonderparkbd/public_html/vendor/laravel/framework/src/Illuminate/Routing/Route.php(205): Illuminate\\Routing\\Route->runController()
#24 /home/wonderparkbd/public_html/vendor/laravel/framework/src/Illuminate/Routing/Router.php(806): Illuminate\\Routing\\Route->run()
#25 /home/wonderparkbd/public_html/vendor/laravel/framework/src/Illuminate/Pipeline/Pipeline.php(144): Illuminate\\Routing\\Router->{closure:Illuminate\\Routing\\Router::runRouteWithinStack():805}()
#26 /home/wonderparkbd/public_html/app/Http/Middleware/SetLocale.php(18): Illuminate\\Pipeline\\Pipeline->{closure:Illuminate\\Pipeline\\Pipeline::prepareDestination():142}()
#27 /home/wonderparkbd/public_html/vendor/laravel/framework/src/Illuminate/Pipeline/Pipeline.php(183): App\\Http\\Middleware\\SetLocale->handle()
#28 /home/wonderparkbd/public_html/vendor/laravel/framework/src/Illuminate/Routing/Middleware/SubstituteBindings.php(50): Illuminate\\Pipeline\\Pipeline->{closure:{closure:Illuminate\\Pipeline\\Pipeline::carry():158}:159}()
#29 /home/wonderparkbd/public_html/vendor/laravel/framework/src/Illuminate/Pipeline/Pipeline.php(183): Illuminate\\Routing\\Middleware\\SubstituteBindings->handle()
#30 /home/wonderparkbd/public_html/vendor/laravel/framework/src/Illuminate/Foundation/Http/Middleware/VerifyCsrfToken.php(78): Illuminate\\Pipeline\\Pipeline->{closure:{closure:Illuminate\\Pipeline\\Pipeline::carry():158}:159}()
#31 /home/wonderparkbd/public_html/vendor/laravel/framework/src/Illuminate/Pipeline/Pipeline.php(183): Illuminate\\Foundation\\Http\\Middleware\\VerifyCsrfToken->handle()
#32 /home/wonderparkbd/public_html/vendor/laravel/framework/src/Illuminate/View/Middleware/ShareErrorsFromSession.php(49): Illuminate\\Pipeline\\Pipeline->{closure:{closure:Illuminate\\Pipeline\\Pipeline::carry():158}:159}()
#33 /home/wonderparkbd/public_html/vendor/laravel/framework/src/Illuminate/Pipeline/Pipeline.php(183): Illuminate\\View\\Middleware\\ShareErrorsFromSession->handle()
#34 /home/wonderparkbd/public_html/vendor/laravel/framework/src/Illuminate/Session/Middleware/StartSession.php(121): Illuminate\\Pipeline\\Pipeline->{closure:{closure:Illuminate\\Pipeline\\Pipeline::carry():158}:159}()
#35 /home/wonderparkbd/public_html/vendor/laravel/framework/src/Illuminate/Session/Middleware/StartSession.php(64): Illuminate\\Session\\Middleware\\StartSession->handleStatefulRequest()
#36 /home/wonderparkbd/public_html/vendor/laravel/framework/src/Illuminate/Pipeline/Pipeline.php(183): Illuminate\\Session\\Middleware\\StartSession->handle()
#37 /home/wonderparkbd/public_html/vendor/laravel/framework/src/Illuminate/Cookie/Middleware/AddQueuedCookiesToResponse.php(37): Illuminate\\Pipeline\\Pipeline->{closure:{closure:Illuminate\\Pipeline\\Pipeline::carry():158}:159}()
#38 /home/wonderparkbd/public_html/vendor/laravel/framework/src/Illuminate/Pipeline/Pipeline.php(183): Illuminate\\Cookie\\Middleware\\AddQueuedCookiesToResponse->handle()
#39 /home/wonderparkbd/public_html/vendor/laravel/framework/src/Illuminate/Cookie/Middleware/EncryptCookies.php(67): Illuminate\\Pipeline\\Pipeline->{closure:{closure:Illuminate\\Pipeline\\Pipeline::carry():158}:159}()
#40 /home/wonderparkbd/public_html/vendor/laravel/framework/src/Illuminate/Pipeline/Pipeline.php(183): Illuminate\\Cookie\\Middleware\\EncryptCookies->handle()
#41 /home/wonderparkbd/public_html/vendor/laravel/framework/src/Illuminate/Pipeline/Pipeline.php(119): Illuminate\\Pipeline\\Pipeline->{closure:{closure:Illuminate\\Pipeline\\Pipeline::carry():158}:159}()
#42 /home/wonderparkbd/public_html/vendor/laravel/framework/src/Illuminate/Routing/Router.php(805): Illuminate\\Pipeline\\Pipeline->then()
#43 /home/wonderparkbd/public_html/vendor/laravel/framework/src/Illuminate/Routing/Router.php(784): Illuminate\\Routing\\Router->runRouteWithinStack()
#44 /home/wonderparkbd/public_html/vendor/laravel/framework/src/Illuminate/Routing/Router.php(748): Illuminate\\Routing\\Router->runRoute()
#45 /home/wonderparkbd/public_html/vendor/laravel/framework/src/Illuminate/Routing/Router.php(737): Illuminate\\Routing\\Router->dispatchToRoute()
#46 /home/wonderparkbd/public_html/vendor/laravel/framework/src/Illuminate/Foundation/Http/Kernel.php(200): Illuminate\\Routing\\Router->dispatch()
#47 /home/wonderparkbd/public_html/vendor/laravel/framework/src/Illuminate/Pipeline/Pipeline.php(144): Illuminate\\Foundation\\Http\\Kernel->{closure:Illuminate\\Foundation\\Http\\Kernel::dispatchToRouter():197}()
#48 /home/wonderparkbd/public_html/vendor/livewire/livewire/src/DisableBrowserCache.php(19): Illuminate\\Pipeline\\Pipeline->{closure:Illuminate\\Pipeline\\Pipeline::prepareDestination():142}()
#49 /home/wonderparkbd/public_html/vendor/laravel/framework/src/Illuminate/Pipeline/Pipeline.php(183): Livewire\\DisableBrowserCache->handle()
#50 /home/wonderparkbd/public_html/vendor/laravel/framework/src/Illuminate/Foundation/Http/Middleware/TransformsRequest.php(21): Illuminate\\Pipeline\\Pipeline->{closure:{closure:Illuminate\\Pipeline\\Pipeline::carry():158}:159}()
#51 /home/wonderparkbd/public_html/vendor/laravel/framework/src/Illuminate/Foundation/Http/Middleware/ConvertEmptyStringsToNull.php(31): Illuminate\\Foundation\\Http\\Middleware\\TransformsRequest->handle()
#52 /home/wonderparkbd/public_html/vendor/laravel/framework/src/Illuminate/Pipeline/Pipeline.php(183): Illuminate\\Foundation\\Http\\Middleware\\ConvertEmptyStringsToNull->handle()
#53 /home/wonderparkbd/public_html/vendor/laravel/framework/src/Illuminate/Foundation/Http/Middleware/TransformsRequest.php(21): Illuminate\\Pipeline\\Pipeline->{closure:{closure:Illuminate\\Pipeline\\Pipeline::carry():158}:159}()
#54 /home/wonderparkbd/public_html/vendor/laravel/framework/src/Illuminate/Foundation/Http/Middleware/TrimStrings.php(40): Illuminate\\Foundation\\Http\\Middleware\\TransformsRequest->handle()
#55 /home/wonderparkbd/public_html/vendor/laravel/framework/src/Illuminate/Pipeline/Pipeline.php(183): Illuminate\\Foundation\\Http\\Middleware\\TrimStrings->handle()
#56 /home/wonderparkbd/public_html/vendor/laravel/framework/src/Illuminate/Foundation/Http/Middleware/ValidatePostSize.php(27): Illuminate\\Pipeline\\Pipeline->{closure:{closure:Illuminate\\Pipeline\\Pipeline::carry():158}:159}()
#57 /home/wonderparkbd/public_html/vendor/laravel/framework/src/Illuminate/Pipeline/Pipeline.php(183): Illuminate\\Foundation\\Http\\Middleware\\ValidatePostSize->handle()
#58 /home/wonderparkbd/public_html/vendor/laravel/framework/src/Illuminate/Foundation/Http/Middleware/PreventRequestsDuringMaintenance.php(99): Illuminate\\Pipeline\\Pipeline->{closure:{closure:Illuminate\\Pipeline\\Pipeline::carry():158}:159}()
#59 /home/wonderparkbd/public_html/vendor/laravel/framework/src/Illuminate/Pipeline/Pipeline.php(183): Illuminate\\Foundation\\Http\\Middleware\\PreventRequestsDuringMaintenance->handle()
#60 /home/wonderparkbd/public_html/vendor/laravel/framework/src/Illuminate/Http/Middleware/HandleCors.php(49): Illuminate\\Pipeline\\Pipeline->{closure:{closure:Illuminate\\Pipeline\\Pipeline::carry():158}:159}()
#61 /home/wonderparkbd/public_html/vendor/laravel/framework/src/Illuminate/Pipeline/Pipeline.php(183): Illuminate\\Http\\Middleware\\HandleCors->handle()
#62 /home/wonderparkbd/public_html/vendor/laravel/framework/src/Illuminate/Http/Middleware/TrustProxies.php(39): Illuminate\\Pipeline\\Pipeline->{closure:{closure:Illuminate\\Pipeline\\Pipeline::carry():158}:159}()
#63 /home/wonderparkbd/public_html/vendor/laravel/framework/src/Illuminate/Pipeline/Pipeline.php(183): Illuminate\\Http\\Middleware\\TrustProxies->handle()
#64 /home/wonderparkbd/public_html/vendor/laravel/framework/src/Illuminate/Pipeline/Pipeline.php(119): Illuminate\\Pipeline\\Pipeline->{closure:{closure:Illuminate\\Pipeline\\Pipeline::carry():158}:159}()
#65 /home/wonderparkbd/public_html/vendor/laravel/framework/src/Illuminate/Foundation/Http/Kernel.php(175): Illuminate\\Pipeline\\Pipeline->then()
#66 /home/wonderparkbd/public_html/vendor/laravel/framework/src/Illuminate/Foundation/Http/Kernel.php(144): Illuminate\\Foundation\\Http\\Kernel->sendRequestThroughRouter()
#67 /home/wonderparkbd/public_html/public/index.php(51): Illuminate\\Foundation\\Http\\Kernel->handle()
#68 {main}
"} 
[2026-07-18 23:15:18] production.ERROR: SQLSTATE[08004] [1040] Too many connections (Connection: mysql, SQL: select * from `gallery`) {"exception":"[object] (Illuminate\\Database\\QueryException(code: 1040): SQLSTATE[08004] [1040] Too many connections (Connection: mysql, SQL: select * from `gallery`) at /home/wonderparkbd/public_html/vendor/laravel/framework/src/Illuminate/Database/Connection.php:829)
[stacktrace]
#0 /home/wonderparkbd/public_html/vendor/laravel/framework/src/Illuminate/Database/Connection.php(783): Illuminate\\Database\\Connection->runQueryCallback()
#1 /home/wonderparkbd/public_html/vendor/laravel/framework/src/Illuminate/Database/Connection.php(414): Illuminate\\Database\\Connection->run()
#2 /home/wonderparkbd/public_html/vendor/laravel/framework/src/Illuminate/Database/Query/Builder.php(2913): Illuminate\\Database\\Connection->select()
#3 /home/wonderparkbd/public_html/vendor/laravel/framework/src/Illuminate/Database/Query/Builder.php(2902): Illuminate\\Database\\Query\\Builder->runSelect()
#4 /home/wonderparkbd/public_html/vendor/laravel/framework/src/Illuminate/Database/Query/Builder.php(3456): Illuminate\\Database\\Query\\Builder->{closure:Illuminate\\Database\\Query\\Builder::get():2901}()
#5 /home/wonderparkbd/public_html/vendor/laravel/framework/src/Illuminate/Database/Query/Builder.php(2901): Illuminate\\Database\\Query\\Builder->onceWithColumns()
#6 /home/wonderparkbd/public_html/vendor/laravel/framework/src/Illuminate/Database/Eloquent/Builder.php(739): Illuminate\\Database\\Query\\Builder->get()
#7 /home/wonderparkbd/public_html/vendor/laravel/framework/src/Illuminate/Database/Eloquent/Builder.php(723): Illuminate\\Database\\Eloquent\\Builder->getModels()
#8 /home/wonderparkbd/public_html/vendor/laravel/framework/src/Illuminate/Database/Eloquent/Model.php(675): Illuminate\\Database\\Eloquent\\Builder->get()
#9 /home/wonderparkbd/public_html/app/Http/Controllers/frontend/FrontendController.php(38): Illuminate\\Database\\Eloquent\\Model::all()
#10 /home/wonderparkbd/public_html/vendor/laravel/framework/src/Illuminate/Routing/Controller.php(54): App\\Http\\Controllers\\frontend\\FrontendController->index()
#11 /home/wonderparkbd/public_html/vendor/laravel/framework/src/Illuminate/Routing/ControllerDispatcher.php(43): Illuminate\\Routing\\Controller->callAction()
#12 /home/wonderparkbd/public_html/vendor/laravel/framework/src/Illuminate/Routing/Route.php(259): Illuminate\\Routing\\ControllerDispatcher->dispatch()
#13 /home/wonderparkbd/public_html/vendor/laravel/framework/src/Illuminate/Routing/Route.php(205): Illuminate\\Routing\\Route->runController()
#14 /home/wonderparkbd/public_html/vendor/laravel/framework/src/Illuminate/Routing/Router.php(806): Illuminate\\Routing\\Route->run()
#15 /home/wonderparkbd/public_html/vendor/laravel/framework/src/Illuminate/Pipeline/Pipeline.php(144): Illuminate\\Routing\\Router->{closure:Illuminate\\Routing\\Router::runRouteWithinStack():805}()
#16 /home/wonderparkbd/public_html/app/Http/Middleware/SetLocale.php(18): Illuminate\\Pipeline\\Pipeline->{closure:Illuminate\\Pipeline\\Pipeline::prepareDestination():142}()
#17 /home/wonderparkbd/public_html/vendor/laravel/framework/src/Illuminate/Pipeline/Pipeline.php(183): App\\Http\\Middleware\\SetLocale->handle()
#18 /home/wonderparkbd/public_html/vendor/laravel/framework/src/Illuminate/Routing/Middleware/SubstituteBindings.php(50): Illuminate\\Pipeline\\Pipeline->{closure:{closure:Illuminate\\Pipeline\\Pipeline::carry():158}:159}()
#19 /home/wonderparkbd/public_html/vendor/laravel/framework/src/Illuminate/Pipeline/Pipeline.php(183): Illuminate\\Routing\\Middleware\\SubstituteBindings->handle()
#20 /home/wonderparkbd/public_html/vendor/laravel/framework/src/Illuminate/Foundation/Http/Middleware/VerifyCsrfToken.php(78): Illuminate\\Pipeline\\Pipeline->{closure:{closure:Illuminate\\Pipeline\\Pipeline::carry():158}:159}()
#21 /home/wonderparkbd/public_html/vendor/laravel/framework/src/Illuminate/Pipeline/Pipeline.php(183): Illuminate\\Foundation\\Http\\Middleware\\VerifyCsrfToken->handle()
#22 /home/wonderparkbd/public_html/vendor/laravel/framework/src/Illuminate/View/Middleware/ShareErrorsFromSession.php(49): Illuminate\\Pipeline\\Pipeline->{closure:{closure:Illuminate\\Pipeline\\Pipeline::carry():158}:159}()
#23 /home/wonderparkbd/public_html/vendor/laravel/framework/src/Illuminate/Pipeline/Pipeline.php(183): Illuminate\\View\\Middleware\\ShareErrorsFromSession->handle()
#24 /home/wonderparkbd/public_html/vendor/laravel/framework/src/Illuminate/Session/Middleware/StartSession.php(121): Illuminate\\Pipeline\\Pipeline->{closure:{closure:Illuminate\\Pipeline\\Pipeline::carry():158}:159}()
#25 /home/wonderparkbd/public_html/vendor/laravel/framework/src/Illuminate/Session/Middleware/StartSession.php(64): Illuminate\\Session\\Middleware\\StartSession->handleStatefulRequest()
#26 /home/wonderparkbd/public_html/vendor/laravel/framework/src/Illuminate/Pipeline/Pipeline.php(183): Illuminate\\Session\\Middleware\\StartSession->handle()
#27 /home/wonderparkbd/public_html/vendor/laravel/framework/src/Illuminate/Cookie/Middleware/AddQueuedCookiesToResponse.php(37): Illuminate\\Pipeline\\Pipeline->{closure:{closure:Illuminate\\Pipeline\\Pipeline::carry():158}:159}()
#28 /home/wonderparkbd/public_html/vendor/laravel/framework/src/Illuminate/Pipeline/Pipeline.php(183): Illuminate\\Cookie\\Middleware\\AddQueuedCookiesToResponse->handle()
#29 /home/wonderparkbd/public_html/vendor/laravel/framework/src/Illuminate/Cookie/Middleware/EncryptCookies.php(67): Illuminate\\Pipeline\\Pipeline->{closure:{closure:Illuminate\\Pipeline\\Pipeline::carry():158}:159}()
#30 /home/wonderparkbd/public_html/vendor/laravel/framework/src/Illuminate/Pipeline/Pipeline.php(183): Illuminate\\Cookie\\Middleware\\EncryptCookies->handle()
#31 /home/wonderparkbd/public_html/vendor/laravel/framework/src/Illuminate/Pipeline/Pipeline.php(119): Illuminate\\Pipeline\\Pipeline->{closure:{closure:Illuminate\\Pipeline\\Pipeline::carry():158}:159}()
#32 /home/wonderparkbd/public_html/vendor/laravel/framework/src/Illuminate/Routing/Router.php(805): Illuminate\\Pipeline\\Pipeline->then()
#33 /home/wonderparkbd/public_html/vendor/laravel/framework/src/Illuminate/Routing/Router.php(784): Illuminate\\Routing\\Router->runRouteWithinStack()
#34 /home/wonderparkbd/public_html/vendor/laravel/framework/src/Illuminate/Routing/Router.php(748): Illuminate\\Routing\\Router->runRoute()
#35 /home/wonderparkbd/public_html/vendor/laravel/framework/src/Illuminate/Routing/Router.php(737): Illuminate\\Routing\\Router->dispatchToRoute()
#36 /home/wonderparkbd/public_html/vendor/laravel/framework/src/Illuminate/Foundation/Http/Kernel.php(200): Illuminate\\Routing\\Router->dispatch()
#37 /home/wonderparkbd/public_html/vendor/laravel/framework/src/Illuminate/Pipeline/Pipeline.php(144): Illuminate\\Foundation\\Http\\Kernel->{closure:Illuminate\\Foundation\\Http\\Kernel::dispatchToRouter():197}()
#38 /home/wonderparkbd/public_html/vendor/livewire/livewire/src/DisableBrowserCache.php(19): Illuminate\\Pipeline\\Pipeline->{closure:Illuminate\\Pipeline\\Pipeline::prepareDestination():142}()
#39 /home/wonderparkbd/public_html/vendor/laravel/framework/src/Illuminate/Pipeline/Pipeline.php(183): Livewire\\DisableBrowserCache->handle()
#40 /home/wonderparkbd/public_html/vendor/laravel/framework/src/Illuminate/Foundation/Http/Middleware/TransformsRequest.php(21): Illuminate\\Pipeline\\Pipeline->{closure:{closure:Illuminate\\Pipeline\\Pipeline::carry():158}:159}()
#41 /home/wonderparkbd/public_html/vendor/laravel/framework/src/Illuminate/Foundation/Http/Middleware/ConvertEmptyStringsToNull.php(31): Illuminate\\Foundation\\Http\\Middleware\\TransformsRequest->handle()
#42 /home/wonderparkbd/public_html/vendor/laravel/framework/src/Illuminate/Pipeline/Pipeline.php(183): Illuminate\\Foundation\\Http\\Middleware\\ConvertEmptyStringsToNull->handle()
#43 /home/wonderparkbd/public_html/vendor/laravel/framework/src/Illuminate/Foundation/Http/Middleware/TransformsRequest.php(21): Illuminate\\Pipeline\\Pipeline->{closure:{closure:Illuminate\\Pipeline\\Pipeline::carry():158}:159}()
#44 /home/wonderparkbd/public_html/vendor/laravel/framework/src/Illuminate/Foundation/Http/Middleware/TrimStrings.php(40): Illuminate\\Foundation\\Http\\Middleware\\TransformsRequest->handle()
#45 /home/wonderparkbd/public_html/vendor/laravel/framework/src/Illuminate/Pipeline/Pipeline.php(183): Illuminate\\Foundation\\Http\\Middleware\\TrimStrings->handle()
#46 /home/wonderparkbd/public_html/vendor/laravel/framework/src/Illuminate/Foundation/Http/Middleware/ValidatePostSize.php(27): Illuminate\\Pipeline\\Pipeline->{closure:{closure:Illuminate\\Pipeline\\Pipeline::carry():158}:159}()
#47 /home/wonderparkbd/public_html/vendor/laravel/framework/src/Illuminate/Pipeline/Pipeline.php(183): Illuminate\\Foundation\\Http\\Middleware\\ValidatePostSize->handle()
#48 /home/wonderparkbd/public_html/vendor/laravel/framework/src/Illuminate/Foundation/Http/Middleware/PreventRequestsDuringMaintenance.php(99): Illuminate\\Pipeline\\Pipeline->{closure:{closure:Illuminate\\Pipeline\\Pipeline::carry():158}:159}()
#49 /home/wonderparkbd/public_html/vendor/laravel/framework/src/Illuminate/Pipeline/Pipeline.php(183): Illuminate\\Foundation\\Http\\Middleware\\PreventRequestsDuringMaintenance->handle()
#50 /home/wonderparkbd/public_html/vendor/laravel/framework/src/Illuminate/Http/Middleware/HandleCors.php(49): Illuminate\\Pipeline\\Pipeline->{closure:{closure:Illuminate\\Pipeline\\Pipeline::carry():158}:159}()
#51 /home/wonderparkbd/public_html/vendor/laravel/framework/src/Illuminate/Pipeline/Pipeline.php(183): Illuminate\\Http\\Middleware\\HandleCors->handle()
#52 /home/wonderparkbd/public_html/vendor/laravel/framework/src/Illuminate/Http/Middleware/TrustProxies.php(39): Illuminate\\Pipeline\\Pipeline->{closure:{closure:Illuminate\\Pipeline\\Pipeline::carry():158}:159}()
#53 /home/wonderparkbd/public_html/vendor/laravel/framework/src/Illuminate/Pipeline/Pipeline.php(183): Illuminate\\Http\\Middleware\\TrustProxies->handle()
#54 /home/wonderparkbd/public_html/vendor/laravel/framework/src/Illuminate/Pipeline/Pipeline.php(119): Illuminate\\Pipeline\\Pipeline->{closure:{closure:Illuminate\\Pipeline\\Pipeline::carry():158}:159}()
#55 /home/wonderparkbd/public_html/vendor/laravel/framework/src/Illuminate/Foundation/Http/Kernel.php(175): Illuminate\\Pipeline\\Pipeline->then()
#56 /home/wonderparkbd/public_html/vendor/laravel/framework/src/Illuminate/Foundation/Http/Kernel.php(144): Illuminate\\Foundation\\Http\\Kernel->sendRequestThroughRouter()
#57 /home/wonderparkbd/public_html/public/index.php(51): Illuminate\\Foundation\\Http\\Kernel->handle()
#58 {main}

[previous exception] [object] (PDOException(code: 1040): SQLSTATE[08004] [1040] Too many connections at /home/wonderparkbd/public_html/vendor/laravel/framework/src/Illuminate/Database/Connectors/Connector.php:65)
[stacktrace]
#0 /home/wonderparkbd/public_html/vendor/laravel/framework/src/Illuminate/Database/Connectors/Connector.php(65): PDO->__construct()
#1 /home/wonderparkbd/public_html/vendor/laravel/framework/src/Illuminate/Database/Connectors/Connector.php(44): Illuminate\\Database\\Connectors\\Connector->createPdoConnection()
#2 /home/wonderparkbd/public_html/vendor/laravel/framework/src/Illuminate/Database/Connectors/MySqlConnector.php(24): Illuminate\\Database\\Connectors\\Connector->createConnection()
#3 /home/wonderparkbd/public_html/vendor/laravel/framework/src/Illuminate/Database/Connectors/ConnectionFactory.php(184): Illuminate\\Database\\Connectors\\MySqlConnector->connect()
#4 [internal function]: Illuminate\\Database\\Connectors\\ConnectionFactory->{closure:Illuminate\\Database\\Connectors\\ConnectionFactory::createPdoResolverWithHosts():179}()
#5 /home/wonderparkbd/public_html/vendor/laravel/framework/src/Illuminate/Database/Connection.php(1339): call_user_func()
#6 /home/wonderparkbd/public_html/vendor/laravel/framework/src/Illuminate/Database/Connection.php(1375): Illuminate\\Database\\Connection->getPdo()
#7 /home/wonderparkbd/public_html/vendor/laravel/framework/src/Illuminate/Database/Connection.php(528): Illuminate\\Database\\Connection->getReadPdo()
#8 /home/wonderparkbd/public_html/vendor/laravel/framework/src/Illuminate/Database/Connection.php(423): Illuminate\\Database\\Connection->getPdoForSelect()
#9 /home/wonderparkbd/public_html/vendor/laravel/framework/src/Illuminate/Database/Connection.php(816): Illuminate\\Database\\Connection->{closure:Illuminate\\Database\\Connection::select():414}()
#10 /home/wonderparkbd/public_html/vendor/laravel/framework/src/Illuminate/Database/Connection.php(783): Illuminate\\Database\\Connection->runQueryCallback()
#11 /home/wonderparkbd/public_html/vendor/laravel/framework/src/Illuminate/Database/Connection.php(414): Illuminate\\Database\\Connection->run()
#12 /home/wonderparkbd/public_html/vendor/laravel/framework/src/Illuminate/Database/Query/Builder.php(2913): Illuminate\\Database\\Connection->select()
#13 /home/wonderparkbd/public_html/vendor/laravel/framework/src/Illuminate/Database/Query/Builder.php(2902): Illuminate\\Database\\Query\\Builder->runSelect()
#14 /home/wonderparkbd/public_html/vendor/laravel/framework/src/Illuminate/Database/Query/Builder.php(3456): Illuminate\\Database\\Query\\Builder->{closure:Illuminate\\Database\\Query\\Builder::get():2901}()
#15 /home/wonderparkbd/public_html/vendor/laravel/framework/src/Illuminate/Database/Query/Builder.php(2901): Illuminate\\Database\\Query\\Builder->onceWithColumns()
#16 /home/wonderparkbd/public_html/vendor/laravel/framework/src/Illuminate/Database/Eloquent/Builder.php(739): Illuminate\\Database\\Query\\Builder->get()
#17 /home/wonderparkbd/public_html/vendor/laravel/framework/src/Illuminate/Database/Eloquent/Builder.php(723): Illuminate\\Database\\Eloquent\\Builder->getModels()
#18 /home/wonderparkbd/public_html/vendor/laravel/framework/src/Illuminate/Database/Eloquent/Model.php(675): Illuminate\\Database\\Eloquent\\Builder->get()
#19 /home/wonderparkbd/public_html/app/Http/Controllers/frontend/FrontendController.php(38): Illuminate\\Database\\Eloquent\\Model::all()
#20 /home/wonderparkbd/public_html/vendor/laravel/framework/src/Illuminate/Routing/Controller.php(54): App\\Http\\Controllers\\frontend\\FrontendController->index()
#21 /home/wonderparkbd/public_html/vendor/laravel/framework/src/Illuminate/Routing/ControllerDispatcher.php(43): Illuminate\\Routing\\Controller->callAction()
#22 /home/wonderparkbd/public_html/vendor/laravel/framework/src/Illuminate/Routing/Route.php(259): Illuminate\\Routing\\ControllerDispatcher->dispatch()
#23 /home/wonderparkbd/public_html/vendor/laravel/framework/src/Illuminate/Routing/Route.php(205): Illuminate\\Routing\\Route->runController()
#24 /home/wonderparkbd/public_html/vendor/laravel/framework/src/Illuminate/Routing/Router.php(806): Illuminate\\Routing\\Route->run()
#25 /home/wonderparkbd/public_html/vendor/laravel/framework/src/Illuminate/Pipeline/Pipeline.php(144): Illuminate\\Routing\\Router->{closure:Illuminate\\Routing\\Router::runRouteWithinStack():805}()
#26 /home/wonderparkbd/public_html/app/Http/Middleware/SetLocale.php(18): Illuminate\\Pipeline\\Pipeline->{closure:Illuminate\\Pipeline\\Pipeline::prepareDestination():142}()
#27 /home/wonderparkbd/public_html/vendor/laravel/framework/src/Illuminate/Pipeline/Pipeline.php(183): App\\Http\\Middleware\\SetLocale->handle()
#28 /home/wonderparkbd/public_html/vendor/laravel/framework/src/Illuminate/Routing/Middleware/SubstituteBindings.php(50): Illuminate\\Pipeline\\Pipeline->{closure:{closure:Illuminate\\Pipeline\\Pipeline::carry():158}:159}()
#29 /home/wonderparkbd/public_html/vendor/laravel/framework/src/Illuminate/Pipeline/Pipeline.php(183): Illuminate\\Routing\\Middleware\\SubstituteBindings->handle()
#30 /home/wonderparkbd/public_html/vendor/laravel/framework/src/Illuminate/Foundation/Http/Middleware/VerifyCsrfToken.php(78): Illuminate\\Pipeline\\Pipeline->{closure:{closure:Illuminate\\Pipeline\\Pipeline::carry():158}:159}()
#31 /home/wonderparkbd/public_html/vendor/laravel/framework/src/Illuminate/Pipeline/Pipeline.php(183): Illuminate\\Foundation\\Http\\Middleware\\VerifyCsrfToken->handle()
#32 /home/wonderparkbd/public_html/vendor/laravel/framework/src/Illuminate/View/Middleware/ShareErrorsFromSession.php(49): Illuminate\\Pipeline\\Pipeline->{closure:{closure:Illuminate\\Pipeline\\Pipeline::carry():158}:159}()
#33 /home/wonderparkbd/public_html/vendor/laravel/framework/src/Illuminate/Pipeline/Pipeline.php(183): Illuminate\\View\\Middleware\\ShareErrorsFromSession->handle()
#34 /home/wonderparkbd/public_html/vendor/laravel/framework/src/Illuminate/Session/Middleware/StartSession.php(121): Illuminate\\Pipeline\\Pipeline->{closure:{closure:Illuminate\\Pipeline\\Pipeline::carry():158}:159}()
#35 /home/wonderparkbd/public_html/vendor/laravel/framework/src/Illuminate/Session/Middleware/StartSession.php(64): Illuminate\\Session\\Middleware\\StartSession->handleStatefulRequest()
#36 /home/wonderparkbd/public_html/vendor/laravel/framework/src/Illuminate/Pipeline/Pipeline.php(183): Illuminate\\Session\\Middleware\\StartSession->handle()
#37 /home/wonderparkbd/public_html/vendor/laravel/framework/src/Illuminate/Cookie/Middleware/AddQueuedCookiesToResponse.php(37): Illuminate\\Pipeline\\Pipeline->{closure:{closure:Illuminate\\Pipeline\\Pipeline::carry():158}:159}()
#38 /home/wonderparkbd/public_html/vendor/laravel/framework/src/Illuminate/Pipeline/Pipeline.php(183): Illuminate\\Cookie\\Middleware\\AddQueuedCookiesToResponse->handle()
#39 /home/wonderparkbd/public_html/vendor/laravel/framework/src/Illuminate/Cookie/Middleware/EncryptCookies.php(67): Illuminate\\Pipeline\\Pipeline->{closure:{closure:Illuminate\\Pipeline\\Pipeline::carry():158}:159}()
#40 /home/wonderparkbd/public_html/vendor/laravel/framework/src/Illuminate/Pipeline/Pipeline.php(183): Illuminate\\Cookie\\Middleware\\EncryptCookies->handle()
#41 /home/wonderparkbd/public_html/vendor/laravel/framework/src/Illuminate/Pipeline/Pipeline.php(119): Illuminate\\Pipeline\\Pipeline->{closure:{closure:Illuminate\\Pipeline\\Pipeline::carry():158}:159}()
#42 /home/wonderparkbd/public_html/vendor/laravel/framework/src/Illuminate/Routing/Router.php(805): Illuminate\\Pipeline\\Pipeline->then()
#43 /home/wonderparkbd/public_html/vendor/laravel/framework/src/Illuminate/Routing/Router.php(784): Illuminate\\Routing\\Router->runRouteWithinStack()
#44 /home/wonderparkbd/public_html/vendor/laravel/framework/src/Illuminate/Routing/Router.php(748): Illuminate\\Routing\\Router->runRoute()
#45 /home/wonderparkbd/public_html/vendor/laravel/framework/src/Illuminate/Routing/Router.php(737): Illuminate\\Routing\\Router->dispatchToRoute()
#46 /home/wonderparkbd/public_html/vendor/laravel/framework/src/Illuminate/Foundation/Http/Kernel.php(200): Illuminate\\Routing\\Router->dispatch()
#47 /home/wonderparkbd/public_html/vendor/laravel/framework/src/Illuminate/Pipeline/Pipeline.php(144): Illuminate\\Foundation\\Http\\Kernel->{closure:Illuminate\\Foundation\\Http\\Kernel::dispatchToRouter():197}()
#48 /home/wonderparkbd/public_html/vendor/livewire/livewire/src/DisableBrowserCache.php(19): Illuminate\\Pipeline\\Pipeline->{closure:Illuminate\\Pipeline\\Pipeline::prepareDestination():142}()
#49 /home/wonderparkbd/public_html/vendor/laravel/framework/src/Illuminate/Pipeline/Pipeline.php(183): Livewire\\DisableBrowserCache->handle()
#50 /home/wonderparkbd/public_html/vendor/laravel/framework/src/Illuminate/Foundation/Http/Middleware/TransformsRequest.php(21): Illuminate\\Pipeline\\Pipeline->{closure:{closure:Illuminate\\Pipeline\\Pipeline::carry():158}:159}()
#51 /home/wonderparkbd/public_html/vendor/laravel/framework/src/Illuminate/Foundation/Http/Middleware/ConvertEmptyStringsToNull.php(31): Illuminate\\Foundation\\Http\\Middleware\\TransformsRequest->handle()
#52 /home/wonderparkbd/public_html/vendor/laravel/framework/src/Illuminate/Pipeline/Pipeline.php(183): Illuminate\\Foundation\\Http\\Middleware\\ConvertEmptyStringsToNull->handle()
#53 /home/wonderparkbd/public_html/vendor/laravel/framework/src/Illuminate/Foundation/Http/Middleware/TransformsRequest.php(21): Illuminate\\Pipeline\\Pipeline->{closure:{closure:Illuminate\\Pipeline\\Pipeline::carry():158}:159}()
#54 /home/wonderparkbd/public_html/vendor/laravel/framework/src/Illuminate/Foundation/Http/Middleware/TrimStrings.php(40): Illuminate\\Foundation\\Http\\Middleware\\TransformsRequest->handle()
#55 /home/wonderparkbd/public_html/vendor/laravel/framework/src/Illuminate/Pipeline/Pipeline.php(183): Illuminate\\Foundation\\Http\\Middleware\\TrimStrings->handle()
#56 /home/wonderparkbd/public_html/vendor/laravel/framework/src/Illuminate/Foundation/Http/Middleware/ValidatePostSize.php(27): Illuminate\\Pipeline\\Pipeline->{closure:{closure:Illuminate\\Pipeline\\Pipeline::carry():158}:159}()
#57 /home/wonderparkbd/public_html/vendor/laravel/framework/src/Illuminate/Pipeline/Pipeline.php(183): Illuminate\\Foundation\\Http\\Middleware\\ValidatePostSize->handle()
#58 /home/wonderparkbd/public_html/vendor/laravel/framework/src/Illuminate/Foundation/Http/Middleware/PreventRequestsDuringMaintenance.php(99): Illuminate\\Pipeline\\Pipeline->{closure:{closure:Illuminate\\Pipeline\\Pipeline::carry():158}:159}()
#59 /home/wonderparkbd/public_html/vendor/laravel/framework/src/Illuminate/Pipeline/Pipeline.php(183): Illuminate\\Foundation\\Http\\Middleware\\PreventRequestsDuringMaintenance->handle()
#60 /home/wonderparkbd/public_html/vendor/laravel/framework/src/Illuminate/Http/Middleware/HandleCors.php(49): Illuminate\\Pipeline\\Pipeline->{closure:{closure:Illuminate\\Pipeline\\Pipeline::carry():158}:159}()
#61 /home/wonderparkbd/public_html/vendor/laravel/framework/src/Illuminate/Pipeline/Pipeline.php(183): Illuminate\\Http\\Middleware\\HandleCors->handle()
#62 /home/wonderparkbd/public_html/vendor/laravel/framework/src/Illuminate/Http/Middleware/TrustProxies.php(39): Illuminate\\Pipeline\\Pipeline->{closure:{closure:Illuminate\\Pipeline\\Pipeline::carry():158}:159}()
#63 /home/wonderparkbd/public_html/vendor/laravel/framework/src/Illuminate/Pipeline/Pipeline.php(183): Illuminate\\Http\\Middleware\\TrustProxies->handle()
#64 /home/wonderparkbd/public_html/vendor/laravel/framework/src/Illuminate/Pipeline/Pipeline.php(119): Illuminate\\Pipeline\\Pipeline->{closure:{closure:Illuminate\\Pipeline\\Pipeline::carry():158}:159}()
#65 /home/wonderparkbd/public_html/vendor/laravel/framework/src/Illuminate/Foundation/Http/Kernel.php(175): Illuminate\\Pipeline\\Pipeline->then()
#66 /home/wonderparkbd/public_html/vendor/laravel/framework/src/Illuminate/Foundation/Http/Kernel.php(144): Illuminate\\Foundation\\Http\\Kernel->sendRequestThroughRouter()
#67 /home/wonderparkbd/public_html/public/index.php(51): Illuminate\\Foundation\\Http\\Kernel->handle()
#68 {main}
"} 
[2026-07-18 23:15:55] production.ERROR: SQLSTATE[08004] [1040] Too many connections (Connection: mysql, SQL: select * from `rooms` where `rooms`.`id` = 2 limit 1) {"exception":"[object] (Illuminate\\Database\\QueryException(code: 1040): SQLSTATE[08004] [1040] Too many connections (Connection: mysql, SQL: select * from `rooms` where `rooms`.`id` = 2 limit 1) at /home/wonderparkbd/public_html/vendor/laravel/framework/src/Illuminate/Database/Connection.php:829)
[stacktrace]
#0 /home/wonderparkbd/public_html/vendor/laravel/framework/src/Illuminate/Database/Connection.php(783): Illuminate\\Database\\Connection->runQueryCallback()
#1 /home/wonderparkbd/public_html/vendor/laravel/framework/src/Illuminate/Database/Connection.php(414): Illuminate\\Database\\Connection->run()
#2 /home/wonderparkbd/public_html/vendor/laravel/framework/src/Illuminate/Database/Query/Builder.php(2913): Illuminate\\Database\\Connection->select()
#3 /home/wonderparkbd/public_html/vendor/laravel/framework/src/Illuminate/Database/Query/Builder.php(2902): Illuminate\\Database\\Query\\Builder->runSelect()
#4 /home/wonderparkbd/public_html/vendor/laravel/framework/src/Illuminate/Database/Query/Builder.php(3456): Illuminate\\Database\\Query\\Builder->{closure:Illuminate\\Database\\Query\\Builder::get():2901}()
#5 /home/wonderparkbd/public_html/vendor/laravel/framework/src/Illuminate/Database/Query/Builder.php(2901): Illuminate\\Database\\Query\\Builder->onceWithColumns()
#6 /home/wonderparkbd/public_html/vendor/laravel/framework/src/Illuminate/Database/Eloquent/Builder.php(739): Illuminate\\Database\\Query\\Builder->get()
#7 /home/wonderparkbd/public_html/vendor/laravel/framework/src/Illuminate/Database/Eloquent/Builder.php(723): Illuminate\\Database\\Eloquent\\Builder->getModels()
#8 /home/wonderparkbd/public_html/vendor/laravel/framework/src/Illuminate/Database/Concerns/BuildsQueries.php(333): Illuminate\\Database\\Eloquent\\Builder->get()
#9 /home/wonderparkbd/public_html/vendor/laravel/framework/src/Illuminate/Database/Eloquent/Builder.php(449): Illuminate\\Database\\Eloquent\\Builder->first()
#10 /home/wonderparkbd/public_html/vendor/laravel/framework/src/Illuminate/Database/Eloquent/Builder.php(481): Illuminate\\Database\\Eloquent\\Builder->find()
#11 /home/wonderparkbd/public_html/app/Http/Controllers/frontend/FrontendController.php(109): Illuminate\\Database\\Eloquent\\Builder->findOrFail()
#12 /home/wonderparkbd/public_html/vendor/laravel/framework/src/Illuminate/Routing/Controller.php(54): App\\Http\\Controllers\\frontend\\FrontendController->roomDetails()
#13 /home/wonderparkbd/public_html/vendor/laravel/framework/src/Illuminate/Routing/ControllerDispatcher.php(43): Illuminate\\Routing\\Controller->callAction()
#14 /home/wonderparkbd/public_html/vendor/laravel/framework/src/Illuminate/Routing/Route.php(259): Illuminate\\Routing\\ControllerDispatcher->dispatch()
#15 /home/wonderparkbd/public_html/vendor/laravel/framework/src/Illuminate/Routing/Route.php(205): Illuminate\\Routing\\Route->runController()
#16 /home/wonderparkbd/public_html/vendor/laravel/framework/src/Illuminate/Routing/Router.php(806): Illuminate\\Routing\\Route->run()
#17 /home/wonderparkbd/public_html/vendor/laravel/framework/src/Illuminate/Pipeline/Pipeline.php(144): Illuminate\\Routing\\Router->{closure:Illuminate\\Routing\\Router::runRouteWithinStack():805}()
#18 /home/wonderparkbd/public_html/app/Http/Middleware/SetLocale.php(18): Illuminate\\Pipeline\\Pipeline->{closure:Illuminate\\Pipeline\\Pipeline::prepareDestination():142}()
#19 /home/wonderparkbd/public_html/vendor/laravel/framework/src/Illuminate/Pipeline/Pipeline.php(183): App\\Http\\Middleware\\SetLocale->handle()
#20 /home/wonderparkbd/public_html/vendor/laravel/framework/src/Illuminate/Routing/Middleware/SubstituteBindings.php(50): Illuminate\\Pipeline\\Pipeline->{closure:{closure:Illuminate\\Pipeline\\Pipeline::carry():158}:159}()
#21 /home/wonderparkbd/public_html/vendor/laravel/framework/src/Illuminate/Pipeline/Pipeline.php(183): Illuminate\\Routing\\Middleware\\SubstituteBindings->handle()
#22 /home/wonderparkbd/public_html/vendor/laravel/framework/src/Illuminate/Foundation/Http/Middleware/VerifyCsrfToken.php(78): Illuminate\\Pipeline\\Pipeline->{closure:{closure:Illuminate\\Pipeline\\Pipeline::carry():158}:159}()
#23 /home/wonderparkbd/public_html/vendor/laravel/framework/src/Illuminate/Pipeline/Pipeline.php(183): Illuminate\\Foundation\\Http\\Middleware\\VerifyCsrfToken->handle()
#24 /home/wonderparkbd/public_html/vendor/laravel/framework/src/Illuminate/View/Middleware/ShareErrorsFromSession.php(49): Illuminate\\Pipeline\\Pipeline->{closure:{closure:Illuminate\\Pipeline\\Pipeline::carry():158}:159}()
#25 /home/wonderparkbd/public_html/vendor/laravel/framework/src/Illuminate/Pipeline/Pipeline.php(183): Illuminate\\View\\Middleware\\ShareErrorsFromSession->handle()
#26 /home/wonderparkbd/public_html/vendor/laravel/framework/src/Illuminate/Session/Middleware/StartSession.php(121): Illuminate\\Pipeline\\Pipeline->{closure:{closure:Illuminate\\Pipeline\\Pipeline::carry():158}:159}()
#27 /home/wonderparkbd/public_html/vendor/laravel/framework/src/Illuminate/Session/Middleware/StartSession.php(64): Illuminate\\Session\\Middleware\\StartSession->handleStatefulRequest()
#28 /home/wonderparkbd/public_html/vendor/laravel/framework/src/Illuminate/Pipeline/Pipeline.php(183): Illuminate\\Session\\Middleware\\StartSession->handle()
#29 /home/wonderparkbd/public_html/vendor/laravel/framework/src/Illuminate/Cookie/Middleware/AddQueuedCookiesToResponse.php(37): Illuminate\\Pipeline\\Pipeline->{closure:{closure:Illuminate\\Pipeline\\Pipeline::carry():158}:159}()
#30 /home/wonderparkbd/public_html/vendor/laravel/framework/src/Illuminate/Pipeline/Pipeline.php(183): Illuminate\\Cookie\\Middleware\\AddQueuedCookiesToResponse->handle()
#31 /home/wonderparkbd/public_html/vendor/laravel/framework/src/Illuminate/Cookie/Middleware/EncryptCookies.php(67): Illuminate\\Pipeline\\Pipeline->{closure:{closure:Illuminate\\Pipeline\\Pipeline::carry():158}:159}()
#32 /home/wonderparkbd/public_html/vendor/laravel/framework/src/Illuminate/Pipeline/Pipeline.php(183): Illuminate\\Cookie\\Middleware\\EncryptCookies->handle()
#33 /home/wonderparkbd/public_html/vendor/laravel/framework/src/Illuminate/Pipeline/Pipeline.php(119): Illuminate\\Pipeline\\Pipeline->{closure:{closure:Illuminate\\Pipeline\\Pipeline::carry():158}:159}()
#34 /home/wonderparkbd/public_html/vendor/laravel/framework/src/Illuminate/Routing/Router.php(805): Illuminate\\Pipeline\\Pipeline->then()
#35 /home/wonderparkbd/public_html/vendor/laravel/framework/src/Illuminate/Routing/Router.php(784): Illuminate\\Routing\\Router->runRouteWithinStack()
#36 /home/wonderparkbd/public_html/vendor/laravel/framework/src/Illuminate/Routing/Router.php(748): Illuminate\\Routing\\Router->runRoute()
#37 /home/wonderparkbd/public_html/vendor/laravel/framework/src/Illuminate/Routing/Router.php(737): Illuminate\\Routing\\Router->dispatchToRoute()
#38 /home/wonderparkbd/public_html/vendor/laravel/framework/src/Illuminate/Foundation/Http/Kernel.php(200): Illuminate\\Routing\\Router->dispatch()
#39 /home/wonderparkbd/public_html/vendor/laravel/framework/src/Illuminate/Pipeline/Pipeline.php(144): Illuminate\\Foundation\\Http\\Kernel->{closure:Illuminate\\Foundation\\Http\\Kernel::dispatchToRouter():197}()
#40 /home/wonderparkbd/public_html/vendor/livewire/livewire/src/DisableBrowserCache.php(19): Illuminate\\Pipeline\\Pipeline->{closure:Illuminate\\Pipeline\\Pipeline::prepareDestination():142}()
#41 /home/wonderparkbd/public_html/vendor/laravel/framework/src/Illuminate/Pipeline/Pipeline.php(183): Livewire\\DisableBrowserCache->handle()
#42 /home/wonderparkbd/public_html/vendor/laravel/framework/src/Illuminate/Foundation/Http/Middleware/TransformsRequest.php(21): Illuminate\\Pipeline\\Pipeline->{closure:{closure:Illuminate\\Pipeline\\Pipeline::carry():158}:159}()
#43 /home/wonderparkbd/public_html/vendor/laravel/framework/src/Illuminate/Foundation/Http/Middleware/ConvertEmptyStringsToNull.php(31): Illuminate\\Foundation\\Http\\Middleware\\TransformsRequest->handle()
#44 /home/wonderparkbd/public_html/vendor/laravel/framework/src/Illuminate/Pipeline/Pipeline.php(183): Illuminate\\Foundation\\Http\\Middleware\\ConvertEmptyStringsToNull->handle()
#45 /home/wonderparkbd/public_html/vendor/laravel/framework/src/Illuminate/Foundation/Http/Middleware/TransformsRequest.php(21): Illuminate\\Pipeline\\Pipeline->{closure:{closure:Illuminate\\Pipeline\\Pipeline::carry():158}:159}()
#46 /home/wonderparkbd/public_html/vendor/laravel/framework/src/Illuminate/Foundation/Http/Middleware/TrimStrings.php(40): Illuminate\\Foundation\\Http\\Middleware\\TransformsRequest->handle()
#47 /home/wonderparkbd/public_html/vendor/laravel/framework/src/Illuminate/Pipeline/Pipeline.php(183): Illuminate\\Foundation\\Http\\Middleware\\TrimStrings->handle()
#48 /home/wonderparkbd/public_html/vendor/laravel/framework/src/Illuminate/Foundation/Http/Middleware/ValidatePostSize.php(27): Illuminate\\Pipeline\\Pipeline->{closure:{closure:Illuminate\\Pipeline\\Pipeline::carry():158}:159}()
#49 /home/wonderparkbd/public_html/vendor/laravel/framework/src/Illuminate/Pipeline/Pipeline.php(183): Illuminate\\Foundation\\Http\\Middleware\\ValidatePostSize->handle()
#50 /home/wonderparkbd/public_html/vendor/laravel/framework/src/Illuminate/Foundation/Http/Middleware/PreventRequestsDuringMaintenance.php(99): Illuminate\\Pipeline\\Pipeline->{closure:{closure:Illuminate\\Pipeline\\Pipeline::carry():158}:159}()
#51 /home/wonderparkbd/public_html/vendor/laravel/framework/src/Illuminate/Pipeline/Pipeline.php(183): Illuminate\\Foundation\\Http\\Middleware\\PreventRequestsDuringMaintenance->handle()
#52 /home/wonderparkbd/public_html/vendor/laravel/framework/src/Illuminate/Http/Middleware/HandleCors.php(49): Illuminate\\Pipeline\\Pipeline->{closure:{closure:Illuminate\\Pipeline\\Pipeline::carry():158}:159}()
#53 /home/wonderparkbd/public_html/vendor/laravel/framework/src/Illuminate/Pipeline/Pipeline.php(183): Illuminate\\Http\\Middleware\\HandleCors->handle()
#54 /home/wonderparkbd/public_html/vendor/laravel/framework/src/Illuminate/Http/Middleware/TrustProxies.php(39): Illuminate\\Pipeline\\Pipeline->{closure:{closure:Illuminate\\Pipeline\\Pipeline::carry():158}:159}()
#55 /home/wonderparkbd/public_html/vendor/laravel/framework/src/Illuminate/Pipeline/Pipeline.php(183): Illuminate\\Http\\Middleware\\TrustProxies->handle()
#56 /home/wonderparkbd/public_html/vendor/laravel/framework/src/Illuminate/Pipeline/Pipeline.php(119): Illuminate\\Pipeline\\Pipeline->{closure:{closure:Illuminate\\Pipeline\\Pipeline::carry():158}:159}()
#57 /home/wonderparkbd/public_html/vendor/laravel/framework/src/Illuminate/Foundation/Http/Kernel.php(175): Illuminate\\Pipeline\\Pipeline->then()
#58 /home/wonderparkbd/public_html/vendor/laravel/framework/src/Illuminate/Foundation/Http/Kernel.php(144): Illuminate\\Foundation\\Http\\Kernel->sendRequestThroughRouter()
#59 /home/wonderparkbd/public_html/public/index.php(51): Illuminate\\Foundation\\Http\\Kernel->handle()
#60 {main}

[previous exception] [object] (PDOException(code: 1040): SQLSTATE[08004] [1040] Too many connections at /home/wonderparkbd/public_html/vendor/laravel/framework/src/Illuminate/Database/Connectors/Connector.php:65)
[stacktrace]
#0 /home/wonderparkbd/public_html/vendor/laravel/framework/src/Illuminate/Database/Connectors/Connector.php(65): PDO->__construct()
#1 /home/wonderparkbd/public_html/vendor/laravel/framework/src/Illuminate/Database/Connectors/Connector.php(44): Illuminate\\Database\\Connectors\\Connector->createPdoConnection()
#2 /home/wonderparkbd/public_html/vendor/laravel/framework/src/Illuminate/Database/Connectors/MySqlConnector.php(24): Illuminate\\Database\\Connectors\\Connector->createConnection()
#3 /home/wonderparkbd/public_html/vendor/laravel/framework/src/Illuminate/Database/Connectors/ConnectionFactory.php(184): Illuminate\\Database\\Connectors\\MySqlConnector->connect()
#4 [internal function]: Illuminate\\Database\\Connectors\\ConnectionFactory->{closure:Illuminate\\Database\\Connectors\\ConnectionFactory::createPdoResolverWithHosts():179}()
#5 /home/wonderparkbd/public_html/vendor/laravel/framework/src/Illuminate/Database/Connection.php(1339): call_user_func()
#6 /home/wonderparkbd/public_html/vendor/laravel/framework/src/Illuminate/Database/Connection.php(1375): Illuminate\\Database\\Connection->getPdo()
#7 /home/wonderparkbd/public_html/vendor/laravel/framework/src/Illuminate/Database/Connection.php(528): Illuminate\\Database\\Connection->getReadPdo()
#8 /home/wonderparkbd/public_html/vendor/laravel/framework/src/Illuminate/Database/Connection.php(423): Illuminate\\Database\\Connection->getPdoForSelect()
#9 /home/wonderparkbd/public_html/vendor/laravel/framework/src/Illuminate/Database/Connection.php(816): Illuminate\\Database\\Connection->{closure:Illuminate\\Database\\Connection::select():414}()
#10 /home/wonderparkbd/public_html/vendor/laravel/framework/src/Illuminate/Database/Connection.php(783): Illuminate\\Database\\Connection->runQueryCallback()
#11 /home/wonderparkbd/public_html/vendor/laravel/framework/src/Illuminate/Database/Connection.php(414): Illuminate\\Database\\Connection->run()
#12 /home/wonderparkbd/public_html/vendor/laravel/framework/src/Illuminate/Database/Query/Builder.php(2913): Illuminate\\Database\\Connection->select()
#13 /home/wonderparkbd/public_html/vendor/laravel/framework/src/Illuminate/Database/Query/Builder.php(2902): Illuminate\\Database\\Query\\Builder->runSelect()
#14 /home/wonderparkbd/public_html/vendor/laravel/framework/src/Illuminate/Database/Query/Builder.php(3456): Illuminate\\Database\\Query\\Builder->{closure:Illuminate\\Database\\Query\\Builder::get():2901}()
#15 /home/wonderparkbd/public_html/vendor/laravel/framework/src/Illuminate/Database/Query/Builder.php(2901): Illuminate\\Database\\Query\\Builder->onceWithColumns()
#16 /home/wonderparkbd/public_html/vendor/laravel/framework/src/Illuminate/Database/Eloquent/Builder.php(739): Illuminate\\Database\\Query\\Builder->get()
#17 /home/wonderparkbd/public_html/vendor/laravel/framework/src/Illuminate/Database/Eloquent/Builder.php(723): Illuminate\\Database\\Eloquent\\Builder->getModels()
#18 /home/wonderparkbd/public_html/vendor/laravel/framework/src/Illuminate/Database/Concerns/BuildsQueries.php(333): Illuminate\\Database\\Eloquent\\Builder->get()
#19 /home/wonderparkbd/public_html/vendor/laravel/framework/src/Illuminate/Database/Eloquent/Builder.php(449): Illuminate\\Database\\Eloquent\\Builder->first()
#20 /home/wonderparkbd/public_html/vendor/laravel/framework/src/Illuminate/Database/Eloquent/Builder.php(481): Illuminate\\Database\\Eloquent\\Builder->find()
#21 /home/wonderparkbd/public_html/app/Http/Controllers/frontend/FrontendController.php(109): Illuminate\\Database\\Eloquent\\Builder->findOrFail()
#22 /home/wonderparkbd/public_html/vendor/laravel/framework/src/Illuminate/Routing/Controller.php(54): App\\Http\\Controllers\\frontend\\FrontendController->roomDetails()
#23 /home/wonderparkbd/public_html/vendor/laravel/framework/src/Illuminate/Routing/ControllerDispatcher.php(43): Illuminate\\Routing\\Controller->callAction()
#24 /home/wonderparkbd/public_html/vendor/laravel/framework/src/Illuminate/Routing/Route.php(259): Illuminate\\Routing\\ControllerDispatcher->dispatch()
#25 /home/wonderparkbd/public_html/vendor/laravel/framework/src/Illuminate/Routing/Route.php(205): Illuminate\\Routing\\Route->runController()
#26 /home/wonderparkbd/public_html/vendor/laravel/framework/src/Illuminate/Routing/Router.php(806): Illuminate\\Routing\\Route->run()
#27 /home/wonderparkbd/public_html/vendor/laravel/framework/src/Illuminate/Pipeline/Pipeline.php(144): Illuminate\\Routing\\Router->{closure:Illuminate\\Routing\\Router::runRouteWithinStack():805}()
#28 /home/wonderparkbd/public_html/app/Http/Middleware/SetLocale.php(18): Illuminate\\Pipeline\\Pipeline->{closure:Illuminate\\Pipeline\\Pipeline::prepareDestination():142}()
#29 /home/wonderparkbd/public_html/vendor/laravel/framework/src/Illuminate/Pipeline/Pipeline.php(183): App\\Http\\Middleware\\SetLocale->handle()
#30 /home/wonderparkbd/public_html/vendor/laravel/framework/src/Illuminate/Routing/Middleware/SubstituteBindings.php(50): Illuminate\\Pipeline\\Pipeline->{closure:{closure:Illuminate\\Pipeline\\Pipeline::carry():158}:159}()
#31 /home/wonderparkbd/public_html/vendor/laravel/framework/src/Illuminate/Pipeline/Pipeline.php(183): Illuminate\\Routing\\Middleware\\SubstituteBindings->handle()
#32 /home/wonderparkbd/public_html/vendor/laravel/framework/src/Illuminate/Foundation/Http/Middleware/VerifyCsrfToken.php(78): Illuminate\\Pipeline\\Pipeline->{closure:{closure:Illuminate\\Pipeline\\Pipeline::carry():158}:159}()
#33 /home/wonderparkbd/public_html/vendor/laravel/framework/src/Illuminate/Pipeline/Pipeline.php(183): Illuminate\\Foundation\\Http\\Middleware\\VerifyCsrfToken->handle()
#34 /home/wonderparkbd/public_html/vendor/laravel/framework/src/Illuminate/View/Middleware/ShareErrorsFromSession.php(49): Illuminate\\Pipeline\\Pipeline->{closure:{closure:Illuminate\\Pipeline\\Pipeline::carry():158}:159}()
#35 /home/wonderparkbd/public_html/vendor/laravel/framework/src/Illuminate/Pipeline/Pipeline.php(183): Illuminate\\View\\Middleware\\ShareErrorsFromSession->handle()
#36 /home/wonderparkbd/public_html/vendor/laravel/framework/src/Illuminate/Session/Middleware/StartSession.php(121): Illuminate\\Pipeline\\Pipeline->{closure:{closure:Illuminate\\Pipeline\\Pipeline::carry():158}:159}()
#37 /home/wonderparkbd/public_html/vendor/laravel/framework/src/Illuminate/Session/Middleware/StartSession.php(64): Illuminate\\Session\\Middleware\\StartSession->handleStatefulRequest()
#38 /home/wonderparkbd/public_html/vendor/laravel/framework/src/Illuminate/Pipeline/Pipeline.php(183): Illuminate\\Session\\Middleware\\StartSession->handle()
#39 /home/wonderparkbd/public_html/vendor/laravel/framework/src/Illuminate/Cookie/Middleware/AddQueuedCookiesToResponse.php(37): Illuminate\\Pipeline\\Pipeline->{closure:{closure:Illuminate\\Pipeline\\Pipeline::carry():158}:159}()
#40 /home/wonderparkbd/public_html/vendor/laravel/framework/src/Illuminate/Pipeline/Pipeline.php(183): Illuminate\\Cookie\\Middleware\\AddQueuedCookiesToResponse->handle()
#41 /home/wonderparkbd/public_html/vendor/laravel/framework/src/Illuminate/Cookie/Middleware/EncryptCookies.php(67): Illuminate\\Pipeline\\Pipeline->{closure:{closure:Illuminate\\Pipeline\\Pipeline::carry():158}:159}()
#42 /home/wonderparkbd/public_html/vendor/laravel/framework/src/Illuminate/Pipeline/Pipeline.php(183): Illuminate\\Cookie\\Middleware\\EncryptCookies->handle()
#43 /home/wonderparkbd/public_html/vendor/laravel/framework/src/Illuminate/Pipeline/Pipeline.php(119): Illuminate\\Pipeline\\Pipeline->{closure:{closure:Illuminate\\Pipeline\\Pipeline::carry():158}:159}()
#44 /home/wonderparkbd/public_html/vendor/laravel/framework/src/Illuminate/Routing/Router.php(805): Illuminate\\Pipeline\\Pipeline->then()
#45 /home/wonderparkbd/public_html/vendor/laravel/framework/src/Illuminate/Routing/Router.php(784): Illuminate\\Routing\\Router->runRouteWithinStack()
#46 /home/wonderparkbd/public_html/vendor/laravel/framework/src/Illuminate/Routing/Router.php(748): Illuminate\\Routing\\Router->runRoute()
#47 /home/wonderparkbd/public_html/vendor/laravel/framework/src/Illuminate/Routing/Router.php(737): Illuminate\\Routing\\Router->dispatchToRoute()
#48 /home/wonderparkbd/public_html/vendor/laravel/framework/src/Illuminate/Foundation/Http/Kernel.php(200): Illuminate\\Routing\\Router->dispatch()
#49 /home/wonderparkbd/public_html/vendor/laravel/framework/src/Illuminate/Pipeline/Pipeline.php(144): Illuminate\\Foundation\\Http\\Kernel->{closure:Illuminate\\Foundation\\Http\\Kernel::dispatchToRouter():197}()
#50 /home/wonderparkbd/public_html/vendor/livewire/livewire/src/DisableBrowserCache.php(19): Illuminate\\Pipeline\\Pipeline->{closure:Illuminate\\Pipeline\\Pipeline::prepareDestination():142}()
#51 /home/wonderparkbd/public_html/vendor/laravel/framework/src/Illuminate/Pipeline/Pipeline.php(183): Livewire\\DisableBrowserCache->handle()
#52 /home/wonderparkbd/public_html/vendor/laravel/framework/src/Illuminate/Foundation/Http/Middleware/TransformsRequest.php(21): Illuminate\\Pipeline\\Pipeline->{closure:{closure:Illuminate\\Pipeline\\Pipeline::carry():158}:159}()
#53 /home/wonderparkbd/public_html/vendor/laravel/framework/src/Illuminate/Foundation/Http/Middleware/ConvertEmptyStringsToNull.php(31): Illuminate\\Foundation\\Http\\Middleware\\TransformsRequest->handle()
#54 /home/wonderparkbd/public_html/vendor/laravel/framework/src/Illuminate/Pipeline/Pipeline.php(183): Illuminate\\Foundation\\Http\\Middleware\\ConvertEmptyStringsToNull->handle()
#55 /home/wonderparkbd/public_html/vendor/laravel/framework/src/Illuminate/Foundation/Http/Middleware/TransformsRequest.php(21): Illuminate\\Pipeline\\Pipeline->{closure:{closure:Illuminate\\Pipeline\\Pipeline::carry():158}:159}()
#56 /home/wonderparkbd/public_html/vendor/laravel/framework/src/Illuminate/Foundation/Http/Middleware/TrimStrings.php(40): Illuminate\\Foundation\\Http\\Middleware\\TransformsRequest->handle()
#57 /home/wonderparkbd/public_html/vendor/laravel/framework/src/Illuminate/Pipeline/Pipeline.php(183): Illuminate\\Foundation\\Http\\Middleware\\TrimStrings->handle()
#58 /home/wonderparkbd/public_html/vendor/laravel/framework/src/Illuminate/Foundation/Http/Middleware/ValidatePostSize.php(27): Illuminate\\Pipeline\\Pipeline->{closure:{closure:Illuminate\\Pipeline\\Pipeline::carry():158}:159}()
#59 /home/wonderparkbd/public_html/vendor/laravel/framework/src/Illuminate/Pipeline/Pipeline.php(183): Illuminate\\Foundation\\Http\\Middleware\\ValidatePostSize->handle()
#60 /home/wonderparkbd/public_html/vendor/laravel/framework/src/Illuminate/Foundation/Http/Middleware/PreventRequestsDuringMaintenance.php(99): Illuminate\\Pipeline\\Pipeline->{closure:{closure:Illuminate\\Pipeline\\Pipeline::carry():158}:159}()
#61 /home/wonderparkbd/public_html/vendor/laravel/framework/src/Illuminate/Pipeline/Pipeline.php(183): Illuminate\\Foundation\\Http\\Middleware\\PreventRequestsDuringMaintenance->handle()
#62 /home/wonderparkbd/public_html/vendor/laravel/framework/src/Illuminate/Http/Middleware/HandleCors.php(49): Illuminate\\Pipeline\\Pipeline->{closure:{closure:Illuminate\\Pipeline\\Pipeline::carry():158}:159}()
#63 /home/wonderparkbd/public_html/vendor/laravel/framework/src/Illuminate/Pipeline/Pipeline.php(183): Illuminate\\Http\\Middleware\\HandleCors->handle()
#64 /home/wonderparkbd/public_html/vendor/laravel/framework/src/Illuminate/Http/Middleware/TrustProxies.php(39): Illuminate\\Pipeline\\Pipeline->{closure:{closure:Illuminate\\Pipeline\\Pipeline::carry():158}:159}()
#65 /home/wonderparkbd/public_html/vendor/laravel/framework/src/Illuminate/Pipeline/Pipeline.php(183): Illuminate\\Http\\Middleware\\TrustProxies->handle()
#66 /home/wonderparkbd/public_html/vendor/laravel/framework/src/Illuminate/Pipeline/Pipeline.php(119): Illuminate\\Pipeline\\Pipeline->{closure:{closure:Illuminate\\Pipeline\\Pipeline::carry():158}:159}()
#67 /home/wonderparkbd/public_html/vendor/laravel/framework/src/Illuminate/Foundation/Http/Kernel.php(175): Illuminate\\Pipeline\\Pipeline->then()
#68 /home/wonderparkbd/public_html/vendor/laravel/framework/src/Illuminate/Foundation/Http/Kernel.php(144): Illuminate\\Foundation\\Http\\Kernel->sendRequestThroughRouter()
#69 /home/wonderparkbd/public_html/public/index.php(51): Illuminate\\Foundation\\Http\\Kernel->handle()
#70 {main}
"} 
[2026-07-18 23:30:14] production.ERROR: SQLSTATE[HY000] [1040] Too many connections (Connection: mysql, SQL: select * from `gallery`) {"exception":"[object] (Illuminate\\Database\\QueryException(code: 1040): SQLSTATE[HY000] [1040] Too many connections (Connection: mysql, SQL: select * from `gallery`) at /home/wonderparkbd/public_html/vendor/laravel/framework/src/Illuminate/Database/Connection.php:829)
[stacktrace]
#0 /home/wonderparkbd/public_html/vendor/laravel/framework/src/Illuminate/Database/Connection.php(783): Illuminate\\Database\\Connection->runQueryCallback()
#1 /home/wonderparkbd/public_html/vendor/laravel/framework/src/Illuminate/Database/Connection.php(414): Illuminate\\Database\\Connection->run()
#2 /home/wonderparkbd/public_html/vendor/laravel/framework/src/Illuminate/Database/Query/Builder.php(2913): Illuminate\\Database\\Connection->select()
#3 /home/wonderparkbd/public_html/vendor/laravel/framework/src/Illuminate/Database/Query/Builder.php(2902): Illuminate\\Database\\Query\\Builder->runSelect()
#4 /home/wonderparkbd/public_html/vendor/laravel/framework/src/Illuminate/Database/Query/Builder.php(3456): Illuminate\\Database\\Query\\Builder->{closure:Illuminate\\Database\\Query\\Builder::get():2901}()
#5 /home/wonderparkbd/public_html/vendor/laravel/framework/src/Illuminate/Database/Query/Builder.php(2901): Illuminate\\Database\\Query\\Builder->onceWithColumns()
#6 /home/wonderparkbd/public_html/vendor/laravel/framework/src/Illuminate/Database/Eloquent/Builder.php(739): Illuminate\\Database\\Query\\Builder->get()
#7 /home/wonderparkbd/public_html/vendor/laravel/framework/src/Illuminate/Database/Eloquent/Builder.php(723): Illuminate\\Database\\Eloquent\\Builder->getModels()
#8 /home/wonderparkbd/public_html/vendor/laravel/framework/src/Illuminate/Database/Eloquent/Model.php(675): Illuminate\\Database\\Eloquent\\Builder->get()
#9 /home/wonderparkbd/public_html/app/Http/Controllers/frontend/FrontendController.php(38): Illuminate\\Database\\Eloquent\\Model::all()
#10 /home/wonderparkbd/public_html/vendor/laravel/framework/src/Illuminate/Routing/Controller.php(54): App\\Http\\Controllers\\frontend\\FrontendController->index()
#11 /home/wonderparkbd/public_html/vendor/laravel/framework/src/Illuminate/Routing/ControllerDispatcher.php(43): Illuminate\\Routing\\Controller->callAction()
#12 /home/wonderparkbd/public_html/vendor/laravel/framework/src/Illuminate/Routing/Route.php(259): Illuminate\\Routing\\ControllerDispatcher->dispatch()
#13 /home/wonderparkbd/public_html/vendor/laravel/framework/src/Illuminate/Routing/Route.php(205): Illuminate\\Routing\\Route->runController()
#14 /home/wonderparkbd/public_html/vendor/laravel/framework/src/Illuminate/Routing/Router.php(806): Illuminate\\Routing\\Route->run()
#15 /home/wonderparkbd/public_html/vendor/laravel/framework/src/Illuminate/Pipeline/Pipeline.php(144): Illuminate\\Routing\\Router->{closure:Illuminate\\Routing\\Router::runRouteWithinStack():805}()
#16 /home/wonderparkbd/public_html/app/Http/Middleware/SetLocale.php(18): Illuminate\\Pipeline\\Pipeline->{closure:Illuminate\\Pipeline\\Pipeline::prepareDestination():142}()
#17 /home/wonderparkbd/public_html/vendor/laravel/framework/src/Illuminate/Pipeline/Pipeline.php(183): App\\Http\\Middleware\\SetLocale->handle()
#18 /home/wonderparkbd/public_html/vendor/laravel/framework/src/Illuminate/Routing/Middleware/SubstituteBindings.php(50): Illuminate\\Pipeline\\Pipeline->{closure:{closure:Illuminate\\Pipeline\\Pipeline::carry():158}:159}()
#19 /home/wonderparkbd/public_html/vendor/laravel/framework/src/Illuminate/Pipeline/Pipeline.php(183): Illuminate\\Routing\\Middleware\\SubstituteBindings->handle()
#20 /home/wonderparkbd/public_html/vendor/laravel/framework/src/Illuminate/Foundation/Http/Middleware/VerifyCsrfToken.php(78): Illuminate\\Pipeline\\Pipeline->{closure:{closure:Illuminate\\Pipeline\\Pipeline::carry():158}:159}()
#21 /home/wonderparkbd/public_html/vendor/laravel/framework/src/Illuminate/Pipeline/Pipeline.php(183): Illuminate\\Foundation\\Http\\Middleware\\VerifyCsrfToken->handle()
#22 /home/wonderparkbd/public_html/vendor/laravel/framework/src/Illuminate/View/Middleware/ShareErrorsFromSession.php(49): Illuminate\\Pipeline\\Pipeline->{closure:{closure:Illuminate\\Pipeline\\Pipeline::carry():158}:159}()
#23 /home/wonderparkbd/public_html/vendor/laravel/framework/src/Illuminate/Pipeline/Pipeline.php(183): Illuminate\\View\\Middleware\\ShareErrorsFromSession->handle()
#24 /home/wonderparkbd/public_html/vendor/laravel/framework/src/Illuminate/Session/Middleware/StartSession.php(121): Illuminate\\Pipeline\\Pipeline->{closure:{closure:Illuminate\\Pipeline\\Pipeline::carry():158}:159}()
#25 /home/wonderparkbd/public_html/vendor/laravel/framework/src/Illuminate/Session/Middleware/StartSession.php(64): Illuminate\\Session\\Middleware\\StartSession->handleStatefulRequest()
#26 /home/wonderparkbd/public_html/vendor/laravel/framework/src/Illuminate/Pipeline/Pipeline.php(183): Illuminate\\Session\\Middleware\\StartSession->handle()
#27 /home/wonderparkbd/public_html/vendor/laravel/framework/src/Illuminate/Cookie/Middleware/AddQueuedCookiesToResponse.php(37): Illuminate\\Pipeline\\Pipeline->{closure:{closure:Illuminate\\Pipeline\\Pipeline::carry():158}:159}()
#28 /home/wonderparkbd/public_html/vendor/laravel/framework/src/Illuminate/Pipeline/Pipeline.php(183): Illuminate\\Cookie\\Middleware\\AddQueuedCookiesToResponse->handle()
#29 /home/wonderparkbd/public_html/vendor/laravel/framework/src/Illuminate/Cookie/Middleware/EncryptCookies.php(67): Illuminate\\Pipeline\\Pipeline->{closure:{closure:Illuminate\\Pipeline\\Pipeline::carry():158}:159}()
#30 /home/wonderparkbd/public_html/vendor/laravel/framework/src/Illuminate/Pipeline/Pipeline.php(183): Illuminate\\Cookie\\Middleware\\EncryptCookies->handle()
#31 /home/wonderparkbd/public_html/vendor/laravel/framework/src/Illuminate/Pipeline/Pipeline.php(119): Illuminate\\Pipeline\\Pipeline->{closure:{closure:Illuminate\\Pipeline\\Pipeline::carry():158}:159}()
#32 /home/wonderparkbd/public_html/vendor/laravel/framework/src/Illuminate/Routing/Router.php(805): Illuminate\\Pipeline\\Pipeline->then()
#33 /home/wonderparkbd/public_html/vendor/laravel/framework/src/Illuminate/Routing/Router.php(784): Illuminate\\Routing\\Router->runRouteWithinStack()
#34 /home/wonderparkbd/public_html/vendor/laravel/framework/src/Illuminate/Routing/Router.php(748): Illuminate\\Routing\\Router->runRoute()
#35 /home/wonderparkbd/public_html/vendor/laravel/framework/src/Illuminate/Routing/Router.php(737): Illuminate\\Routing\\Router->dispatchToRoute()
#36 /home/wonderparkbd/public_html/vendor/laravel/framework/src/Illuminate/Foundation/Http/Kernel.php(200): Illuminate\\Routing\\Router->dispatch()
#37 /home/wonderparkbd/public_html/vendor/laravel/framework/src/Illuminate/Pipeline/Pipeline.php(144): Illuminate\\Foundation\\Http\\Kernel->{closure:Illuminate\\Foundation\\Http\\Kernel::dispatchToRouter():197}()
#38 /home/wonderparkbd/public_html/vendor/livewire/livewire/src/DisableBrowserCache.php(19): Illuminate\\Pipeline\\Pipeline->{closure:Illuminate\\Pipeline\\Pipeline::prepareDestination():142}()
#39 /home/wonderparkbd/public_html/vendor/laravel/framework/src/Illuminate/Pipeline/Pipeline.php(183): Livewire\\DisableBrowserCache->handle()
#40 /home/wonderparkbd/public_html/vendor/laravel/framework/src/Illuminate/Foundation/Http/Middleware/TransformsRequest.php(21): Illuminate\\Pipeline\\Pipeline->{closure:{closure:Illuminate\\Pipeline\\Pipeline::carry():158}:159}()
#41 /home/wonderparkbd/public_html/vendor/laravel/framework/src/Illuminate/Foundation/Http/Middleware/ConvertEmptyStringsToNull.php(31): Illuminate\\Foundation\\Http\\Middleware\\TransformsRequest->handle()
#42 /home/wonderparkbd/public_html/vendor/laravel/framework/src/Illuminate/Pipeline/Pipeline.php(183): Illuminate\\Foundation\\Http\\Middleware\\ConvertEmptyStringsToNull->handle()
#43 /home/wonderparkbd/public_html/vendor/laravel/framework/src/Illuminate/Foundation/Http/Middleware/TransformsRequest.php(21): Illuminate\\Pipeline\\Pipeline->{closure:{closure:Illuminate\\Pipeline\\Pipeline::carry():158}:159}()
#44 /home/wonderparkbd/public_html/vendor/laravel/framework/src/Illuminate/Foundation/Http/Middleware/TrimStrings.php(40): Illuminate\\Foundation\\Http\\Middleware\\TransformsRequest->handle()
#45 /home/wonderparkbd/public_html/vendor/laravel/framework/src/Illuminate/Pipeline/Pipeline.php(183): Illuminate\\Foundation\\Http\\Middleware\\TrimStrings->handle()
#46 /home/wonderparkbd/public_html/vendor/laravel/framework/src/Illuminate/Foundation/Http/Middleware/ValidatePostSize.php(27): Illuminate\\Pipeline\\Pipeline->{closure:{closure:Illuminate\\Pipeline\\Pipeline::carry():158}:159}()
#47 /home/wonderparkbd/public_html/vendor/laravel/framework/src/Illuminate/Pipeline/Pipeline.php(183): Illuminate\\Foundation\\Http\\Middleware\\ValidatePostSize->handle()
#48 /home/wonderparkbd/public_html/vendor/laravel/framework/src/Illuminate/Foundation/Http/Middleware/PreventRequestsDuringMaintenance.php(99): Illuminate\\Pipeline\\Pipeline->{closure:{closure:Illuminate\\Pipeline\\Pipeline::carry():158}:159}()
#49 /home/wonderparkbd/public_html/vendor/laravel/framework/src/Illuminate/Pipeline/Pipeline.php(183): Illuminate\\Foundation\\Http\\Middleware\\PreventRequestsDuringMaintenance->handle()
#50 /home/wonderparkbd/public_html/vendor/laravel/framework/src/Illuminate/Http/Middleware/HandleCors.php(49): Illuminate\\Pipeline\\Pipeline->{closure:{closure:Illuminate\\Pipeline\\Pipeline::carry():158}:159}()
#51 /home/wonderparkbd/public_html/vendor/laravel/framework/src/Illuminate/Pipeline/Pipeline.php(183): Illuminate\\Http\\Middleware\\HandleCors->handle()
#52 /home/wonderparkbd/public_html/vendor/laravel/framework/src/Illuminate/Http/Middleware/TrustProxies.php(39): Illuminate\\Pipeline\\Pipeline->{closure:{closure:Illuminate\\Pipeline\\Pipeline::carry():158}:159}()
#53 /home/wonderparkbd/public_html/vendor/laravel/framework/src/Illuminate/Pipeline/Pipeline.php(183): Illuminate\\Http\\Middleware\\TrustProxies->handle()
#54 /home/wonderparkbd/public_html/vendor/laravel/framework/src/Illuminate/Pipeline/Pipeline.php(119): Illuminate\\Pipeline\\Pipeline->{closure:{closure:Illuminate\\Pipeline\\Pipeline::carry():158}:159}()
#55 /home/wonderparkbd/public_html/vendor/laravel/framework/src/Illuminate/Foundation/Http/Kernel.php(175): Illuminate\\Pipeline\\Pipeline->then()
#56 /home/wonderparkbd/public_html/vendor/laravel/framework/src/Illuminate/Foundation/Http/Kernel.php(144): Illuminate\\Foundation\\Http\\Kernel->sendRequestThroughRouter()
#57 /home/wonderparkbd/public_html/public/index.php(51): Illuminate\\Foundation\\Http\\Kernel->handle()
#58 {main}

[previous exception] [object] (PDOException(code: 1040): SQLSTATE[HY000] [1040] Too many connections at /home/wonderparkbd/public_html/vendor/laravel/framework/src/Illuminate/Database/Connectors/Connector.php:65)
[stacktrace]
#0 /home/wonderparkbd/public_html/vendor/laravel/framework/src/Illuminate/Database/Connectors/Connector.php(65): PDO->__construct()
#1 /home/wonderparkbd/public_html/vendor/laravel/framework/src/Illuminate/Database/Connectors/Connector.php(44): Illuminate\\Database\\Connectors\\Connector->createPdoConnection()
#2 /home/wonderparkbd/public_html/vendor/laravel/framework/src/Illuminate/Database/Connectors/MySqlConnector.php(24): Illuminate\\Database\\Connectors\\Connector->createConnection()
#3 /home/wonderparkbd/public_html/vendor/laravel/framework/src/Illuminate/Database/Connectors/ConnectionFactory.php(184): Illuminate\\Database\\Connectors\\MySqlConnector->connect()
#4 [internal function]: Illuminate\\Database\\Connectors\\ConnectionFactory->{closure:Illuminate\\Database\\Connectors\\ConnectionFactory::createPdoResolverWithHosts():179}()
#5 /home/wonderparkbd/public_html/vendor/laravel/framework/src/Illuminate/Database/Connection.php(1339): call_user_func()
#6 /home/wonderparkbd/public_html/vendor/laravel/framework/src/Illuminate/Database/Connection.php(1375): Illuminate\\Database\\Connection->getPdo()
#7 /home/wonderparkbd/public_html/vendor/laravel/framework/src/Illuminate/Database/Connection.php(528): Illuminate\\Database\\Connection->getReadPdo()
#8 /home/wonderparkbd/public_html/vendor/laravel/framework/src/Illuminate/Database/Connection.php(423): Illuminate\\Database\\Connection->getPdoForSelect()
#9 /home/wonderparkbd/public_html/vendor/laravel/framework/src/Illuminate/Database/Connection.php(816): Illuminate\\Database\\Connection->{closure:Illuminate\\Database\\Connection::select():414}()
#10 /home/wonderparkbd/public_html/vendor/laravel/framework/src/Illuminate/Database/Connection.php(783): Illuminate\\Database\\Connection->runQueryCallback()
#11 /home/wonderparkbd/public_html/vendor/laravel/framework/src/Illuminate/Database/Connection.php(414): Illuminate\\Database\\Connection->run()
#12 /home/wonderparkbd/public_html/vendor/laravel/framework/src/Illuminate/Database/Query/Builder.php(2913): Illuminate\\Database\\Connection->select()
#13 /home/wonderparkbd/public_html/vendor/laravel/framework/src/Illuminate/Database/Query/Builder.php(2902): Illuminate\\Database\\Query\\Builder->runSelect()
#14 /home/wonderparkbd/public_html/vendor/laravel/framework/src/Illuminate/Database/Query/Builder.php(3456): Illuminate\\Database\\Query\\Builder->{closure:Illuminate\\Database\\Query\\Builder::get():2901}()
#15 /home/wonderparkbd/public_html/vendor/laravel/framework/src/Illuminate/Database/Query/Builder.php(2901): Illuminate\\Database\\Query\\Builder->onceWithColumns()
#16 /home/wonderparkbd/public_html/vendor/laravel/framework/src/Illuminate/Database/Eloquent/Builder.php(739): Illuminate\\Database\\Query\\Builder->get()
#17 /home/wonderparkbd/public_html/vendor/laravel/framework/src/Illuminate/Database/Eloquent/Builder.php(723): Illuminate\\Database\\Eloquent\\Builder->getModels()
#18 /home/wonderparkbd/public_html/vendor/laravel/framework/src/Illuminate/Database/Eloquent/Model.php(675): Illuminate\\Database\\Eloquent\\Builder->get()
#19 /home/wonderparkbd/public_html/app/Http/Controllers/frontend/FrontendController.php(38): Illuminate\\Database\\Eloquent\\Model::all()
#20 /home/wonderparkbd/public_html/vendor/laravel/framework/src/Illuminate/Routing/Controller.php(54): App\\Http\\Controllers\\frontend\\FrontendController->index()
#21 /home/wonderparkbd/public_html/vendor/laravel/framework/src/Illuminate/Routing/ControllerDispatcher.php(43): Illuminate\\Routing\\Controller->callAction()
#22 /home/wonderparkbd/public_html/vendor/laravel/framework/src/Illuminate/Routing/Route.php(259): Illuminate\\Routing\\ControllerDispatcher->dispatch()
#23 /home/wonderparkbd/public_html/vendor/laravel/framework/src/Illuminate/Routing/Route.php(205): Illuminate\\Routing\\Route->runController()
#24 /home/wonderparkbd/public_html/vendor/laravel/framework/src/Illuminate/Routing/Router.php(806): Illuminate\\Routing\\Route->run()
#25 /home/wonderparkbd/public_html/vendor/laravel/framework/src/Illuminate/Pipeline/Pipeline.php(144): Illuminate\\Routing\\Router->{closure:Illuminate\\Routing\\Router::runRouteWithinStack():805}()
#26 /home/wonderparkbd/public_html/app/Http/Middleware/SetLocale.php(18): Illuminate\\Pipeline\\Pipeline->{closure:Illuminate\\Pipeline\\Pipeline::prepareDestination():142}()
#27 /home/wonderparkbd/public_html/vendor/laravel/framework/src/Illuminate/Pipeline/Pipeline.php(183): App\\Http\\Middleware\\SetLocale->handle()
#28 /home/wonderparkbd/public_html/vendor/laravel/framework/src/Illuminate/Routing/Middleware/SubstituteBindings.php(50): Illuminate\\Pipeline\\Pipeline->{closure:{closure:Illuminate\\Pipeline\\Pipeline::carry():158}:159}()
#29 /home/wonderparkbd/public_html/vendor/laravel/framework/src/Illuminate/Pipeline/Pipeline.php(183): Illuminate\\Routing\\Middleware\\SubstituteBindings->handle()
#30 /home/wonderparkbd/public_html/vendor/laravel/framework/src/Illuminate/Foundation/Http/Middleware/VerifyCsrfToken.php(78): Illuminate\\Pipeline\\Pipeline->{closure:{closure:Illuminate\\Pipeline\\Pipeline::carry():158}:159}()
#31 /home/wonderparkbd/public_html/vendor/laravel/framework/src/Illuminate/Pipeline/Pipeline.php(183): Illuminate\\Foundation\\Http\\Middleware\\VerifyCsrfToken->handle()
#32 /home/wonderparkbd/public_html/vendor/laravel/framework/src/Illuminate/View/Middleware/ShareErrorsFromSession.php(49): Illuminate\\Pipeline\\Pipeline->{closure:{closure:Illuminate\\Pipeline\\Pipeline::carry():158}:159}()
#33 /home/wonderparkbd/public_html/vendor/laravel/framework/src/Illuminate/Pipeline/Pipeline.php(183): Illuminate\\View\\Middleware\\ShareErrorsFromSession->handle()
#34 /home/wonderparkbd/public_html/vendor/laravel/framework/src/Illuminate/Session/Middleware/StartSession.php(121): Illuminate\\Pipeline\\Pipeline->{closure:{closure:Illuminate\\Pipeline\\Pipeline::carry():158}:159}()
#35 /home/wonderparkbd/public_html/vendor/laravel/framework/src/Illuminate/Session/Middleware/StartSession.php(64): Illuminate\\Session\\Middleware\\StartSession->handleStatefulRequest()
#36 /home/wonderparkbd/public_html/vendor/laravel/framework/src/Illuminate/Pipeline/Pipeline.php(183): Illuminate\\Session\\Middleware\\StartSession->handle()
#37 /home/wonderparkbd/public_html/vendor/laravel/framework/src/Illuminate/Cookie/Middleware/AddQueuedCookiesToResponse.php(37): Illuminate\\Pipeline\\Pipeline->{closure:{closure:Illuminate\\Pipeline\\Pipeline::carry():158}:159}()
#38 /home/wonderparkbd/public_html/vendor/laravel/framework/src/Illuminate/Pipeline/Pipeline.php(183): Illuminate\\Cookie\\Middleware\\AddQueuedCookiesToResponse->handle()
#39 /home/wonderparkbd/public_html/vendor/laravel/framework/src/Illuminate/Cookie/Middleware/EncryptCookies.php(67): Illuminate\\Pipeline\\Pipeline->{closure:{closure:Illuminate\\Pipeline\\Pipeline::carry():158}:159}()
#40 /home/wonderparkbd/public_html/vendor/laravel/framework/src/Illuminate/Pipeline/Pipeline.php(183): Illuminate\\Cookie\\Middleware\\EncryptCookies->handle()
#41 /home/wonderparkbd/public_html/vendor/laravel/framework/src/Illuminate/Pipeline/Pipeline.php(119): Illuminate\\Pipeline\\Pipeline->{closure:{closure:Illuminate\\Pipeline\\Pipeline::carry():158}:159}()
#42 /home/wonderparkbd/public_html/vendor/laravel/framework/src/Illuminate/Routing/Router.php(805): Illuminate\\Pipeline\\Pipeline->then()
#43 /home/wonderparkbd/public_html/vendor/laravel/framework/src/Illuminate/Routing/Router.php(784): Illuminate\\Routing\\Router->runRouteWithinStack()
#44 /home/wonderparkbd/public_html/vendor/laravel/framework/src/Illuminate/Routing/Router.php(748): Illuminate\\Routing\\Router->runRoute()
#45 /home/wonderparkbd/public_html/vendor/laravel/framework/src/Illuminate/Routing/Router.php(737): Illuminate\\Routing\\Router->dispatchToRoute()
#46 /home/wonderparkbd/public_html/vendor/laravel/framework/src/Illuminate/Foundation/Http/Kernel.php(200): Illuminate\\Routing\\Router->dispatch()
#47 /home/wonderparkbd/public_html/vendor/laravel/framework/src/Illuminate/Pipeline/Pipeline.php(144): Illuminate\\Foundation\\Http\\Kernel->{closure:Illuminate\\Foundation\\Http\\Kernel::dispatchToRouter():197}()
#48 /home/wonderparkbd/public_html/vendor/livewire/livewire/src/DisableBrowserCache.php(19): Illuminate\\Pipeline\\Pipeline->{closure:Illuminate\\Pipeline\\Pipeline::prepareDestination():142}()
#49 /home/wonderparkbd/public_html/vendor/laravel/framework/src/Illuminate/Pipeline/Pipeline.php(183): Livewire\\DisableBrowserCache->handle()
#50 /home/wonderparkbd/public_html/vendor/laravel/framework/src/Illuminate/Foundation/Http/Middleware/TransformsRequest.php(21): Illuminate\\Pipeline\\Pipeline->{closure:{closure:Illuminate\\Pipeline\\Pipeline::carry():158}:159}()
#51 /home/wonderparkbd/public_html/vendor/laravel/framework/src/Illuminate/Foundation/Http/Middleware/ConvertEmptyStringsToNull.php(31): Illuminate\\Foundation\\Http\\Middleware\\TransformsRequest->handle()
#52 /home/wonderparkbd/public_html/vendor/laravel/framework/src/Illuminate/Pipeline/Pipeline.php(183): Illuminate\\Foundation\\Http\\Middleware\\ConvertEmptyStringsToNull->handle()
#53 /home/wonderparkbd/public_html/vendor/laravel/framework/src/Illuminate/Foundation/Http/Middleware/TransformsRequest.php(21): Illuminate\\Pipeline\\Pipeline->{closure:{closure:Illuminate\\Pipeline\\Pipeline::carry():158}:159}()
#54 /home/wonderparkbd/public_html/vendor/laravel/framework/src/Illuminate/Foundation/Http/Middleware/TrimStrings.php(40): Illuminate\\Foundation\\Http\\Middleware\\TransformsRequest->handle()
#55 /home/wonderparkbd/public_html/vendor/laravel/framework/src/Illuminate/Pipeline/Pipeline.php(183): Illuminate\\Foundation\\Http\\Middleware\\TrimStrings->handle()
#56 /home/wonderparkbd/public_html/vendor/laravel/framework/src/Illuminate/Foundation/Http/Middleware/ValidatePostSize.php(27): Illuminate\\Pipeline\\Pipeline->{closure:{closure:Illuminate\\Pipeline\\Pipeline::carry():158}:159}()
#57 /home/wonderparkbd/public_html/vendor/laravel/framework/src/Illuminate/Pipeline/Pipeline.php(183): Illuminate\\Foundation\\Http\\Middleware\\ValidatePostSize->handle()
#58 /home/wonderparkbd/public_html/vendor/laravel/framework/src/Illuminate/Foundation/Http/Middleware/PreventRequestsDuringMaintenance.php(99): Illuminate\\Pipeline\\Pipeline->{closure:{closure:Illuminate\\Pipeline\\Pipeline::carry():158}:159}()
#59 /home/wonderparkbd/public_html/vendor/laravel/framework/src/Illuminate/Pipeline/Pipeline.php(183): Illuminate\\Foundation\\Http\\Middleware\\PreventRequestsDuringMaintenance->handle()
#60 /home/wonderparkbd/public_html/vendor/laravel/framework/src/Illuminate/Http/Middleware/HandleCors.php(49): Illuminate\\Pipeline\\Pipeline->{closure:{closure:Illuminate\\Pipeline\\Pipeline::carry():158}:159}()
#61 /home/wonderparkbd/public_html/vendor/laravel/framework/src/Illuminate/Pipeline/Pipeline.php(183): Illuminate\\Http\\Middleware\\HandleCors->handle()
#62 /home/wonderparkbd/public_html/vendor/laravel/framework/src/Illuminate/Http/Middleware/TrustProxies.php(39): Illuminate\\Pipeline\\Pipeline->{closure:{closure:Illuminate\\Pipeline\\Pipeline::carry():158}:159}()
#63 /home/wonderparkbd/public_html/vendor/laravel/framework/src/Illuminate/Pipeline/Pipeline.php(183): Illuminate\\Http\\Middleware\\TrustProxies->handle()
#64 /home/wonderparkbd/public_html/vendor/laravel/framework/src/Illuminate/Pipeline/Pipeline.php(119): Illuminate\\Pipeline\\Pipeline->{closure:{closure:Illuminate\\Pipeline\\Pipeline::carry():158}:159}()
#65 /home/wonderparkbd/public_html/vendor/laravel/framework/src/Illuminate/Foundation/Http/Kernel.php(175): Illuminate\\Pipeline\\Pipeline->then()
#66 /home/wonderparkbd/public_html/vendor/laravel/framework/src/Illuminate/Foundation/Http/Kernel.php(144): Illuminate\\Foundation\\Http\\Kernel->sendRequestThroughRouter()
#67 /home/wonderparkbd/public_html/public/index.php(51): Illuminate\\Foundation\\Http\\Kernel->handle()
#68 {main}
"} 
[2026-07-18 23:33:49] production.ERROR: SQLSTATE[08004] [1040] Too many connections (Connection: mysql, SQL: select * from `company_settings` where `status` = 1 limit 1) {"view":{"view":"/home/wonderparkbd/public_html/resources/views/layout/master.blade.php","data":[]},"exception":"[object] (Spatie\\LaravelIgnition\\Exceptions\\ViewException(code: 0): SQLSTATE[08004] [1040] Too many connections (Connection: mysql, SQL: select * from `company_settings` where `status` = 1 limit 1) at /home/wonderparkbd/public_html/vendor/laravel/framework/src/Illuminate/Database/Connection.php:829)
[stacktrace]
#0 /home/wonderparkbd/public_html/vendor/laravel/framework/src/Illuminate/Database/Connection.php(783): Illuminate\\Database\\Connection->runQueryCallback()
#1 /home/wonderparkbd/public_html/vendor/laravel/framework/src/Illuminate/Database/Connection.php(414): Illuminate\\Database\\Connection->run()
#2 /home/wonderparkbd/public_html/vendor/laravel/framework/src/Illuminate/Database/Query/Builder.php(2913): Illuminate\\Database\\Connection->select()
#3 /home/wonderparkbd/public_html/vendor/laravel/framework/src/Illuminate/Database/Query/Builder.php(2902): Illuminate\\Database\\Query\\Builder->runSelect()
#4 /home/wonderparkbd/public_html/vendor/laravel/framework/src/Illuminate/Database/Query/Builder.php(3456): Illuminate\\Database\\Query\\Builder->{closure:Illuminate\\Database\\Query\\Builder::get():2901}()
#5 /home/wonderparkbd/public_html/vendor/laravel/framework/src/Illuminate/Database/Query/Builder.php(2901): Illuminate\\Database\\Query\\Builder->onceWithColumns()
#6 /home/wonderparkbd/public_html/vendor/laravel/framework/src/Illuminate/Database/Eloquent/Builder.php(739): Illuminate\\Database\\Query\\Builder->get()
#7 /home/wonderparkbd/public_html/vendor/laravel/framework/src/Illuminate/Database/Eloquent/Builder.php(723): Illuminate\\Database\\Eloquent\\Builder->getModels()
#8 /home/wonderparkbd/public_html/vendor/laravel/framework/src/Illuminate/Database/Concerns/BuildsQueries.php(333): Illuminate\\Database\\Eloquent\\Builder->get()
#9 /home/wonderparkbd/public_html/resources/views/layout/master.blade.php(1): Illuminate\\Database\\Eloquent\\Builder->first()
#10 /home/wonderparkbd/public_html/vendor/laravel/framework/src/Illuminate/Filesystem/Filesystem.php(123): require('/home/wonderpar...')
#11 /home/wonderparkbd/public_html/vendor/laravel/framework/src/Illuminate/Filesystem/Filesystem.php(124): Illuminate\\Filesystem\\Filesystem::{closure:Illuminate\\Filesystem\\Filesystem::getRequire():120}()
#12 /home/wonderparkbd/public_html/vendor/laravel/framework/src/Illuminate/View/Engines/PhpEngine.php(58): Illuminate\\Filesystem\\Filesystem->getRequire()
#13 /home/wonderparkbd/public_html/vendor/livewire/livewire/src/ComponentConcerns/RendersLivewireComponents.php(69): Illuminate\\View\\Engines\\PhpEngine->evaluatePath()
#14 /home/wonderparkbd/public_html/vendor/laravel/framework/src/Illuminate/View/Engines/CompilerEngine.php(72): Livewire\\LivewireViewCompilerEngine->evaluatePath()
#15 /home/wonderparkbd/public_html/vendor/livewire/livewire/src/ComponentConcerns/RendersLivewireComponents.php(35): Illuminate\\View\\Engines\\CompilerEngine->get()
#16 /home/wonderparkbd/public_html/vendor/laravel/framework/src/Illuminate/View/View.php(207): Livewire\\LivewireViewCompilerEngine->get()
#17 /home/wonderparkbd/public_html/vendor/laravel/framework/src/Illuminate/View/View.php(190): Illuminate\\View\\View->getContents()
#18 /home/wonderparkbd/public_html/vendor/laravel/framework/src/Illuminate/View/View.php(159): Illuminate\\View\\View->renderContents()
#19 /home/wonderparkbd/public_html/resources/views/layout/_system.blade.php(27): Illuminate\\View\\View->render()
#20 /home/wonderparkbd/public_html/vendor/laravel/framework/src/Illuminate/Filesystem/Filesystem.php(123): require('/home/wonderpar...')
#21 /home/wonderparkbd/public_html/vendor/laravel/framework/src/Illuminate/Filesystem/Filesystem.php(124): Illuminate\\Filesystem\\Filesystem::{closure:Illuminate\\Filesystem\\Filesystem::getRequire():120}()
#22 /home/wonderparkbd/public_html/vendor/laravel/framework/src/Illuminate/View/Engines/PhpEngine.php(58): Illuminate\\Filesystem\\Filesystem->getRequire()
#23 /home/wonderparkbd/public_html/vendor/livewire/livewire/src/ComponentConcerns/RendersLivewireComponents.php(69): Illuminate\\View\\Engines\\PhpEngine->evaluatePath()
#24 /home/wonderparkbd/public_html/vendor/laravel/framework/src/Illuminate/View/Engines/CompilerEngine.php(72): Livewire\\LivewireViewCompilerEngine->evaluatePath()
#25 /home/wonderparkbd/public_html/vendor/livewire/livewire/src/ComponentConcerns/RendersLivewireComponents.php(35): Illuminate\\View\\Engines\\CompilerEngine->get()
#26 /home/wonderparkbd/public_html/vendor/laravel/framework/src/Illuminate/View/View.php(207): Livewire\\LivewireViewCompilerEngine->get()
#27 /home/wonderparkbd/public_html/vendor/laravel/framework/src/Illuminate/View/View.php(190): Illuminate\\View\\View->getContents()
#28 /home/wonderparkbd/public_html/vendor/laravel/framework/src/Illuminate/View/View.php(159): Illuminate\\View\\View->renderContents()
#29 /home/wonderparkbd/public_html/vendor/laravel/framework/src/Illuminate/View/Concerns/ManagesComponents.php(99): Illuminate\\View\\View->render()
#30 /home/wonderparkbd/public_html/resources/views/errors/404.blade.php(2): Illuminate\\View\\Factory->renderComponent()
#31 /home/wonderparkbd/public_html/vendor/laravel/framework/src/Illuminate/Filesystem/Filesystem.php(123): require('/home/wonderpar...')
#32 /home/wonderparkbd/public_html/vendor/laravel/framework/src/Illuminate/Filesystem/Filesystem.php(124): Illuminate\\Filesystem\\Filesystem::{closure:Illuminate\\Filesystem\\Filesystem::getRequire():120}()
#33 /home/wonderparkbd/public_html/vendor/laravel/framework/src/Illuminate/View/Engines/PhpEngine.php(58): Illuminate\\Filesystem\\Filesystem->getRequire()
#34 /home/wonderparkbd/public_html/vendor/livewire/livewire/src/ComponentConcerns/RendersLivewireComponents.php(69): Illuminate\\View\\Engines\\PhpEngine->evaluatePath()
#35 /home/wonderparkbd/public_html/vendor/laravel/framework/src/Illuminate/View/Engines/CompilerEngine.php(72): Livewire\\LivewireViewCompilerEngine->evaluatePath()
#36 /home/wonderparkbd/public_html/vendor/livewire/livewire/src/ComponentConcerns/RendersLivewireComponents.php(35): Illuminate\\View\\Engines\\CompilerEngine->get()
#37 /home/wonderparkbd/public_html/vendor/laravel/framework/src/Illuminate/View/View.php(207): Livewire\\LivewireViewCompilerEngine->get()
#38 /home/wonderparkbd/public_html/vendor/laravel/framework/src/Illuminate/View/View.php(190): Illuminate\\View\\View->getContents()
#39 /home/wonderparkbd/public_html/vendor/laravel/framework/src/Illuminate/View/View.php(159): Illuminate\\View\\View->renderContents()
#40 /home/wonderparkbd/public_html/vendor/laravel/framework/src/Illuminate/Http/Response.php(69): Illuminate\\View\\View->render()
#41 /home/wonderparkbd/public_html/vendor/laravel/framework/src/Illuminate/Http/Response.php(35): Illuminate\\Http\\Response->setContent()
#42 /home/wonderparkbd/public_html/vendor/laravel/framework/src/Illuminate/Routing/ResponseFactory.php(58): Illuminate\\Http\\Response->__construct()
#43 /home/wonderparkbd/public_html/vendor/laravel/framework/src/Illuminate/Routing/ResponseFactory.php(88): Illuminate\\Routing\\ResponseFactory->make()
#44 /home/wonderparkbd/public_html/vendor/laravel/framework/src/Illuminate/Foundation/Exceptions/Handler.php(723): Illuminate\\Routing\\ResponseFactory->view()
#45 /home/wonderparkbd/public_html/vendor/laravel/framework/src/Illuminate/Foundation/Exceptions/Handler.php(650): Illuminate\\Foundation\\Exceptions\\Handler->renderHttpException()
#46 /home/wonderparkbd/public_html/vendor/laravel/framework/src/Illuminate/Foundation/Exceptions/Handler.php(556): Illuminate\\Foundation\\Exceptions\\Handler->prepareResponse()
#47 /home/wonderparkbd/public_html/vendor/laravel/framework/src/Illuminate/Foundation/Exceptions/Handler.php(473): Illuminate\\Foundation\\Exceptions\\Handler->renderExceptionResponse()
#48 /home/wonderparkbd/public_html/vendor/laravel/framework/src/Illuminate/Routing/Pipeline.php(51): Illuminate\\Foundation\\Exceptions\\Handler->render()
#49 /home/wonderparkbd/public_html/vendor/laravel/framework/src/Illuminate/Pipeline/Pipeline.php(146): Illuminate\\Routing\\Pipeline->handleException()
#50 /home/wonderparkbd/public_html/vendor/livewire/livewire/src/DisableBrowserCache.php(19): Illuminate\\Pipeline\\Pipeline->{closure:Illuminate\\Pipeline\\Pipeline::prepareDestination():142}()
#51 /home/wonderparkbd/public_html/vendor/laravel/framework/src/Illuminate/Pipeline/Pipeline.php(183): Livewire\\DisableBrowserCache->handle()
#52 /home/wonderparkbd/public_html/vendor/laravel/framework/src/Illuminate/Foundation/Http/Middleware/TransformsRequest.php(21): Illuminate\\Pipeline\\Pipeline->{closure:{closure:Illuminate\\Pipeline\\Pipeline::carry():158}:159}()
#53 /home/wonderparkbd/public_html/vendor/laravel/framework/src/Illuminate/Foundation/Http/Middleware/ConvertEmptyStringsToNull.php(31): Illuminate\\Foundation\\Http\\Middleware\\TransformsRequest->handle()
#54 /home/wonderparkbd/public_html/vendor/laravel/framework/src/Illuminate/Pipeline/Pipeline.php(183): Illuminate\\Foundation\\Http\\Middleware\\ConvertEmptyStringsToNull->handle()
#55 /home/wonderparkbd/public_html/vendor/laravel/framework/src/Illuminate/Foundation/Http/Middleware/TransformsRequest.php(21): Illuminate\\Pipeline\\Pipeline->{closure:{closure:Illuminate\\Pipeline\\Pipeline::carry():158}:159}()
#56 /home/wonderparkbd/public_html/vendor/laravel/framework/src/Illuminate/Foundation/Http/Middleware/TrimStrings.php(40): Illuminate\\Foundation\\Http\\Middleware\\TransformsRequest->handle()
#57 /home/wonderparkbd/public_html/vendor/laravel/framework/src/Illuminate/Pipeline/Pipeline.php(183): Illuminate\\Foundation\\Http\\Middleware\\TrimStrings->handle()
#58 /home/wonderparkbd/public_html/vendor/laravel/framework/src/Illuminate/Foundation/Http/Middleware/ValidatePostSize.php(27): Illuminate\\Pipeline\\Pipeline->{closure:{closure:Illuminate\\Pipeline\\Pipeline::carry():158}:159}()
#59 /home/wonderparkbd/public_html/vendor/laravel/framework/src/Illuminate/Pipeline/Pipeline.php(183): Illuminate\\Foundation\\Http\\Middleware\\ValidatePostSize->handle()
#60 /home/wonderparkbd/public_html/vendor/laravel/framework/src/Illuminate/Foundation/Http/Middleware/PreventRequestsDuringMaintenance.php(99): Illuminate\\Pipeline\\Pipeline->{closure:{closure:Illuminate\\Pipeline\\Pipeline::carry():158}:159}()
#61 /home/wonderparkbd/public_html/vendor/laravel/framework/src/Illuminate/Pipeline/Pipeline.php(183): Illuminate\\Foundation\\Http\\Middleware\\PreventRequestsDuringMaintenance->handle()
#62 /home/wonderparkbd/public_html/vendor/laravel/framework/src/Illuminate/Http/Middleware/HandleCors.php(49): Illuminate\\Pipeline\\Pipeline->{closure:{closure:Illuminate\\Pipeline\\Pipeline::carry():158}:159}()
#63 /home/wonderparkbd/public_html/vendor/laravel/framework/src/Illuminate/Pipeline/Pipeline.php(183): Illuminate\\Http\\Middleware\\HandleCors->handle()
#64 /home/wonderparkbd/public_html/vendor/laravel/framework/src/Illuminate/Http/Middleware/TrustProxies.php(39): Illuminate\\Pipeline\\Pipeline->{closure:{closure:Illuminate\\Pipeline\\Pipeline::carry():158}:159}()
#65 /home/wonderparkbd/public_html/vendor/laravel/framework/src/Illuminate/Pipeline/Pipeline.php(183): Illuminate\\Http\\Middleware\\TrustProxies->handle()
#66 /home/wonderparkbd/public_html/vendor/laravel/framework/src/Illuminate/Pipeline/Pipeline.php(119): Illuminate\\Pipeline\\Pipeline->{closure:{closure:Illuminate\\Pipeline\\Pipeline::carry():158}:159}()
#67 /home/wonderparkbd/public_html/vendor/laravel/framework/src/Illuminate/Foundation/Http/Kernel.php(175): Illuminate\\Pipeline\\Pipeline->then()
#68 /home/wonderparkbd/public_html/vendor/laravel/framework/src/Illuminate/Foundation/Http/Kernel.php(144): Illuminate\\Foundation\\Http\\Kernel->sendRequestThroughRouter()
#69 /home/wonderparkbd/public_html/public/index.php(51): Illuminate\\Foundation\\Http\\Kernel->handle()
#70 {main}

[previous exception] [object] (Illuminate\\Database\\QueryException(code: 1040): SQLSTATE[08004] [1040] Too many connections (Connection: mysql, SQL: select * from `company_settings` where `status` = 1 limit 1) at /home/wonderparkbd/public_html/vendor/laravel/framework/src/Illuminate/Database/Connection.php:829)
[stacktrace]
#0 /home/wonderparkbd/public_html/vendor/laravel/framework/src/Illuminate/Database/Connection.php(783): Illuminate\\Database\\Connection->runQueryCallback()
#1 /home/wonderparkbd/public_html/vendor/laravel/framework/src/Illuminate/Database/Connection.php(414): Illuminate\\Database\\Connection->run()
#2 /home/wonderparkbd/public_html/vendor/laravel/framework/src/Illuminate/Database/Query/Builder.php(2913): Illuminate\\Database\\Connection->select()
#3 /home/wonderparkbd/public_html/vendor/laravel/framework/src/Illuminate/Database/Query/Builder.php(2902): Illuminate\\Database\\Query\\Builder->runSelect()
#4 /home/wonderparkbd/public_html/vendor/laravel/framework/src/Illuminate/Database/Query/Builder.php(3456): Illuminate\\Database\\Query\\Builder->{closure:Illuminate\\Database\\Query\\Builder::get():2901}()
#5 /home/wonderparkbd/public_html/vendor/laravel/framework/src/Illuminate/Database/Query/Builder.php(2901): Illuminate\\Database\\Query\\Builder->onceWithColumns()
#6 /home/wonderparkbd/public_html/vendor/laravel/framework/src/Illuminate/Database/Eloquent/Builder.php(739): Illuminate\\Database\\Query\\Builder->get()
#7 /home/wonderparkbd/public_html/vendor/laravel/framework/src/Illuminate/Database/Eloquent/Builder.php(723): Illuminate\\Database\\Eloquent\\Builder->getModels()
#8 /home/wonderparkbd/public_html/vendor/laravel/framework/src/Illuminate/Database/Concerns/BuildsQueries.php(333): Illuminate\\Database\\Eloquent\\Builder->get()
#9 /home/wonderparkbd/public_html/storage/framework/views/ba7fd66883f60e695314e7bc8800c90b.php(2): Illuminate\\Database\\Eloquent\\Builder->first()
#10 /home/wonderparkbd/public_html/vendor/laravel/framework/src/Illuminate/Filesystem/Filesystem.php(123): require('/home/wonderpar...')
#11 /home/wonderparkbd/public_html/vendor/laravel/framework/src/Illuminate/Filesystem/Filesystem.php(124): Illuminate\\Filesystem\\Filesystem::{closure:Illuminate\\Filesystem\\Filesystem::getRequire():120}()
#12 /home/wonderparkbd/public_html/vendor/laravel/framework/src/Illuminate/View/Engines/PhpEngine.php(58): Illuminate\\Filesystem\\Filesystem->getRequire()
#13 /home/wonderparkbd/public_html/vendor/livewire/livewire/src/ComponentConcerns/RendersLivewireComponents.php(69): Illuminate\\View\\Engines\\PhpEngine->evaluatePath()
#14 /home/wonderparkbd/public_html/vendor/laravel/framework/src/Illuminate/View/Engines/CompilerEngine.php(72): Livewire\\LivewireViewCompilerEngine->evaluatePath()
#15 /home/wonderparkbd/public_html/vendor/livewire/livewire/src/ComponentConcerns/RendersLivewireComponents.php(35): Illuminate\\View\\Engines\\CompilerEngine->get()
#16 /home/wonderparkbd/public_html/vendor/laravel/framework/src/Illuminate/View/View.php(207): Livewire\\LivewireViewCompilerEngine->get()
#17 /home/wonderparkbd/public_html/vendor/laravel/framework/src/Illuminate/View/View.php(190): Illuminate\\View\\View->getContents()
#18 /home/wonderparkbd/public_html/vendor/laravel/framework/src/Illuminate/View/View.php(159): Illuminate\\View\\View->renderContents()
#19 /home/wonderparkbd/public_html/storage/framework/views/a20cd3793349c3dca6a9448484a5091c.php(28): Illuminate\\View\\View->render()
#20 /home/wonderparkbd/public_html/vendor/laravel/framework/src/Illuminate/Filesystem/Filesystem.php(123): require('/home/wonderpar...')
#21 /home/wonderparkbd/public_html/vendor/laravel/framework/src/Illuminate/Filesystem/Filesystem.php(124): Illuminate\\Filesystem\\Filesystem::{closure:Illuminate\\Filesystem\\Filesystem::getRequire():120}()
#22 /home/wonderparkbd/public_html/vendor/laravel/framework/src/Illuminate/View/Engines/PhpEngine.php(58): Illuminate\\Filesystem\\Filesystem->getRequire()
#23 /home/wonderparkbd/public_html/vendor/livewire/livewire/src/ComponentConcerns/RendersLivewireComponents.php(69): Illuminate\\View\\Engines\\PhpEngine->evaluatePath()
#24 /home/wonderparkbd/public_html/vendor/laravel/framework/src/Illuminate/View/Engines/CompilerEngine.php(72): Livewire\\LivewireViewCompilerEngine->evaluatePath()
#25 /home/wonderparkbd/public_html/vendor/livewire/livewire/src/ComponentConcerns/RendersLivewireComponents.php(35): Illuminate\\View\\Engines\\CompilerEngine->get()
#26 /home/wonderparkbd/public_html/vendor/laravel/framework/src/Illuminate/View/View.php(207): Livewire\\LivewireViewCompilerEngine->get()
#27 /home/wonderparkbd/public_html/vendor/laravel/framework/src/Illuminate/View/View.php(190): Illuminate\\View\\View->getContents()
#28 /home/wonderparkbd/public_html/vendor/laravel/framework/src/Illuminate/View/View.php(159): Illuminate\\View\\View->renderContents()
#29 /home/wonderparkbd/public_html/vendor/laravel/framework/src/Illuminate/View/Concerns/ManagesComponents.php(99): Illuminate\\View\\View->render()
#30 /home/wonderparkbd/public_html/storage/framework/views/4ae6d1788ae75df7f1617e5d5d42775d.php(12): Illuminate\\View\\Factory->renderComponent()
#31 /home/wonderparkbd/public_html/vendor/laravel/framework/src/Illuminate/Filesystem/Filesystem.php(123): require('/home/wonderpar...')
#32 /home/wonderparkbd/public_html/vendor/laravel/framework/src/Illuminate/Filesystem/Filesystem.php(124): Illuminate\\Filesystem\\Filesystem::{closure:Illuminate\\Filesystem\\Filesystem::getRequire():120}()
#33 /home/wonderparkbd/public_html/vendor/laravel/framework/src/Illuminate/View/Engines/PhpEngine.php(58): Illuminate\\Filesystem\\Filesystem->getRequire()
#34 /home/wonderparkbd/public_html/vendor/livewire/livewire/src/ComponentConcerns/RendersLivewireComponents.php(69): Illuminate\\View\\Engines\\PhpEngine->evaluatePath()
#35 /home/wonderparkbd/public_html/vendor/laravel/framework/src/Illuminate/View/Engines/CompilerEngine.php(72): Livewire\\LivewireViewCompilerEngine->evaluatePath()
#36 /home/wonderparkbd/public_html/vendor/livewire/livewire/src/ComponentConcerns/RendersLivewireComponents.php(35): Illuminate\\View\\Engines\\CompilerEngine->get()
#37 /home/wonderparkbd/public_html/vendor/laravel/framework/src/Illuminate/View/View.php(207): Livewire\\LivewireViewCompilerEngine->get()
#38 /home/wonderparkbd/public_html/vendor/laravel/framework/src/Illuminate/View/View.php(190): Illuminate\\View\\View->getContents()
#39 /home/wonderparkbd/public_html/vendor/laravel/framework/src/Illuminate/View/View.php(159): Illuminate\\View\\View->renderContents()
#40 /home/wonderparkbd/public_html/vendor/laravel/framework/src/Illuminate/Http/Response.php(69): Illuminate\\View\\View->render()
#41 /home/wonderparkbd/public_html/vendor/laravel/framework/src/Illuminate/Http/Response.php(35): Illuminate\\Http\\Response->setContent()
#42 /home/wonderparkbd/public_html/vendor/laravel/framework/src/Illuminate/Routing/ResponseFactory.php(58): Illuminate\\Http\\Response->__construct()
#43 /home/wonderparkbd/public_html/vendor/laravel/framework/src/Illuminate/Routing/ResponseFactory.php(88): Illuminate\\Routing\\ResponseFactory->make()
#44 /home/wonderparkbd/public_html/vendor/laravel/framework/src/Illuminate/Foundation/Exceptions/Handler.php(723): Illuminate\\Routing\\ResponseFactory->view()
#45 /home/wonderparkbd/public_html/vendor/laravel/framework/src/Illuminate/Foundation/Exceptions/Handler.php(650): Illuminate\\Foundation\\Exceptions\\Handler->renderHttpException()
#46 /home/wonderparkbd/public_html/vendor/laravel/framework/src/Illuminate/Foundation/Exceptions/Handler.php(556): Illuminate\\Foundation\\Exceptions\\Handler->prepareResponse()
#47 /home/wonderparkbd/public_html/vendor/laravel/framework/src/Illuminate/Foundation/Exceptions/Handler.php(473): Illuminate\\Foundation\\Exceptions\\Handler->renderExceptionResponse()
#48 /home/wonderparkbd/public_html/vendor/laravel/framework/src/Illuminate/Routing/Pipeline.php(51): Illuminate\\Foundation\\Exceptions\\Handler->render()
#49 /home/wonderparkbd/public_html/vendor/laravel/framework/src/Illuminate/Pipeline/Pipeline.php(146): Illuminate\\Routing\\Pipeline->handleException()
#50 /home/wonderparkbd/public_html/vendor/livewire/livewire/src/DisableBrowserCache.php(19): Illuminate\\Pipeline\\Pipeline->{closure:Illuminate\\Pipeline\\Pipeline::prepareDestination():142}()
#51 /home/wonderparkbd/public_html/vendor/laravel/framework/src/Illuminate/Pipeline/Pipeline.php(183): Livewire\\DisableBrowserCache->handle()
#52 /home/wonderparkbd/public_html/vendor/laravel/framework/src/Illuminate/Foundation/Http/Middleware/TransformsRequest.php(21): Illuminate\\Pipeline\\Pipeline->{closure:{closure:Illuminate\\Pipeline\\Pipeline::carry():158}:159}()
#53 /home/wonderparkbd/public_html/vendor/laravel/framework/src/Illuminate/Foundation/Http/Middleware/ConvertEmptyStringsToNull.php(31): Illuminate\\Foundation\\Http\\Middleware\\TransformsRequest->handle()
#54 /home/wonderparkbd/public_html/vendor/laravel/framework/src/Illuminate/Pipeline/Pipeline.php(183): Illuminate\\Foundation\\Http\\Middleware\\ConvertEmptyStringsToNull->handle()
#55 /home/wonderparkbd/public_html/vendor/laravel/framework/src/Illuminate/Foundation/Http/Middleware/TransformsRequest.php(21): Illuminate\\Pipeline\\Pipeline->{closure:{closure:Illuminate\\Pipeline\\Pipeline::carry():158}:159}()
#56 /home/wonderparkbd/public_html/vendor/laravel/framework/src/Illuminate/Foundation/Http/Middleware/TrimStrings.php(40): Illuminate\\Foundation\\Http\\Middleware\\TransformsRequest->handle()
#57 /home/wonderparkbd/public_html/vendor/laravel/framework/src/Illuminate/Pipeline/Pipeline.php(183): Illuminate\\Foundation\\Http\\Middleware\\TrimStrings->handle()
#58 /home/wonderparkbd/public_html/vendor/laravel/framework/src/Illuminate/Foundation/Http/Middleware/ValidatePostSize.php(27): Illuminate\\Pipeline\\Pipeline->{closure:{closure:Illuminate\\Pipeline\\Pipeline::carry():158}:159}()
#59 /home/wonderparkbd/public_html/vendor/laravel/framework/src/Illuminate/Pipeline/Pipeline.php(183): Illuminate\\Foundation\\Http\\Middleware\\ValidatePostSize->handle()
#60 /home/wonderparkbd/public_html/vendor/laravel/framework/src/Illuminate/Foundation/Http/Middleware/PreventRequestsDuringMaintenance.php(99): Illuminate\\Pipeline\\Pipeline->{closure:{closure:Illuminate\\Pipeline\\Pipeline::carry():158}:159}()
#61 /home/wonderparkbd/public_html/vendor/laravel/framework/src/Illuminate/Pipeline/Pipeline.php(183): Illuminate\\Foundation\\Http\\Middleware\\PreventRequestsDuringMaintenance->handle()
#62 /home/wonderparkbd/public_html/vendor/laravel/framework/src/Illuminate/Http/Middleware/HandleCors.php(49): Illuminate\\Pipeline\\Pipeline->{closure:{closure:Illuminate\\Pipeline\\Pipeline::carry():158}:159}()
#63 /home/wonderparkbd/public_html/vendor/laravel/framework/src/Illuminate/Pipeline/Pipeline.php(183): Illuminate\\Http\\Middleware\\HandleCors->handle()
#64 /home/wonderparkbd/public_html/vendor/laravel/framework/src/Illuminate/Http/Middleware/TrustProxies.php(39): Illuminate\\Pipeline\\Pipeline->{closure:{closure:Illuminate\\Pipeline\\Pipeline::carry():158}:159}()
#65 /home/wonderparkbd/public_html/vendor/laravel/framework/src/Illuminate/Pipeline/Pipeline.php(183): Illuminate\\Http\\Middleware\\TrustProxies->handle()
#66 /home/wonderparkbd/public_html/vendor/laravel/framework/src/Illuminate/Pipeline/Pipeline.php(119): Illuminate\\Pipeline\\Pipeline->{closure:{closure:Illuminate\\Pipeline\\Pipeline::carry():158}:159}()
#67 /home/wonderparkbd/public_html/vendor/laravel/framework/src/Illuminate/Foundation/Http/Kernel.php(175): Illuminate\\Pipeline\\Pipeline->then()
#68 /home/wonderparkbd/public_html/vendor/laravel/framework/src/Illuminate/Foundation/Http/Kernel.php(144): Illuminate\\Foundation\\Http\\Kernel->sendRequestThroughRouter()
#69 /home/wonderparkbd/public_html/public/index.php(51): Illuminate\\Foundation\\Http\\Kernel->handle()
#70 {main}

[previous exception] [object] (PDOException(code: 1040): SQLSTATE[08004] [1040] Too many connections at /home/wonderparkbd/public_html/vendor/laravel/framework/src/Illuminate/Database/Connectors/Connector.php:65)
[stacktrace]
#0 /home/wonderparkbd/public_html/vendor/laravel/framework/src/Illuminate/Database/Connectors/Connector.php(65): PDO->__construct()
#1 /home/wonderparkbd/public_html/vendor/laravel/framework/src/Illuminate/Database/Connectors/Connector.php(44): Illuminate\\Database\\Connectors\\Connector->createPdoConnection()
#2 /home/wonderparkbd/public_html/vendor/laravel/framework/src/Illuminate/Database/Connectors/MySqlConnector.php(24): Illuminate\\Database\\Connectors\\Connector->createConnection()
#3 /home/wonderparkbd/public_html/vendor/laravel/framework/src/Illuminate/Database/Connectors/ConnectionFactory.php(184): Illuminate\\Database\\Connectors\\MySqlConnector->connect()
#4 [internal function]: Illuminate\\Database\\Connectors\\ConnectionFactory->{closure:Illuminate\\Database\\Connectors\\ConnectionFactory::createPdoResolverWithHosts():179}()
#5 /home/wonderparkbd/public_html/vendor/laravel/framework/src/Illuminate/Database/Connection.php(1339): call_user_func()
#6 /home/wonderparkbd/public_html/vendor/laravel/framework/src/Illuminate/Database/Connection.php(1375): Illuminate\\Database\\Connection->getPdo()
#7 /home/wonderparkbd/public_html/vendor/laravel/framework/src/Illuminate/Database/Connection.php(528): Illuminate\\Database\\Connection->getReadPdo()
#8 /home/wonderparkbd/public_html/vendor/laravel/framework/src/Illuminate/Database/Connection.php(423): Illuminate\\Database\\Connection->getPdoForSelect()
#9 /home/wonderparkbd/public_html/vendor/laravel/framework/src/Illuminate/Database/Connection.php(816): Illuminate\\Database\\Connection->{closure:Illuminate\\Database\\Connection::select():414}()
#10 /home/wonderparkbd/public_html/vendor/laravel/framework/src/Illuminate/Database/Connection.php(783): Illuminate\\Database\\Connection->runQueryCallback()
#11 /home/wonderparkbd/public_html/vendor/laravel/framework/src/Illuminate/Database/Connection.php(414): Illuminate\\Database\\Connection->run()
#12 /home/wonderparkbd/public_html/vendor/laravel/framework/src/Illuminate/Database/Query/Builder.php(2913): Illuminate\\Database\\Connection->select()
#13 /home/wonderparkbd/public_html/vendor/laravel/framework/src/Illuminate/Database/Query/Builder.php(2902): Illuminate\\Database\\Query\\Builder->runSelect()
#14 /home/wonderparkbd/public_html/vendor/laravel/framework/src/Illuminate/Database/Query/Builder.php(3456): Illuminate\\Database\\Query\\Builder->{closure:Illuminate\\Database\\Query\\Builder::get():2901}()
#15 /home/wonderparkbd/public_html/vendor/laravel/framework/src/Illuminate/Database/Query/Builder.php(2901): Illuminate\\Database\\Query\\Builder->onceWithColumns()
#16 /home/wonderparkbd/public_html/vendor/laravel/framework/src/Illuminate/Database/Eloquent/Builder.php(739): Illuminate\\Database\\Query\\Builder->get()
#17 /home/wonderparkbd/public_html/vendor/laravel/framework/src/Illuminate/Database/Eloquent/Builder.php(723): Illuminate\\Database\\Eloquent\\Builder->getModels()
#18 /home/wonderparkbd/public_html/vendor/laravel/framework/src/Illuminate/Database/Concerns/BuildsQueries.php(333): Illuminate\\Database\\Eloquent\\Builder->get()
#19 /home/wonderparkbd/public_html/storage/framework/views/ba7fd66883f60e695314e7bc8800c90b.php(2): Illuminate\\Database\\Eloquent\\Builder->first()
#20 /home/wonderparkbd/public_html/vendor/laravel/framework/src/Illuminate/Filesystem/Filesystem.php(123): require('/home/wonderpar...')
#21 /home/wonderparkbd/public_html/vendor/laravel/framework/src/Illuminate/Filesystem/Filesystem.php(124): Illuminate\\Filesystem\\Filesystem::{closure:Illuminate\\Filesystem\\Filesystem::getRequire():120}()
#22 /home/wonderparkbd/public_html/vendor/laravel/framework/src/Illuminate/View/Engines/PhpEngine.php(58): Illuminate\\Filesystem\\Filesystem->getRequire()
#23 /home/wonderparkbd/public_html/vendor/livewire/livewire/src/ComponentConcerns/RendersLivewireComponents.php(69): Illuminate\\View\\Engines\\PhpEngine->evaluatePath()
#24 /home/wonderparkbd/public_html/vendor/laravel/framework/src/Illuminate/View/Engines/CompilerEngine.php(72): Livewire\\LivewireViewCompilerEngine->evaluatePath()
#25 /home/wonderparkbd/public_html/vendor/livewire/livewire/src/ComponentConcerns/RendersLivewireComponents.php(35): Illuminate\\View\\Engines\\CompilerEngine->get()
#26 /home/wonderparkbd/public_html/vendor/laravel/framework/src/Illuminate/View/View.php(207): Livewire\\LivewireViewCompilerEngine->get()
#27 /home/wonderparkbd/public_html/vendor/laravel/framework/src/Illuminate/View/View.php(190): Illuminate\\View\\View->getContents()
#28 /home/wonderparkbd/public_html/vendor/laravel/framework/src/Illuminate/View/View.php(159): Illuminate\\View\\View->renderContents()
#29 /home/wonderparkbd/public_html/storage/framework/views/a20cd3793349c3dca6a9448484a5091c.php(28): Illuminate\\View\\View->render()
#30 /home/wonderparkbd/public_html/vendor/laravel/framework/src/Illuminate/Filesystem/Filesystem.php(123): require('/home/wonderpar...')
#31 /home/wonderparkbd/public_html/vendor/laravel/framework/src/Illuminate/Filesystem/Filesystem.php(124): Illuminate\\Filesystem\\Filesystem::{closure:Illuminate\\Filesystem\\Filesystem::getRequire():120}()
#32 /home/wonderparkbd/public_html/vendor/laravel/framework/src/Illuminate/View/Engines/PhpEngine.php(58): Illuminate\\Filesystem\\Filesystem->getRequire()
#33 /home/wonderparkbd/public_html/vendor/livewire/livewire/src/ComponentConcerns/RendersLivewireComponents.php(69): Illuminate\\View\\Engines\\PhpEngine->evaluatePath()
#34 /home/wonderparkbd/public_html/vendor/laravel/framework/src/Illuminate/View/Engines/CompilerEngine.php(72): Livewire\\LivewireViewCompilerEngine->evaluatePath()
#35 /home/wonderparkbd/public_html/vendor/livewire/livewire/src/ComponentConcerns/RendersLivewireComponents.php(35): Illuminate\\View\\Engines\\CompilerEngine->get()
#36 /home/wonderparkbd/public_html/vendor/laravel/framework/src/Illuminate/View/View.php(207): Livewire\\LivewireViewCompilerEngine->get()
#37 /home/wonderparkbd/public_html/vendor/laravel/framework/src/Illuminate/View/View.php(190): Illuminate\\View\\View->getContents()
#38 /home/wonderparkbd/public_html/vendor/laravel/framework/src/Illuminate/View/View.php(159): Illuminate\\View\\View->renderContents()
#39 /home/wonderparkbd/public_html/vendor/laravel/framework/src/Illuminate/View/Concerns/ManagesComponents.php(99): Illuminate\\View\\View->render()
#40 /home/wonderparkbd/public_html/storage/framework/views/4ae6d1788ae75df7f1617e5d5d42775d.php(12): Illuminate\\View\\Factory->renderComponent()
#41 /home/wonderparkbd/public_html/vendor/laravel/framework/src/Illuminate/Filesystem/Filesystem.php(123): require('/home/wonderpar...')
#42 /home/wonderparkbd/public_html/vendor/laravel/framework/src/Illuminate/Filesystem/Filesystem.php(124): Illuminate\\Filesystem\\Filesystem::{closure:Illuminate\\Filesystem\\Filesystem::getRequire():120}()
#43 /home/wonderparkbd/public_html/vendor/laravel/framework/src/Illuminate/View/Engines/PhpEngine.php(58): Illuminate\\Filesystem\\Filesystem->getRequire()
#44 /home/wonderparkbd/public_html/vendor/livewire/livewire/src/ComponentConcerns/RendersLivewireComponents.php(69): Illuminate\\View\\Engines\\PhpEngine->evaluatePath()
#45 /home/wonderparkbd/public_html/vendor/laravel/framework/src/Illuminate/View/Engines/CompilerEngine.php(72): Livewire\\LivewireViewCompilerEngine->evaluatePath()
#46 /home/wonderparkbd/public_html/vendor/livewire/livewire/src/ComponentConcerns/RendersLivewireComponents.php(35): Illuminate\\View\\Engines\\CompilerEngine->get()
#47 /home/wonderparkbd/public_html/vendor/laravel/framework/src/Illuminate/View/View.php(207): Livewire\\LivewireViewCompilerEngine->get()
#48 /home/wonderparkbd/public_html/vendor/laravel/framework/src/Illuminate/View/View.php(190): Illuminate\\View\\View->getContents()
#49 /home/wonderparkbd/public_html/vendor/laravel/framework/src/Illuminate/View/View.php(159): Illuminate\\View\\View->renderContents()
#50 /home/wonderparkbd/public_html/vendor/laravel/framework/src/Illuminate/Http/Response.php(69): Illuminate\\View\\View->render()
#51 /home/wonderparkbd/public_html/vendor/laravel/framework/src/Illuminate/Http/Response.php(35): Illuminate\\Http\\Response->setContent()
#52 /home/wonderparkbd/public_html/vendor/laravel/framework/src/Illuminate/Routing/ResponseFactory.php(58): Illuminate\\Http\\Response->__construct()
#53 /home/wonderparkbd/public_html/vendor/laravel/framework/src/Illuminate/Routing/ResponseFactory.php(88): Illuminate\\Routing\\ResponseFactory->make()
#54 /home/wonderparkbd/public_html/vendor/laravel/framework/src/Illuminate/Foundation/Exceptions/Handler.php(723): Illuminate\\Routing\\ResponseFactory->view()
#55 /home/wonderparkbd/public_html/vendor/laravel/framework/src/Illuminate/Foundation/Exceptions/Handler.php(650): Illuminate\\Foundation\\Exceptions\\Handler->renderHttpException()
#56 /home/wonderparkbd/public_html/vendor/laravel/framework/src/Illuminate/Foundation/Exceptions/Handler.php(556): Illuminate\\Foundation\\Exceptions\\Handler->prepareResponse()
#57 /home/wonderparkbd/public_html/vendor/laravel/framework/src/Illuminate/Foundation/Exceptions/Handler.php(473): Illuminate\\Foundation\\Exceptions\\Handler->renderExceptionResponse()
#58 /home/wonderparkbd/public_html/vendor/laravel/framework/src/Illuminate/Routing/Pipeline.php(51): Illuminate\\Foundation\\Exceptions\\Handler->render()
#59 /home/wonderparkbd/public_html/vendor/laravel/framework/src/Illuminate/Pipeline/Pipeline.php(146): Illuminate\\Routing\\Pipeline->handleException()
#60 /home/wonderparkbd/public_html/vendor/livewire/livewire/src/DisableBrowserCache.php(19): Illuminate\\Pipeline\\Pipeline->{closure:Illuminate\\Pipeline\\Pipeline::prepareDestination():142}()
#61 /home/wonderparkbd/public_html/vendor/laravel/framework/src/Illuminate/Pipeline/Pipeline.php(183): Livewire\\DisableBrowserCache->handle()
#62 /home/wonderparkbd/public_html/vendor/laravel/framework/src/Illuminate/Foundation/Http/Middleware/TransformsRequest.php(21): Illuminate\\Pipeline\\Pipeline->{closure:{closure:Illuminate\\Pipeline\\Pipeline::carry():158}:159}()
#63 /home/wonderparkbd/public_html/vendor/laravel/framework/src/Illuminate/Foundation/Http/Middleware/ConvertEmptyStringsToNull.php(31): Illuminate\\Foundation\\Http\\Middleware\\TransformsRequest->handle()
#64 /home/wonderparkbd/public_html/vendor/laravel/framework/src/Illuminate/Pipeline/Pipeline.php(183): Illuminate\\Foundation\\Http\\Middleware\\ConvertEmptyStringsToNull->handle()
#65 /home/wonderparkbd/public_html/vendor/laravel/framework/src/Illuminate/Foundation/Http/Middleware/TransformsRequest.php(21): Illuminate\\Pipeline\\Pipeline->{closure:{closure:Illuminate\\Pipeline\\Pipeline::carry():158}:159}()
#66 /home/wonderparkbd/public_html/vendor/laravel/framework/src/Illuminate/Foundation/Http/Middleware/TrimStrings.php(40): Illuminate\\Foundation\\Http\\Middleware\\TransformsRequest->handle()
#67 /home/wonderparkbd/public_html/vendor/laravel/framework/src/Illuminate/Pipeline/Pipeline.php(183): Illuminate\\Foundation\\Http\\Middleware\\TrimStrings->handle()
#68 /home/wonderparkbd/public_html/vendor/laravel/framework/src/Illuminate/Foundation/Http/Middleware/ValidatePostSize.php(27): Illuminate\\Pipeline\\Pipeline->{closure:{closure:Illuminate\\Pipeline\\Pipeline::carry():158}:159}()
#69 /home/wonderparkbd/public_html/vendor/laravel/framework/src/Illuminate/Pipeline/Pipeline.php(183): Illuminate\\Foundation\\Http\\Middleware\\ValidatePostSize->handle()
#70 /home/wonderparkbd/public_html/vendor/laravel/framework/src/Illuminate/Foundation/Http/Middleware/PreventRequestsDuringMaintenance.php(99): Illuminate\\Pipeline\\Pipeline->{closure:{closure:Illuminate\\Pipeline\\Pipeline::carry():158}:159}()
#71 /home/wonderparkbd/public_html/vendor/laravel/framework/src/Illuminate/Pipeline/Pipeline.php(183): Illuminate\\Foundation\\Http\\Middleware\\PreventRequestsDuringMaintenance->handle()
#72 /home/wonderparkbd/public_html/vendor/laravel/framework/src/Illuminate/Http/Middleware/HandleCors.php(49): Illuminate\\Pipeline\\Pipeline->{closure:{closure:Illuminate\\Pipeline\\Pipeline::carry():158}:159}()
#73 /home/wonderparkbd/public_html/vendor/laravel/framework/src/Illuminate/Pipeline/Pipeline.php(183): Illuminate\\Http\\Middleware\\HandleCors->handle()
#74 /home/wonderparkbd/public_html/vendor/laravel/framework/src/Illuminate/Http/Middleware/TrustProxies.php(39): Illuminate\\Pipeline\\Pipeline->{closure:{closure:Illuminate\\Pipeline\\Pipeline::carry():158}:159}()
#75 /home/wonderparkbd/public_html/vendor/laravel/framework/src/Illuminate/Pipeline/Pipeline.php(183): Illuminate\\Http\\Middleware\\TrustProxies->handle()
#76 /home/wonderparkbd/public_html/vendor/laravel/framework/src/Illuminate/Pipeline/Pipeline.php(119): Illuminate\\Pipeline\\Pipeline->{closure:{closure:Illuminate\\Pipeline\\Pipeline::carry():158}:159}()
#77 /home/wonderparkbd/public_html/vendor/laravel/framework/src/Illuminate/Foundation/Http/Kernel.php(175): Illuminate\\Pipeline\\Pipeline->then()
#78 /home/wonderparkbd/public_html/vendor/laravel/framework/src/Illuminate/Foundation/Http/Kernel.php(144): Illuminate\\Foundation\\Http\\Kernel->sendRequestThroughRouter()
#79 /home/wonderparkbd/public_html/public/index.php(51): Illuminate\\Foundation\\Http\\Kernel->handle()
#80 {main}
"} 
[2026-07-18 23:33:57] production.ERROR: SQLSTATE[HY000] [1040] Too many connections (Connection: mysql, SQL: select * from `gallery`) {"exception":"[object] (Illuminate\\Database\\QueryException(code: 1040): SQLSTATE[HY000] [1040] Too many connections (Connection: mysql, SQL: select * from `gallery`) at /home/wonderparkbd/public_html/vendor/laravel/framework/src/Illuminate/Database/Connection.php:829)
[stacktrace]
#0 /home/wonderparkbd/public_html/vendor/laravel/framework/src/Illuminate/Database/Connection.php(783): Illuminate\\Database\\Connection->runQueryCallback()
#1 /home/wonderparkbd/public_html/vendor/laravel/framework/src/Illuminate/Database/Connection.php(414): Illuminate\\Database\\Connection->run()
#2 /home/wonderparkbd/public_html/vendor/laravel/framework/src/Illuminate/Database/Query/Builder.php(2913): Illuminate\\Database\\Connection->select()
#3 /home/wonderparkbd/public_html/vendor/laravel/framework/src/Illuminate/Database/Query/Builder.php(2902): Illuminate\\Database\\Query\\Builder->runSelect()
#4 /home/wonderparkbd/public_html/vendor/laravel/framework/src/Illuminate/Database/Query/Builder.php(3456): Illuminate\\Database\\Query\\Builder->{closure:Illuminate\\Database\\Query\\Builder::get():2901}()
#5 /home/wonderparkbd/public_html/vendor/laravel/framework/src/Illuminate/Database/Query/Builder.php(2901): Illuminate\\Database\\Query\\Builder->onceWithColumns()
#6 /home/wonderparkbd/public_html/vendor/laravel/framework/src/Illuminate/Database/Eloquent/Builder.php(739): Illuminate\\Database\\Query\\Builder->get()
#7 /home/wonderparkbd/public_html/vendor/laravel/framework/src/Illuminate/Database/Eloquent/Builder.php(723): Illuminate\\Database\\Eloquent\\Builder->getModels()
#8 /home/wonderparkbd/public_html/vendor/laravel/framework/src/Illuminate/Database/Eloquent/Model.php(675): Illuminate\\Database\\Eloquent\\Builder->get()
#9 /home/wonderparkbd/public_html/app/Http/Controllers/frontend/FrontendController.php(38): Illuminate\\Database\\Eloquent\\Model::all()
#10 /home/wonderparkbd/public_html/vendor/laravel/framework/src/Illuminate/Routing/Controller.php(54): App\\Http\\Controllers\\frontend\\FrontendController->index()
#11 /home/wonderparkbd/public_html/vendor/laravel/framework/src/Illuminate/Routing/ControllerDispatcher.php(43): Illuminate\\Routing\\Controller->callAction()
#12 /home/wonderparkbd/public_html/vendor/laravel/framework/src/Illuminate/Routing/Route.php(259): Illuminate\\Routing\\ControllerDispatcher->dispatch()
#13 /home/wonderparkbd/public_html/vendor/laravel/framework/src/Illuminate/Routing/Route.php(205): Illuminate\\Routing\\Route->runController()
#14 /home/wonderparkbd/public_html/vendor/laravel/framework/src/Illuminate/Routing/Router.php(806): Illuminate\\Routing\\Route->run()
#15 /home/wonderparkbd/public_html/vendor/laravel/framework/src/Illuminate/Pipeline/Pipeline.php(144): Illuminate\\Routing\\Router->{closure:Illuminate\\Routing\\Router::runRouteWithinStack():805}()
#16 /home/wonderparkbd/public_html/app/Http/Middleware/SetLocale.php(18): Illuminate\\Pipeline\\Pipeline->{closure:Illuminate\\Pipeline\\Pipeline::prepareDestination():142}()
#17 /home/wonderparkbd/public_html/vendor/laravel/framework/src/Illuminate/Pipeline/Pipeline.php(183): App\\Http\\Middleware\\SetLocale->handle()
#18 /home/wonderparkbd/public_html/vendor/laravel/framework/src/Illuminate/Routing/Middleware/SubstituteBindings.php(50): Illuminate\\Pipeline\\Pipeline->{closure:{closure:Illuminate\\Pipeline\\Pipeline::carry():158}:159}()
#19 /home/wonderparkbd/public_html/vendor/laravel/framework/src/Illuminate/Pipeline/Pipeline.php(183): Illuminate\\Routing\\Middleware\\SubstituteBindings->handle()
#20 /home/wonderparkbd/public_html/vendor/laravel/framework/src/Illuminate/Foundation/Http/Middleware/VerifyCsrfToken.php(78): Illuminate\\Pipeline\\Pipeline->{closure:{closure:Illuminate\\Pipeline\\Pipeline::carry():158}:159}()
#21 /home/wonderparkbd/public_html/vendor/laravel/framework/src/Illuminate/Pipeline/Pipeline.php(183): Illuminate\\Foundation\\Http\\Middleware\\VerifyCsrfToken->handle()
#22 /home/wonderparkbd/public_html/vendor/laravel/framework/src/Illuminate/View/Middleware/ShareErrorsFromSession.php(49): Illuminate\\Pipeline\\Pipeline->{closure:{closure:Illuminate\\Pipeline\\Pipeline::carry():158}:159}()
#23 /home/wonderparkbd/public_html/vendor/laravel/framework/src/Illuminate/Pipeline/Pipeline.php(183): Illuminate\\View\\Middleware\\ShareErrorsFromSession->handle()
#24 /home/wonderparkbd/public_html/vendor/laravel/framework/src/Illuminate/Session/Middleware/StartSession.php(121): Illuminate\\Pipeline\\Pipeline->{closure:{closure:Illuminate\\Pipeline\\Pipeline::carry():158}:159}()
#25 /home/wonderparkbd/public_html/vendor/laravel/framework/src/Illuminate/Session/Middleware/StartSession.php(64): Illuminate\\Session\\Middleware\\StartSession->handleStatefulRequest()
#26 /home/wonderparkbd/public_html/vendor/laravel/framework/src/Illuminate/Pipeline/Pipeline.php(183): Illuminate\\Session\\Middleware\\StartSession->handle()
#27 /home/wonderparkbd/public_html/vendor/laravel/framework/src/Illuminate/Cookie/Middleware/AddQueuedCookiesToResponse.php(37): Illuminate\\Pipeline\\Pipeline->{closure:{closure:Illuminate\\Pipeline\\Pipeline::carry():158}:159}()
#28 /home/wonderparkbd/public_html/vendor/laravel/framework/src/Illuminate/Pipeline/Pipeline.php(183): Illuminate\\Cookie\\Middleware\\AddQueuedCookiesToResponse->handle()
#29 /home/wonderparkbd/public_html/vendor/laravel/framework/src/Illuminate/Cookie/Middleware/EncryptCookies.php(67): Illuminate\\Pipeline\\Pipeline->{closure:{closure:Illuminate\\Pipeline\\Pipeline::carry():158}:159}()
#30 /home/wonderparkbd/public_html/vendor/laravel/framework/src/Illuminate/Pipeline/Pipeline.php(183): Illuminate\\Cookie\\Middleware\\EncryptCookies->handle()
#31 /home/wonderparkbd/public_html/vendor/laravel/framework/src/Illuminate/Pipeline/Pipeline.php(119): Illuminate\\Pipeline\\Pipeline->{closure:{closure:Illuminate\\Pipeline\\Pipeline::carry():158}:159}()
#32 /home/wonderparkbd/public_html/vendor/laravel/framework/src/Illuminate/Routing/Router.php(805): Illuminate\\Pipeline\\Pipeline->then()
#33 /home/wonderparkbd/public_html/vendor/laravel/framework/src/Illuminate/Routing/Router.php(784): Illuminate\\Routing\\Router->runRouteWithinStack()
#34 /home/wonderparkbd/public_html/vendor/laravel/framework/src/Illuminate/Routing/Router.php(748): Illuminate\\Routing\\Router->runRoute()
#35 /home/wonderparkbd/public_html/vendor/laravel/framework/src/Illuminate/Routing/Router.php(737): Illuminate\\Routing\\Router->dispatchToRoute()
#36 /home/wonderparkbd/public_html/vendor/laravel/framework/src/Illuminate/Foundation/Http/Kernel.php(200): Illuminate\\Routing\\Router->dispatch()
#37 /home/wonderparkbd/public_html/vendor/laravel/framework/src/Illuminate/Pipeline/Pipeline.php(144): Illuminate\\Foundation\\Http\\Kernel->{closure:Illuminate\\Foundation\\Http\\Kernel::dispatchToRouter():197}()
#38 /home/wonderparkbd/public_html/vendor/livewire/livewire/src/DisableBrowserCache.php(19): Illuminate\\Pipeline\\Pipeline->{closure:Illuminate\\Pipeline\\Pipeline::prepareDestination():142}()
#39 /home/wonderparkbd/public_html/vendor/laravel/framework/src/Illuminate/Pipeline/Pipeline.php(183): Livewire\\DisableBrowserCache->handle()
#40 /home/wonderparkbd/public_html/vendor/laravel/framework/src/Illuminate/Foundation/Http/Middleware/TransformsRequest.php(21): Illuminate\\Pipeline\\Pipeline->{closure:{closure:Illuminate\\Pipeline\\Pipeline::carry():158}:159}()
#41 /home/wonderparkbd/public_html/vendor/laravel/framework/src/Illuminate/Foundation/Http/Middleware/ConvertEmptyStringsToNull.php(31): Illuminate\\Foundation\\Http\\Middleware\\TransformsRequest->handle()
#42 /home/wonderparkbd/public_html/vendor/laravel/framework/src/Illuminate/Pipeline/Pipeline.php(183): Illuminate\\Foundation\\Http\\Middleware\\ConvertEmptyStringsToNull->handle()
#43 /home/wonderparkbd/public_html/vendor/laravel/framework/src/Illuminate/Foundation/Http/Middleware/TransformsRequest.php(21): Illuminate\\Pipeline\\Pipeline->{closure:{closure:Illuminate\\Pipeline\\Pipeline::carry():158}:159}()
#44 /home/wonderparkbd/public_html/vendor/laravel/framework/src/Illuminate/Foundation/Http/Middleware/TrimStrings.php(40): Illuminate\\Foundation\\Http\\Middleware\\TransformsRequest->handle()
#45 /home/wonderparkbd/public_html/vendor/laravel/framework/src/Illuminate/Pipeline/Pipeline.php(183): Illuminate\\Foundation\\Http\\Middleware\\TrimStrings->handle()
#46 /home/wonderparkbd/public_html/vendor/laravel/framework/src/Illuminate/Foundation/Http/Middleware/ValidatePostSize.php(27): Illuminate\\Pipeline\\Pipeline->{closure:{closure:Illuminate\\Pipeline\\Pipeline::carry():158}:159}()
#47 /home/wonderparkbd/public_html/vendor/laravel/framework/src/Illuminate/Pipeline/Pipeline.php(183): Illuminate\\Foundation\\Http\\Middleware\\ValidatePostSize->handle()
#48 /home/wonderparkbd/public_html/vendor/laravel/framework/src/Illuminate/Foundation/Http/Middleware/PreventRequestsDuringMaintenance.php(99): Illuminate\\Pipeline\\Pipeline->{closure:{closure:Illuminate\\Pipeline\\Pipeline::carry():158}:159}()
#49 /home/wonderparkbd/public_html/vendor/laravel/framework/src/Illuminate/Pipeline/Pipeline.php(183): Illuminate\\Foundation\\Http\\Middleware\\PreventRequestsDuringMaintenance->handle()
#50 /home/wonderparkbd/public_html/vendor/laravel/framework/src/Illuminate/Http/Middleware/HandleCors.php(49): Illuminate\\Pipeline\\Pipeline->{closure:{closure:Illuminate\\Pipeline\\Pipeline::carry():158}:159}()
#51 /home/wonderparkbd/public_html/vendor/laravel/framework/src/Illuminate/Pipeline/Pipeline.php(183): Illuminate\\Http\\Middleware\\HandleCors->handle()
#52 /home/wonderparkbd/public_html/vendor/laravel/framework/src/Illuminate/Http/Middleware/TrustProxies.php(39): Illuminate\\Pipeline\\Pipeline->{closure:{closure:Illuminate\\Pipeline\\Pipeline::carry():158}:159}()
#53 /home/wonderparkbd/public_html/vendor/laravel/framework/src/Illuminate/Pipeline/Pipeline.php(183): Illuminate\\Http\\Middleware\\TrustProxies->handle()
#54 /home/wonderparkbd/public_html/vendor/laravel/framework/src/Illuminate/Pipeline/Pipeline.php(119): Illuminate\\Pipeline\\Pipeline->{closure:{closure:Illuminate\\Pipeline\\Pipeline::carry():158}:159}()
#55 /home/wonderparkbd/public_html/vendor/laravel/framework/src/Illuminate/Foundation/Http/Kernel.php(175): Illuminate\\Pipeline\\Pipeline->then()
#56 /home/wonderparkbd/public_html/vendor/laravel/framework/src/Illuminate/Foundation/Http/Kernel.php(144): Illuminate\\Foundation\\Http\\Kernel->sendRequestThroughRouter()
#57 /home/wonderparkbd/public_html/public/index.php(51): Illuminate\\Foundation\\Http\\Kernel->handle()
#58 {main}

[previous exception] [object] (PDOException(code: 1040): SQLSTATE[HY000] [1040] Too many connections at /home/wonderparkbd/public_html/vendor/laravel/framework/src/Illuminate/Database/Connectors/Connector.php:65)
[stacktrace]
#0 /home/wonderparkbd/public_html/vendor/laravel/framework/src/Illuminate/Database/Connectors/Connector.php(65): PDO->__construct()
#1 /home/wonderparkbd/public_html/vendor/laravel/framework/src/Illuminate/Database/Connectors/Connector.php(44): Illuminate\\Database\\Connectors\\Connector->createPdoConnection()
#2 /home/wonderparkbd/public_html/vendor/laravel/framework/src/Illuminate/Database/Connectors/MySqlConnector.php(24): Illuminate\\Database\\Connectors\\Connector->createConnection()
#3 /home/wonderparkbd/public_html/vendor/laravel/framework/src/Illuminate/Database/Connectors/ConnectionFactory.php(184): Illuminate\\Database\\Connectors\\MySqlConnector->connect()
#4 [internal function]: Illuminate\\Database\\Connectors\\ConnectionFactory->{closure:Illuminate\\Database\\Connectors\\ConnectionFactory::createPdoResolverWithHosts():179}()
#5 /home/wonderparkbd/public_html/vendor/laravel/framework/src/Illuminate/Database/Connection.php(1339): call_user_func()
#6 /home/wonderparkbd/public_html/vendor/laravel/framework/src/Illuminate/Database/Connection.php(1375): Illuminate\\Database\\Connection->getPdo()
#7 /home/wonderparkbd/public_html/vendor/laravel/framework/src/Illuminate/Database/Connection.php(528): Illuminate\\Database\\Connection->getReadPdo()
#8 /home/wonderparkbd/public_html/vendor/laravel/framework/src/Illuminate/Database/Connection.php(423): Illuminate\\Database\\Connection->getPdoForSelect()
#9 /home/wonderparkbd/public_html/vendor/laravel/framework/src/Illuminate/Database/Connection.php(816): Illuminate\\Database\\Connection->{closure:Illuminate\\Database\\Connection::select():414}()
#10 /home/wonderparkbd/public_html/vendor/laravel/framework/src/Illuminate/Database/Connection.php(783): Illuminate\\Database\\Connection->runQueryCallback()
#11 /home/wonderparkbd/public_html/vendor/laravel/framework/src/Illuminate/Database/Connection.php(414): Illuminate\\Database\\Connection->run()
#12 /home/wonderparkbd/public_html/vendor/laravel/framework/src/Illuminate/Database/Query/Builder.php(2913): Illuminate\\Database\\Connection->select()
#13 /home/wonderparkbd/public_html/vendor/laravel/framework/src/Illuminate/Database/Query/Builder.php(2902): Illuminate\\Database\\Query\\Builder->runSelect()
#14 /home/wonderparkbd/public_html/vendor/laravel/framework/src/Illuminate/Database/Query/Builder.php(3456): Illuminate\\Database\\Query\\Builder->{closure:Illuminate\\Database\\Query\\Builder::get():2901}()
#15 /home/wonderparkbd/public_html/vendor/laravel/framework/src/Illuminate/Database/Query/Builder.php(2901): Illuminate\\Database\\Query\\Builder->onceWithColumns()
#16 /home/wonderparkbd/public_html/vendor/laravel/framework/src/Illuminate/Database/Eloquent/Builder.php(739): Illuminate\\Database\\Query\\Builder->get()
#17 /home/wonderparkbd/public_html/vendor/laravel/framework/src/Illuminate/Database/Eloquent/Builder.php(723): Illuminate\\Database\\Eloquent\\Builder->getModels()
#18 /home/wonderparkbd/public_html/vendor/laravel/framework/src/Illuminate/Database/Eloquent/Model.php(675): Illuminate\\Database\\Eloquent\\Builder->get()
#19 /home/wonderparkbd/public_html/app/Http/Controllers/frontend/FrontendController.php(38): Illuminate\\Database\\Eloquent\\Model::all()
#20 /home/wonderparkbd/public_html/vendor/laravel/framework/src/Illuminate/Routing/Controller.php(54): App\\Http\\Controllers\\frontend\\FrontendController->index()
#21 /home/wonderparkbd/public_html/vendor/laravel/framework/src/Illuminate/Routing/ControllerDispatcher.php(43): Illuminate\\Routing\\Controller->callAction()
#22 /home/wonderparkbd/public_html/vendor/laravel/framework/src/Illuminate/Routing/Route.php(259): Illuminate\\Routing\\ControllerDispatcher->dispatch()
#23 /home/wonderparkbd/public_html/vendor/laravel/framework/src/Illuminate/Routing/Route.php(205): Illuminate\\Routing\\Route->runController()
#24 /home/wonderparkbd/public_html/vendor/laravel/framework/src/Illuminate/Routing/Router.php(806): Illuminate\\Routing\\Route->run()
#25 /home/wonderparkbd/public_html/vendor/laravel/framework/src/Illuminate/Pipeline/Pipeline.php(144): Illuminate\\Routing\\Router->{closure:Illuminate\\Routing\\Router::runRouteWithinStack():805}()
#26 /home/wonderparkbd/public_html/app/Http/Middleware/SetLocale.php(18): Illuminate\\Pipeline\\Pipeline->{closure:Illuminate\\Pipeline\\Pipeline::prepareDestination():142}()
#27 /home/wonderparkbd/public_html/vendor/laravel/framework/src/Illuminate/Pipeline/Pipeline.php(183): App\\Http\\Middleware\\SetLocale->handle()
#28 /home/wonderparkbd/public_html/vendor/laravel/framework/src/Illuminate/Routing/Middleware/SubstituteBindings.php(50): Illuminate\\Pipeline\\Pipeline->{closure:{closure:Illuminate\\Pipeline\\Pipeline::carry():158}:159}()
#29 /home/wonderparkbd/public_html/vendor/laravel/framework/src/Illuminate/Pipeline/Pipeline.php(183): Illuminate\\Routing\\Middleware\\SubstituteBindings->handle()
#30 /home/wonderparkbd/public_html/vendor/laravel/framework/src/Illuminate/Foundation/Http/Middleware/VerifyCsrfToken.php(78): Illuminate\\Pipeline\\Pipeline->{closure:{closure:Illuminate\\Pipeline\\Pipeline::carry():158}:159}()
#31 /home/wonderparkbd/public_html/vendor/laravel/framework/src/Illuminate/Pipeline/Pipeline.php(183): Illuminate\\Foundation\\Http\\Middleware\\VerifyCsrfToken->handle()
#32 /home/wonderparkbd/public_html/vendor/laravel/framework/src/Illuminate/View/Middleware/ShareErrorsFromSession.php(49): Illuminate\\Pipeline\\Pipeline->{closure:{closure:Illuminate\\Pipeline\\Pipeline::carry():158}:159}()
#33 /home/wonderparkbd/public_html/vendor/laravel/framework/src/Illuminate/Pipeline/Pipeline.php(183): Illuminate\\View\\Middleware\\ShareErrorsFromSession->handle()
#34 /home/wonderparkbd/public_html/vendor/laravel/framework/src/Illuminate/Session/Middleware/StartSession.php(121): Illuminate\\Pipeline\\Pipeline->{closure:{closure:Illuminate\\Pipeline\\Pipeline::carry():158}:159}()
#35 /home/wonderparkbd/public_html/vendor/laravel/framework/src/Illuminate/Session/Middleware/StartSession.php(64): Illuminate\\Session\\Middleware\\StartSession->handleStatefulRequest()
#36 /home/wonderparkbd/public_html/vendor/laravel/framework/src/Illuminate/Pipeline/Pipeline.php(183): Illuminate\\Session\\Middleware\\StartSession->handle()
#37 /home/wonderparkbd/public_html/vendor/laravel/framework/src/Illuminate/Cookie/Middleware/AddQueuedCookiesToResponse.php(37): Illuminate\\Pipeline\\Pipeline->{closure:{closure:Illuminate\\Pipeline\\Pipeline::carry():158}:159}()
#38 /home/wonderparkbd/public_html/vendor/laravel/framework/src/Illuminate/Pipeline/Pipeline.php(183): Illuminate\\Cookie\\Middleware\\AddQueuedCookiesToResponse->handle()
#39 /home/wonderparkbd/public_html/vendor/laravel/framework/src/Illuminate/Cookie/Middleware/EncryptCookies.php(67): Illuminate\\Pipeline\\Pipeline->{closure:{closure:Illuminate\\Pipeline\\Pipeline::carry():158}:159}()
#40 /home/wonderparkbd/public_html/vendor/laravel/framework/src/Illuminate/Pipeline/Pipeline.php(183): Illuminate\\Cookie\\Middleware\\EncryptCookies->handle()
#41 /home/wonderparkbd/public_html/vendor/laravel/framework/src/Illuminate/Pipeline/Pipeline.php(119): Illuminate\\Pipeline\\Pipeline->{closure:{closure:Illuminate\\Pipeline\\Pipeline::carry():158}:159}()
#42 /home/wonderparkbd/public_html/vendor/laravel/framework/src/Illuminate/Routing/Router.php(805): Illuminate\\Pipeline\\Pipeline->then()
#43 /home/wonderparkbd/public_html/vendor/laravel/framework/src/Illuminate/Routing/Router.php(784): Illuminate\\Routing\\Router->runRouteWithinStack()
#44 /home/wonderparkbd/public_html/vendor/laravel/framework/src/Illuminate/Routing/Router.php(748): Illuminate\\Routing\\Router->runRoute()
#45 /home/wonderparkbd/public_html/vendor/laravel/framework/src/Illuminate/Routing/Router.php(737): Illuminate\\Routing\\Router->dispatchToRoute()
#46 /home/wonderparkbd/public_html/vendor/laravel/framework/src/Illuminate/Foundation/Http/Kernel.php(200): Illuminate\\Routing\\Router->dispatch()
#47 /home/wonderparkbd/public_html/vendor/laravel/framework/src/Illuminate/Pipeline/Pipeline.php(144): Illuminate\\Foundation\\Http\\Kernel->{closure:Illuminate\\Foundation\\Http\\Kernel::dispatchToRouter():197}()
#48 /home/wonderparkbd/public_html/vendor/livewire/livewire/src/DisableBrowserCache.php(19): Illuminate\\Pipeline\\Pipeline->{closure:Illuminate\\Pipeline\\Pipeline::prepareDestination():142}()
#49 /home/wonderparkbd/public_html/vendor/laravel/framework/src/Illuminate/Pipeline/Pipeline.php(183): Livewire\\DisableBrowserCache->handle()
#50 /home/wonderparkbd/public_html/vendor/laravel/framework/src/Illuminate/Foundation/Http/Middleware/TransformsRequest.php(21): Illuminate\\Pipeline\\Pipeline->{closure:{closure:Illuminate\\Pipeline\\Pipeline::carry():158}:159}()
#51 /home/wonderparkbd/public_html/vendor/laravel/framework/src/Illuminate/Foundation/Http/Middleware/ConvertEmptyStringsToNull.php(31): Illuminate\\Foundation\\Http\\Middleware\\TransformsRequest->handle()
#52 /home/wonderparkbd/public_html/vendor/laravel/framework/src/Illuminate/Pipeline/Pipeline.php(183): Illuminate\\Foundation\\Http\\Middleware\\ConvertEmptyStringsToNull->handle()
#53 /home/wonderparkbd/public_html/vendor/laravel/framework/src/Illuminate/Foundation/Http/Middleware/TransformsRequest.php(21): Illuminate\\Pipeline\\Pipeline->{closure:{closure:Illuminate\\Pipeline\\Pipeline::carry():158}:159}()
#54 /home/wonderparkbd/public_html/vendor/laravel/framework/src/Illuminate/Foundation/Http/Middleware/TrimStrings.php(40): Illuminate\\Foundation\\Http\\Middleware\\TransformsRequest->handle()
#55 /home/wonderparkbd/public_html/vendor/laravel/framework/src/Illuminate/Pipeline/Pipeline.php(183): Illuminate\\Foundation\\Http\\Middleware\\TrimStrings->handle()
#56 /home/wonderparkbd/public_html/vendor/laravel/framework/src/Illuminate/Foundation/Http/Middleware/ValidatePostSize.php(27): Illuminate\\Pipeline\\Pipeline->{closure:{closure:Illuminate\\Pipeline\\Pipeline::carry():158}:159}()
#57 /home/wonderparkbd/public_html/vendor/laravel/framework/src/Illuminate/Pipeline/Pipeline.php(183): Illuminate\\Foundation\\Http\\Middleware\\ValidatePostSize->handle()
#58 /home/wonderparkbd/public_html/vendor/laravel/framework/src/Illuminate/Foundation/Http/Middleware/PreventRequestsDuringMaintenance.php(99): Illuminate\\Pipeline\\Pipeline->{closure:{closure:Illuminate\\Pipeline\\Pipeline::carry():158}:159}()
#59 /home/wonderparkbd/public_html/vendor/laravel/framework/src/Illuminate/Pipeline/Pipeline.php(183): Illuminate\\Foundation\\Http\\Middleware\\PreventRequestsDuringMaintenance->handle()
#60 /home/wonderparkbd/public_html/vendor/laravel/framework/src/Illuminate/Http/Middleware/HandleCors.php(49): Illuminate\\Pipeline\\Pipeline->{closure:{closure:Illuminate\\Pipeline\\Pipeline::carry():158}:159}()
#61 /home/wonderparkbd/public_html/vendor/laravel/framework/src/Illuminate/Pipeline/Pipeline.php(183): Illuminate\\Http\\Middleware\\HandleCors->handle()
#62 /home/wonderparkbd/public_html/vendor/laravel/framework/src/Illuminate/Http/Middleware/TrustProxies.php(39): Illuminate\\Pipeline\\Pipeline->{closure:{closure:Illuminate\\Pipeline\\Pipeline::carry():158}:159}()
#63 /home/wonderparkbd/public_html/vendor/laravel/framework/src/Illuminate/Pipeline/Pipeline.php(183): Illuminate\\Http\\Middleware\\TrustProxies->handle()
#64 /home/wonderparkbd/public_html/vendor/laravel/framework/src/Illuminate/Pipeline/Pipeline.php(119): Illuminate\\Pipeline\\Pipeline->{closure:{closure:Illuminate\\Pipeline\\Pipeline::carry():158}:159}()
#65 /home/wonderparkbd/public_html/vendor/laravel/framework/src/Illuminate/Foundation/Http/Kernel.php(175): Illuminate\\Pipeline\\Pipeline->then()
#66 /home/wonderparkbd/public_html/vendor/laravel/framework/src/Illuminate/Foundation/Http/Kernel.php(144): Illuminate\\Foundation\\Http\\Kernel->sendRequestThroughRouter()
#67 /home/wonderparkbd/public_html/public/index.php(51): Illuminate\\Foundation\\Http\\Kernel->handle()
#68 {main}
"} 
[2026-07-18 23:34:10] production.ERROR: SQLSTATE[HY000] [1040] Too many connections (Connection: mysql, SQL: select * from `gallery`) {"exception":"[object] (Illuminate\\Database\\QueryException(code: 1040): SQLSTATE[HY000] [1040] Too many connections (Connection: mysql, SQL: select * from `gallery`) at /home/wonderparkbd/public_html/vendor/laravel/framework/src/Illuminate/Database/Connection.php:829)
[stacktrace]
#0 /home/wonderparkbd/public_html/vendor/laravel/framework/src/Illuminate/Database/Connection.php(783): Illuminate\\Database\\Connection->runQueryCallback()
#1 /home/wonderparkbd/public_html/vendor/laravel/framework/src/Illuminate/Database/Connection.php(414): Illuminate\\Database\\Connection->run()
#2 /home/wonderparkbd/public_html/vendor/laravel/framework/src/Illuminate/Database/Query/Builder.php(2913): Illuminate\\Database\\Connection->select()
#3 /home/wonderparkbd/public_html/vendor/laravel/framework/src/Illuminate/Database/Query/Builder.php(2902): Illuminate\\Database\\Query\\Builder->runSelect()
#4 /home/wonderparkbd/public_html/vendor/laravel/framework/src/Illuminate/Database/Query/Builder.php(3456): Illuminate\\Database\\Query\\Builder->{closure:Illuminate\\Database\\Query\\Builder::get():2901}()
#5 /home/wonderparkbd/public_html/vendor/laravel/framework/src/Illuminate/Database/Query/Builder.php(2901): Illuminate\\Database\\Query\\Builder->onceWithColumns()
#6 /home/wonderparkbd/public_html/vendor/laravel/framework/src/Illuminate/Database/Eloquent/Builder.php(739): Illuminate\\Database\\Query\\Builder->get()
#7 /home/wonderparkbd/public_html/vendor/laravel/framework/src/Illuminate/Database/Eloquent/Builder.php(723): Illuminate\\Database\\Eloquent\\Builder->getModels()
#8 /home/wonderparkbd/public_html/vendor/laravel/framework/src/Illuminate/Database/Eloquent/Model.php(675): Illuminate\\Database\\Eloquent\\Builder->get()
#9 /home/wonderparkbd/public_html/app/Http/Controllers/frontend/FrontendController.php(38): Illuminate\\Database\\Eloquent\\Model::all()
#10 /home/wonderparkbd/public_html/vendor/laravel/framework/src/Illuminate/Routing/Controller.php(54): App\\Http\\Controllers\\frontend\\FrontendController->index()
#11 /home/wonderparkbd/public_html/vendor/laravel/framework/src/Illuminate/Routing/ControllerDispatcher.php(43): Illuminate\\Routing\\Controller->callAction()
#12 /home/wonderparkbd/public_html/vendor/laravel/framework/src/Illuminate/Routing/Route.php(259): Illuminate\\Routing\\ControllerDispatcher->dispatch()
#13 /home/wonderparkbd/public_html/vendor/laravel/framework/src/Illuminate/Routing/Route.php(205): Illuminate\\Routing\\Route->runController()
#14 /home/wonderparkbd/public_html/vendor/laravel/framework/src/Illuminate/Routing/Router.php(806): Illuminate\\Routing\\Route->run()
#15 /home/wonderparkbd/public_html/vendor/laravel/framework/src/Illuminate/Pipeline/Pipeline.php(144): Illuminate\\Routing\\Router->{closure:Illuminate\\Routing\\Router::runRouteWithinStack():805}()
#16 /home/wonderparkbd/public_html/app/Http/Middleware/SetLocale.php(18): Illuminate\\Pipeline\\Pipeline->{closure:Illuminate\\Pipeline\\Pipeline::prepareDestination():142}()
#17 /home/wonderparkbd/public_html/vendor/laravel/framework/src/Illuminate/Pipeline/Pipeline.php(183): App\\Http\\Middleware\\SetLocale->handle()
#18 /home/wonderparkbd/public_html/vendor/laravel/framework/src/Illuminate/Routing/Middleware/SubstituteBindings.php(50): Illuminate\\Pipeline\\Pipeline->{closure:{closure:Illuminate\\Pipeline\\Pipeline::carry():158}:159}()
#19 /home/wonderparkbd/public_html/vendor/laravel/framework/src/Illuminate/Pipeline/Pipeline.php(183): Illuminate\\Routing\\Middleware\\SubstituteBindings->handle()
#20 /home/wonderparkbd/public_html/vendor/laravel/framework/src/Illuminate/Foundation/Http/Middleware/VerifyCsrfToken.php(78): Illuminate\\Pipeline\\Pipeline->{closure:{closure:Illuminate\\Pipeline\\Pipeline::carry():158}:159}()
#21 /home/wonderparkbd/public_html/vendor/laravel/framework/src/Illuminate/Pipeline/Pipeline.php(183): Illuminate\\Foundation\\Http\\Middleware\\VerifyCsrfToken->handle()
#22 /home/wonderparkbd/public_html/vendor/laravel/framework/src/Illuminate/View/Middleware/ShareErrorsFromSession.php(49): Illuminate\\Pipeline\\Pipeline->{closure:{closure:Illuminate\\Pipeline\\Pipeline::carry():158}:159}()
#23 /home/wonderparkbd/public_html/vendor/laravel/framework/src/Illuminate/Pipeline/Pipeline.php(183): Illuminate\\View\\Middleware\\ShareErrorsFromSession->handle()
#24 /home/wonderparkbd/public_html/vendor/laravel/framework/src/Illuminate/Session/Middleware/StartSession.php(121): Illuminate\\Pipeline\\Pipeline->{closure:{closure:Illuminate\\Pipeline\\Pipeline::carry():158}:159}()
#25 /home/wonderparkbd/public_html/vendor/laravel/framework/src/Illuminate/Session/Middleware/StartSession.php(64): Illuminate\\Session\\Middleware\\StartSession->handleStatefulRequest()
#26 /home/wonderparkbd/public_html/vendor/laravel/framework/src/Illuminate/Pipeline/Pipeline.php(183): Illuminate\\Session\\Middleware\\StartSession->handle()
#27 /home/wonderparkbd/public_html/vendor/laravel/framework/src/Illuminate/Cookie/Middleware/AddQueuedCookiesToResponse.php(37): Illuminate\\Pipeline\\Pipeline->{closure:{closure:Illuminate\\Pipeline\\Pipeline::carry():158}:159}()
#28 /home/wonderparkbd/public_html/vendor/laravel/framework/src/Illuminate/Pipeline/Pipeline.php(183): Illuminate\\Cookie\\Middleware\\AddQueuedCookiesToResponse->handle()
#29 /home/wonderparkbd/public_html/vendor/laravel/framework/src/Illuminate/Cookie/Middleware/EncryptCookies.php(67): Illuminate\\Pipeline\\Pipeline->{closure:{closure:Illuminate\\Pipeline\\Pipeline::carry():158}:159}()
#30 /home/wonderparkbd/public_html/vendor/laravel/framework/src/Illuminate/Pipeline/Pipeline.php(183): Illuminate\\Cookie\\Middleware\\EncryptCookies->handle()
#31 /home/wonderparkbd/public_html/vendor/laravel/framework/src/Illuminate/Pipeline/Pipeline.php(119): Illuminate\\Pipeline\\Pipeline->{closure:{closure:Illuminate\\Pipeline\\Pipeline::carry():158}:159}()
#32 /home/wonderparkbd/public_html/vendor/laravel/framework/src/Illuminate/Routing/Router.php(805): Illuminate\\Pipeline\\Pipeline->then()
#33 /home/wonderparkbd/public_html/vendor/laravel/framework/src/Illuminate/Routing/Router.php(784): Illuminate\\Routing\\Router->runRouteWithinStack()
#34 /home/wonderparkbd/public_html/vendor/laravel/framework/src/Illuminate/Routing/Router.php(748): Illuminate\\Routing\\Router->runRoute()
#35 /home/wonderparkbd/public_html/vendor/laravel/framework/src/Illuminate/Routing/Router.php(737): Illuminate\\Routing\\Router->dispatchToRoute()
#36 /home/wonderparkbd/public_html/vendor/laravel/framework/src/Illuminate/Foundation/Http/Kernel.php(200): Illuminate\\Routing\\Router->dispatch()
#37 /home/wonderparkbd/public_html/vendor/laravel/framework/src/Illuminate/Pipeline/Pipeline.php(144): Illuminate\\Foundation\\Http\\Kernel->{closure:Illuminate\\Foundation\\Http\\Kernel::dispatchToRouter():197}()
#38 /home/wonderparkbd/public_html/vendor/livewire/livewire/src/DisableBrowserCache.php(19): Illuminate\\Pipeline\\Pipeline->{closure:Illuminate\\Pipeline\\Pipeline::prepareDestination():142}()
#39 /home/wonderparkbd/public_html/vendor/laravel/framework/src/Illuminate/Pipeline/Pipeline.php(183): Livewire\\DisableBrowserCache->handle()
#40 /home/wonderparkbd/public_html/vendor/laravel/framework/src/Illuminate/Foundation/Http/Middleware/TransformsRequest.php(21): Illuminate\\Pipeline\\Pipeline->{closure:{closure:Illuminate\\Pipeline\\Pipeline::carry():158}:159}()
#41 /home/wonderparkbd/public_html/vendor/laravel/framework/src/Illuminate/Foundation/Http/Middleware/ConvertEmptyStringsToNull.php(31): Illuminate\\Foundation\\Http\\Middleware\\TransformsRequest->handle()
#42 /home/wonderparkbd/public_html/vendor/laravel/framework/src/Illuminate/Pipeline/Pipeline.php(183): Illuminate\\Foundation\\Http\\Middleware\\ConvertEmptyStringsToNull->handle()
#43 /home/wonderparkbd/public_html/vendor/laravel/framework/src/Illuminate/Foundation/Http/Middleware/TransformsRequest.php(21): Illuminate\\Pipeline\\Pipeline->{closure:{closure:Illuminate\\Pipeline\\Pipeline::carry():158}:159}()
#44 /home/wonderparkbd/public_html/vendor/laravel/framework/src/Illuminate/Foundation/Http/Middleware/TrimStrings.php(40): Illuminate\\Foundation\\Http\\Middleware\\TransformsRequest->handle()
#45 /home/wonderparkbd/public_html/vendor/laravel/framework/src/Illuminate/Pipeline/Pipeline.php(183): Illuminate\\Foundation\\Http\\Middleware\\TrimStrings->handle()
#46 /home/wonderparkbd/public_html/vendor/laravel/framework/src/Illuminate/Foundation/Http/Middleware/ValidatePostSize.php(27): Illuminate\\Pipeline\\Pipeline->{closure:{closure:Illuminate\\Pipeline\\Pipeline::carry():158}:159}()
#47 /home/wonderparkbd/public_html/vendor/laravel/framework/src/Illuminate/Pipeline/Pipeline.php(183): Illuminate\\Foundation\\Http\\Middleware\\ValidatePostSize->handle()
#48 /home/wonderparkbd/public_html/vendor/laravel/framework/src/Illuminate/Foundation/Http/Middleware/PreventRequestsDuringMaintenance.php(99): Illuminate\\Pipeline\\Pipeline->{closure:{closure:Illuminate\\Pipeline\\Pipeline::carry():158}:159}()
#49 /home/wonderparkbd/public_html/vendor/laravel/framework/src/Illuminate/Pipeline/Pipeline.php(183): Illuminate\\Foundation\\Http\\Middleware\\PreventRequestsDuringMaintenance->handle()
#50 /home/wonderparkbd/public_html/vendor/laravel/framework/src/Illuminate/Http/Middleware/HandleCors.php(49): Illuminate\\Pipeline\\Pipeline->{closure:{closure:Illuminate\\Pipeline\\Pipeline::carry():158}:159}()
#51 /home/wonderparkbd/public_html/vendor/laravel/framework/src/Illuminate/Pipeline/Pipeline.php(183): Illuminate\\Http\\Middleware\\HandleCors->handle()
#52 /home/wonderparkbd/public_html/vendor/laravel/framework/src/Illuminate/Http/Middleware/TrustProxies.php(39): Illuminate\\Pipeline\\Pipeline->{closure:{closure:Illuminate\\Pipeline\\Pipeline::carry():158}:159}()
#53 /home/wonderparkbd/public_html/vendor/laravel/framework/src/Illuminate/Pipeline/Pipeline.php(183): Illuminate\\Http\\Middleware\\TrustProxies->handle()
#54 /home/wonderparkbd/public_html/vendor/laravel/framework/src/Illuminate/Pipeline/Pipeline.php(119): Illuminate\\Pipeline\\Pipeline->{closure:{closure:Illuminate\\Pipeline\\Pipeline::carry():158}:159}()
#55 /home/wonderparkbd/public_html/vendor/laravel/framework/src/Illuminate/Foundation/Http/Kernel.php(175): Illuminate\\Pipeline\\Pipeline->then()
#56 /home/wonderparkbd/public_html/vendor/laravel/framework/src/Illuminate/Foundation/Http/Kernel.php(144): Illuminate\\Foundation\\Http\\Kernel->sendRequestThroughRouter()
#57 /home/wonderparkbd/public_html/public/index.php(51): Illuminate\\Foundation\\Http\\Kernel->handle()
#58 {main}

[previous exception] [object] (PDOException(code: 1040): SQLSTATE[HY000] [1040] Too many connections at /home/wonderparkbd/public_html/vendor/laravel/framework/src/Illuminate/Database/Connectors/Connector.php:65)
[stacktrace]
#0 /home/wonderparkbd/public_html/vendor/laravel/framework/src/Illuminate/Database/Connectors/Connector.php(65): PDO->__construct()
#1 /home/wonderparkbd/public_html/vendor/laravel/framework/src/Illuminate/Database/Connectors/Connector.php(44): Illuminate\\Database\\Connectors\\Connector->createPdoConnection()
#2 /home/wonderparkbd/public_html/vendor/laravel/framework/src/Illuminate/Database/Connectors/MySqlConnector.php(24): Illuminate\\Database\\Connectors\\Connector->createConnection()
#3 /home/wonderparkbd/public_html/vendor/laravel/framework/src/Illuminate/Database/Connectors/ConnectionFactory.php(184): Illuminate\\Database\\Connectors\\MySqlConnector->connect()
#4 [internal function]: Illuminate\\Database\\Connectors\\ConnectionFactory->{closure:Illuminate\\Database\\Connectors\\ConnectionFactory::createPdoResolverWithHosts():179}()
#5 /home/wonderparkbd/public_html/vendor/laravel/framework/src/Illuminate/Database/Connection.php(1339): call_user_func()
#6 /home/wonderparkbd/public_html/vendor/laravel/framework/src/Illuminate/Database/Connection.php(1375): Illuminate\\Database\\Connection->getPdo()
#7 /home/wonderparkbd/public_html/vendor/laravel/framework/src/Illuminate/Database/Connection.php(528): Illuminate\\Database\\Connection->getReadPdo()
#8 /home/wonderparkbd/public_html/vendor/laravel/framework/src/Illuminate/Database/Connection.php(423): Illuminate\\Database\\Connection->getPdoForSelect()
#9 /home/wonderparkbd/public_html/vendor/laravel/framework/src/Illuminate/Database/Connection.php(816): Illuminate\\Database\\Connection->{closure:Illuminate\\Database\\Connection::select():414}()
#10 /home/wonderparkbd/public_html/vendor/laravel/framework/src/Illuminate/Database/Connection.php(783): Illuminate\\Database\\Connection->runQueryCallback()
#11 /home/wonderparkbd/public_html/vendor/laravel/framework/src/Illuminate/Database/Connection.php(414): Illuminate\\Database\\Connection->run()
#12 /home/wonderparkbd/public_html/vendor/laravel/framework/src/Illuminate/Database/Query/Builder.php(2913): Illuminate\\Database\\Connection->select()
#13 /home/wonderparkbd/public_html/vendor/laravel/framework/src/Illuminate/Database/Query/Builder.php(2902): Illuminate\\Database\\Query\\Builder->runSelect()
#14 /home/wonderparkbd/public_html/vendor/laravel/framework/src/Illuminate/Database/Query/Builder.php(3456): Illuminate\\Database\\Query\\Builder->{closure:Illuminate\\Database\\Query\\Builder::get():2901}()
#15 /home/wonderparkbd/public_html/vendor/laravel/framework/src/Illuminate/Database/Query/Builder.php(2901): Illuminate\\Database\\Query\\Builder->onceWithColumns()
#16 /home/wonderparkbd/public_html/vendor/laravel/framework/src/Illuminate/Database/Eloquent/Builder.php(739): Illuminate\\Database\\Query\\Builder->get()
#17 /home/wonderparkbd/public_html/vendor/laravel/framework/src/Illuminate/Database/Eloquent/Builder.php(723): Illuminate\\Database\\Eloquent\\Builder->getModels()
#18 /home/wonderparkbd/public_html/vendor/laravel/framework/src/Illuminate/Database/Eloquent/Model.php(675): Illuminate\\Database\\Eloquent\\Builder->get()
#19 /home/wonderparkbd/public_html/app/Http/Controllers/frontend/FrontendController.php(38): Illuminate\\Database\\Eloquent\\Model::all()
#20 /home/wonderparkbd/public_html/vendor/laravel/framework/src/Illuminate/Routing/Controller.php(54): App\\Http\\Controllers\\frontend\\FrontendController->index()
#21 /home/wonderparkbd/public_html/vendor/laravel/framework/src/Illuminate/Routing/ControllerDispatcher.php(43): Illuminate\\Routing\\Controller->callAction()
#22 /home/wonderparkbd/public_html/vendor/laravel/framework/src/Illuminate/Routing/Route.php(259): Illuminate\\Routing\\ControllerDispatcher->dispatch()
#23 /home/wonderparkbd/public_html/vendor/laravel/framework/src/Illuminate/Routing/Route.php(205): Illuminate\\Routing\\Route->runController()
#24 /home/wonderparkbd/public_html/vendor/laravel/framework/src/Illuminate/Routing/Router.php(806): Illuminate\\Routing\\Route->run()
#25 /home/wonderparkbd/public_html/vendor/laravel/framework/src/Illuminate/Pipeline/Pipeline.php(144): Illuminate\\Routing\\Router->{closure:Illuminate\\Routing\\Router::runRouteWithinStack():805}()
#26 /home/wonderparkbd/public_html/app/Http/Middleware/SetLocale.php(18): Illuminate\\Pipeline\\Pipeline->{closure:Illuminate\\Pipeline\\Pipeline::prepareDestination():142}()
#27 /home/wonderparkbd/public_html/vendor/laravel/framework/src/Illuminate/Pipeline/Pipeline.php(183): App\\Http\\Middleware\\SetLocale->handle()
#28 /home/wonderparkbd/public_html/vendor/laravel/framework/src/Illuminate/Routing/Middleware/SubstituteBindings.php(50): Illuminate\\Pipeline\\Pipeline->{closure:{closure:Illuminate\\Pipeline\\Pipeline::carry():158}:159}()
#29 /home/wonderparkbd/public_html/vendor/laravel/framework/src/Illuminate/Pipeline/Pipeline.php(183): Illuminate\\Routing\\Middleware\\SubstituteBindings->handle()
#30 /home/wonderparkbd/public_html/vendor/laravel/framework/src/Illuminate/Foundation/Http/Middleware/VerifyCsrfToken.php(78): Illuminate\\Pipeline\\Pipeline->{closure:{closure:Illuminate\\Pipeline\\Pipeline::carry():158}:159}()
#31 /home/wonderparkbd/public_html/vendor/laravel/framework/src/Illuminate/Pipeline/Pipeline.php(183): Illuminate\\Foundation\\Http\\Middleware\\VerifyCsrfToken->handle()
#32 /home/wonderparkbd/public_html/vendor/laravel/framework/src/Illuminate/View/Middleware/ShareErrorsFromSession.php(49): Illuminate\\Pipeline\\Pipeline->{closure:{closure:Illuminate\\Pipeline\\Pipeline::carry():158}:159}()
#33 /home/wonderparkbd/public_html/vendor/laravel/framework/src/Illuminate/Pipeline/Pipeline.php(183): Illuminate\\View\\Middleware\\ShareErrorsFromSession->handle()
#34 /home/wonderparkbd/public_html/vendor/laravel/framework/src/Illuminate/Session/Middleware/StartSession.php(121): Illuminate\\Pipeline\\Pipeline->{closure:{closure:Illuminate\\Pipeline\\Pipeline::carry():158}:159}()
#35 /home/wonderparkbd/public_html/vendor/laravel/framework/src/Illuminate/Session/Middleware/StartSession.php(64): Illuminate\\Session\\Middleware\\StartSession->handleStatefulRequest()
#36 /home/wonderparkbd/public_html/vendor/laravel/framework/src/Illuminate/Pipeline/Pipeline.php(183): Illuminate\\Session\\Middleware\\StartSession->handle()
#37 /home/wonderparkbd/public_html/vendor/laravel/framework/src/Illuminate/Cookie/Middleware/AddQueuedCookiesToResponse.php(37): Illuminate\\Pipeline\\Pipeline->{closure:{closure:Illuminate\\Pipeline\\Pipeline::carry():158}:159}()
#38 /home/wonderparkbd/public_html/vendor/laravel/framework/src/Illuminate/Pipeline/Pipeline.php(183): Illuminate\\Cookie\\Middleware\\AddQueuedCookiesToResponse->handle()
#39 /home/wonderparkbd/public_html/vendor/laravel/framework/src/Illuminate/Cookie/Middleware/EncryptCookies.php(67): Illuminate\\Pipeline\\Pipeline->{closure:{closure:Illuminate\\Pipeline\\Pipeline::carry():158}:159}()
#40 /home/wonderparkbd/public_html/vendor/laravel/framework/src/Illuminate/Pipeline/Pipeline.php(183): Illuminate\\Cookie\\Middleware\\EncryptCookies->handle()
#41 /home/wonderparkbd/public_html/vendor/laravel/framework/src/Illuminate/Pipeline/Pipeline.php(119): Illuminate\\Pipeline\\Pipeline->{closure:{closure:Illuminate\\Pipeline\\Pipeline::carry():158}:159}()
#42 /home/wonderparkbd/public_html/vendor/laravel/framework/src/Illuminate/Routing/Router.php(805): Illuminate\\Pipeline\\Pipeline->then()
#43 /home/wonderparkbd/public_html/vendor/laravel/framework/src/Illuminate/Routing/Router.php(784): Illuminate\\Routing\\Router->runRouteWithinStack()
#44 /home/wonderparkbd/public_html/vendor/laravel/framework/src/Illuminate/Routing/Router.php(748): Illuminate\\Routing\\Router->runRoute()
#45 /home/wonderparkbd/public_html/vendor/laravel/framework/src/Illuminate/Routing/Router.php(737): Illuminate\\Routing\\Router->dispatchToRoute()
#46 /home/wonderparkbd/public_html/vendor/laravel/framework/src/Illuminate/Foundation/Http/Kernel.php(200): Illuminate\\Routing\\Router->dispatch()
#47 /home/wonderparkbd/public_html/vendor/laravel/framework/src/Illuminate/Pipeline/Pipeline.php(144): Illuminate\\Foundation\\Http\\Kernel->{closure:Illuminate\\Foundation\\Http\\Kernel::dispatchToRouter():197}()
#48 /home/wonderparkbd/public_html/vendor/livewire/livewire/src/DisableBrowserCache.php(19): Illuminate\\Pipeline\\Pipeline->{closure:Illuminate\\Pipeline\\Pipeline::prepareDestination():142}()
#49 /home/wonderparkbd/public_html/vendor/laravel/framework/src/Illuminate/Pipeline/Pipeline.php(183): Livewire\\DisableBrowserCache->handle()
#50 /home/wonderparkbd/public_html/vendor/laravel/framework/src/Illuminate/Foundation/Http/Middleware/TransformsRequest.php(21): Illuminate\\Pipeline\\Pipeline->{closure:{closure:Illuminate\\Pipeline\\Pipeline::carry():158}:159}()
#51 /home/wonderparkbd/public_html/vendor/laravel/framework/src/Illuminate/Foundation/Http/Middleware/ConvertEmptyStringsToNull.php(31): Illuminate\\Foundation\\Http\\Middleware\\TransformsRequest->handle()
#52 /home/wonderparkbd/public_html/vendor/laravel/framework/src/Illuminate/Pipeline/Pipeline.php(183): Illuminate\\Foundation\\Http\\Middleware\\ConvertEmptyStringsToNull->handle()
#53 /home/wonderparkbd/public_html/vendor/laravel/framework/src/Illuminate/Foundation/Http/Middleware/TransformsRequest.php(21): Illuminate\\Pipeline\\Pipeline->{closure:{closure:Illuminate\\Pipeline\\Pipeline::carry():158}:159}()
#54 /home/wonderparkbd/public_html/vendor/laravel/framework/src/Illuminate/Foundation/Http/Middleware/TrimStrings.php(40): Illuminate\\Foundation\\Http\\Middleware\\TransformsRequest->handle()
#55 /home/wonderparkbd/public_html/vendor/laravel/framework/src/Illuminate/Pipeline/Pipeline.php(183): Illuminate\\Foundation\\Http\\Middleware\\TrimStrings->handle()
#56 /home/wonderparkbd/public_html/vendor/laravel/framework/src/Illuminate/Foundation/Http/Middleware/ValidatePostSize.php(27): Illuminate\\Pipeline\\Pipeline->{closure:{closure:Illuminate\\Pipeline\\Pipeline::carry():158}:159}()
#57 /home/wonderparkbd/public_html/vendor/laravel/framework/src/Illuminate/Pipeline/Pipeline.php(183): Illuminate\\Foundation\\Http\\Middleware\\ValidatePostSize->handle()
#58 /home/wonderparkbd/public_html/vendor/laravel/framework/src/Illuminate/Foundation/Http/Middleware/PreventRequestsDuringMaintenance.php(99): Illuminate\\Pipeline\\Pipeline->{closure:{closure:Illuminate\\Pipeline\\Pipeline::carry():158}:159}()
#59 /home/wonderparkbd/public_html/vendor/laravel/framework/src/Illuminate/Pipeline/Pipeline.php(183): Illuminate\\Foundation\\Http\\Middleware\\PreventRequestsDuringMaintenance->handle()
#60 /home/wonderparkbd/public_html/vendor/laravel/framework/src/Illuminate/Http/Middleware/HandleCors.php(49): Illuminate\\Pipeline\\Pipeline->{closure:{closure:Illuminate\\Pipeline\\Pipeline::carry():158}:159}()
#61 /home/wonderparkbd/public_html/vendor/laravel/framework/src/Illuminate/Pipeline/Pipeline.php(183): Illuminate\\Http\\Middleware\\HandleCors->handle()
#62 /home/wonderparkbd/public_html/vendor/laravel/framework/src/Illuminate/Http/Middleware/TrustProxies.php(39): Illuminate\\Pipeline\\Pipeline->{closure:{closure:Illuminate\\Pipeline\\Pipeline::carry():158}:159}()
#63 /home/wonderparkbd/public_html/vendor/laravel/framework/src/Illuminate/Pipeline/Pipeline.php(183): Illuminate\\Http\\Middleware\\TrustProxies->handle()
#64 /home/wonderparkbd/public_html/vendor/laravel/framework/src/Illuminate/Pipeline/Pipeline.php(119): Illuminate\\Pipeline\\Pipeline->{closure:{closure:Illuminate\\Pipeline\\Pipeline::carry():158}:159}()
#65 /home/wonderparkbd/public_html/vendor/laravel/framework/src/Illuminate/Foundation/Http/Kernel.php(175): Illuminate\\Pipeline\\Pipeline->then()
#66 /home/wonderparkbd/public_html/vendor/laravel/framework/src/Illuminate/Foundation/Http/Kernel.php(144): Illuminate\\Foundation\\Http\\Kernel->sendRequestThroughRouter()
#67 /home/wonderparkbd/public_html/public/index.php(51): Illuminate\\Foundation\\Http\\Kernel->handle()
#68 {main}
"} 
[2026-07-18 23:41:18] production.ERROR: Attempt to read property "image" on null {"view":{"view":"/home/wonderparkbd/public_html/resources/views/pages/frontend/blog_details.blade.php","data":[]},"exception":"[object] (Spatie\\LaravelIgnition\\Exceptions\\ViewException(code: 0): Attempt to read property \"image\" on null at /home/wonderparkbd/public_html/resources/views/pages/frontend/blog_details.blade.php:43)
[stacktrace]
#0 /home/wonderparkbd/public_html/vendor/laravel/framework/src/Illuminate/Filesystem/Filesystem.php(123): require('/home/wonderpar...')
#1 /home/wonderparkbd/public_html/vendor/laravel/framework/src/Illuminate/Filesystem/Filesystem.php(124): Illuminate\\Filesystem\\Filesystem::{closure:Illuminate\\Filesystem\\Filesystem::getRequire():120}()
#2 /home/wonderparkbd/public_html/vendor/laravel/framework/src/Illuminate/View/Engines/PhpEngine.php(58): Illuminate\\Filesystem\\Filesystem->getRequire()
#3 /home/wonderparkbd/public_html/vendor/livewire/livewire/src/ComponentConcerns/RendersLivewireComponents.php(69): Illuminate\\View\\Engines\\PhpEngine->evaluatePath()
#4 /home/wonderparkbd/public_html/vendor/laravel/framework/src/Illuminate/View/Engines/CompilerEngine.php(72): Livewire\\LivewireViewCompilerEngine->evaluatePath()
#5 /home/wonderparkbd/public_html/vendor/livewire/livewire/src/ComponentConcerns/RendersLivewireComponents.php(35): Illuminate\\View\\Engines\\CompilerEngine->get()
#6 /home/wonderparkbd/public_html/vendor/laravel/framework/src/Illuminate/View/View.php(207): Livewire\\LivewireViewCompilerEngine->get()
#7 /home/wonderparkbd/public_html/vendor/laravel/framework/src/Illuminate/View/View.php(190): Illuminate\\View\\View->getContents()
#8 /home/wonderparkbd/public_html/vendor/laravel/framework/src/Illuminate/View/View.php(159): Illuminate\\View\\View->renderContents()
#9 /home/wonderparkbd/public_html/vendor/laravel/framework/src/Illuminate/Http/Response.php(69): Illuminate\\View\\View->render()
#10 /home/wonderparkbd/public_html/vendor/laravel/framework/src/Illuminate/Http/Response.php(35): Illuminate\\Http\\Response->setContent()
#11 /home/wonderparkbd/public_html/vendor/laravel/framework/src/Illuminate/Routing/Router.php(918): Illuminate\\Http\\Response->__construct()
#12 /home/wonderparkbd/public_html/vendor/laravel/framework/src/Illuminate/Routing/Router.php(885): Illuminate\\Routing\\Router::toResponse()
#13 /home/wonderparkbd/public_html/vendor/laravel/framework/src/Illuminate/Routing/Router.php(805): Illuminate\\Routing\\Router->prepareResponse()
#14 /home/wonderparkbd/public_html/vendor/laravel/framework/src/Illuminate/Pipeline/Pipeline.php(144): Illuminate\\Routing\\Router->{closure:Illuminate\\Routing\\Router::runRouteWithinStack():805}()
#15 /home/wonderparkbd/public_html/app/Http/Middleware/SetLocale.php(18): Illuminate\\Pipeline\\Pipeline->{closure:Illuminate\\Pipeline\\Pipeline::prepareDestination():142}()
#16 /home/wonderparkbd/public_html/vendor/laravel/framework/src/Illuminate/Pipeline/Pipeline.php(183): App\\Http\\Middleware\\SetLocale->handle()
#17 /home/wonderparkbd/public_html/vendor/laravel/framework/src/Illuminate/Routing/Middleware/SubstituteBindings.php(50): Illuminate\\Pipeline\\Pipeline->{closure:{closure:Illuminate\\Pipeline\\Pipeline::carry():158}:159}()
#18 /home/wonderparkbd/public_html/vendor/laravel/framework/src/Illuminate/Pipeline/Pipeline.php(183): Illuminate\\Routing\\Middleware\\SubstituteBindings->handle()
#19 /home/wonderparkbd/public_html/vendor/laravel/framework/src/Illuminate/Foundation/Http/Middleware/VerifyCsrfToken.php(78): Illuminate\\Pipeline\\Pipeline->{closure:{closure:Illuminate\\Pipeline\\Pipeline::carry():158}:159}()
#20 /home/wonderparkbd/public_html/vendor/laravel/framework/src/Illuminate/Pipeline/Pipeline.php(183): Illuminate\\Foundation\\Http\\Middleware\\VerifyCsrfToken->handle()
#21 /home/wonderparkbd/public_html/vendor/laravel/framework/src/Illuminate/View/Middleware/ShareErrorsFromSession.php(49): Illuminate\\Pipeline\\Pipeline->{closure:{closure:Illuminate\\Pipeline\\Pipeline::carry():158}:159}()
#22 /home/wonderparkbd/public_html/vendor/laravel/framework/src/Illuminate/Pipeline/Pipeline.php(183): Illuminate\\View\\Middleware\\ShareErrorsFromSession->handle()
#23 /home/wonderparkbd/public_html/vendor/laravel/framework/src/Illuminate/Session/Middleware/StartSession.php(121): Illuminate\\Pipeline\\Pipeline->{closure:{closure:Illuminate\\Pipeline\\Pipeline::carry():158}:159}()
#24 /home/wonderparkbd/public_html/vendor/laravel/framework/src/Illuminate/Session/Middleware/StartSession.php(64): Illuminate\\Session\\Middleware\\StartSession->handleStatefulRequest()
#25 /home/wonderparkbd/public_html/vendor/laravel/framework/src/Illuminate/Pipeline/Pipeline.php(183): Illuminate\\Session\\Middleware\\StartSession->handle()
#26 /home/wonderparkbd/public_html/vendor/laravel/framework/src/Illuminate/Cookie/Middleware/AddQueuedCookiesToResponse.php(37): Illuminate\\Pipeline\\Pipeline->{closure:{closure:Illuminate\\Pipeline\\Pipeline::carry():158}:159}()
#27 /home/wonderparkbd/public_html/vendor/laravel/framework/src/Illuminate/Pipeline/Pipeline.php(183): Illuminate\\Cookie\\Middleware\\AddQueuedCookiesToResponse->handle()
#28 /home/wonderparkbd/public_html/vendor/laravel/framework/src/Illuminate/Cookie/Middleware/EncryptCookies.php(67): Illuminate\\Pipeline\\Pipeline->{closure:{closure:Illuminate\\Pipeline\\Pipeline::carry():158}:159}()
#29 /home/wonderparkbd/public_html/vendor/laravel/framework/src/Illuminate/Pipeline/Pipeline.php(183): Illuminate\\Cookie\\Middleware\\EncryptCookies->handle()
#30 /home/wonderparkbd/public_html/vendor/laravel/framework/src/Illuminate/Pipeline/Pipeline.php(119): Illuminate\\Pipeline\\Pipeline->{closure:{closure:Illuminate\\Pipeline\\Pipeline::carry():158}:159}()
#31 /home/wonderparkbd/public_html/vendor/laravel/framework/src/Illuminate/Routing/Router.php(805): Illuminate\\Pipeline\\Pipeline->then()
#32 /home/wonderparkbd/public_html/vendor/laravel/framework/src/Illuminate/Routing/Router.php(784): Illuminate\\Routing\\Router->runRouteWithinStack()
#33 /home/wonderparkbd/public_html/vendor/laravel/framework/src/Illuminate/Routing/Router.php(748): Illuminate\\Routing\\Router->runRoute()
#34 /home/wonderparkbd/public_html/vendor/laravel/framework/src/Illuminate/Routing/Router.php(737): Illuminate\\Routing\\Router->dispatchToRoute()
#35 /home/wonderparkbd/public_html/vendor/laravel/framework/src/Illuminate/Foundation/Http/Kernel.php(200): Illuminate\\Routing\\Router->dispatch()
#36 /home/wonderparkbd/public_html/vendor/laravel/framework/src/Illuminate/Pipeline/Pipeline.php(144): Illuminate\\Foundation\\Http\\Kernel->{closure:Illuminate\\Foundation\\Http\\Kernel::dispatchToRouter():197}()
#37 /home/wonderparkbd/public_html/vendor/livewire/livewire/src/DisableBrowserCache.php(19): Illuminate\\Pipeline\\Pipeline->{closure:Illuminate\\Pipeline\\Pipeline::prepareDestination():142}()
#38 /home/wonderparkbd/public_html/vendor/laravel/framework/src/Illuminate/Pipeline/Pipeline.php(183): Livewire\\DisableBrowserCache->handle()
#39 /home/wonderparkbd/public_html/vendor/laravel/framework/src/Illuminate/Foundation/Http/Middleware/TransformsRequest.php(21): Illuminate\\Pipeline\\Pipeline->{closure:{closure:Illuminate\\Pipeline\\Pipeline::carry():158}:159}()
#40 /home/wonderparkbd/public_html/vendor/laravel/framework/src/Illuminate/Foundation/Http/Middleware/ConvertEmptyStringsToNull.php(31): Illuminate\\Foundation\\Http\\Middleware\\TransformsRequest->handle()
#41 /home/wonderparkbd/public_html/vendor/laravel/framework/src/Illuminate/Pipeline/Pipeline.php(183): Illuminate\\Foundation\\Http\\Middleware\\ConvertEmptyStringsToNull->handle()
#42 /home/wonderparkbd/public_html/vendor/laravel/framework/src/Illuminate/Foundation/Http/Middleware/TransformsRequest.php(21): Illuminate\\Pipeline\\Pipeline->{closure:{closure:Illuminate\\Pipeline\\Pipeline::carry():158}:159}()
#43 /home/wonderparkbd/public_html/vendor/laravel/framework/src/Illuminate/Foundation/Http/Middleware/TrimStrings.php(40): Illuminate\\Foundation\\Http\\Middleware\\TransformsRequest->handle()
#44 /home/wonderparkbd/public_html/vendor/laravel/framework/src/Illuminate/Pipeline/Pipeline.php(183): Illuminate\\Foundation\\Http\\Middleware\\TrimStrings->handle()
#45 /home/wonderparkbd/public_html/vendor/laravel/framework/src/Illuminate/Foundation/Http/Middleware/ValidatePostSize.php(27): Illuminate\\Pipeline\\Pipeline->{closure:{closure:Illuminate\\Pipeline\\Pipeline::carry():158}:159}()
#46 /home/wonderparkbd/public_html/vendor/laravel/framework/src/Illuminate/Pipeline/Pipeline.php(183): Illuminate\\Foundation\\Http\\Middleware\\ValidatePostSize->handle()
#47 /home/wonderparkbd/public_html/vendor/laravel/framework/src/Illuminate/Foundation/Http/Middleware/PreventRequestsDuringMaintenance.php(99): Illuminate\\Pipeline\\Pipeline->{closure:{closure:Illuminate\\Pipeline\\Pipeline::carry():158}:159}()
#48 /home/wonderparkbd/public_html/vendor/laravel/framework/src/Illuminate/Pipeline/Pipeline.php(183): Illuminate\\Foundation\\Http\\Middleware\\PreventRequestsDuringMaintenance->handle()
#49 /home/wonderparkbd/public_html/vendor/laravel/framework/src/Illuminate/Http/Middleware/HandleCors.php(49): Illuminate\\Pipeline\\Pipeline->{closure:{closure:Illuminate\\Pipeline\\Pipeline::carry():158}:159}()
#50 /home/wonderparkbd/public_html/vendor/laravel/framework/src/Illuminate/Pipeline/Pipeline.php(183): Illuminate\\Http\\Middleware\\HandleCors->handle()
#51 /home/wonderparkbd/public_html/vendor/laravel/framework/src/Illuminate/Http/Middleware/TrustProxies.php(39): Illuminate\\Pipeline\\Pipeline->{closure:{closure:Illuminate\\Pipeline\\Pipeline::carry():158}:159}()
#52 /home/wonderparkbd/public_html/vendor/laravel/framework/src/Illuminate/Pipeline/Pipeline.php(183): Illuminate\\Http\\Middleware\\TrustProxies->handle()
#53 /home/wonderparkbd/public_html/vendor/laravel/framework/src/Illuminate/Pipeline/Pipeline.php(119): Illuminate\\Pipeline\\Pipeline->{closure:{closure:Illuminate\\Pipeline\\Pipeline::carry():158}:159}()
#54 /home/wonderparkbd/public_html/vendor/laravel/framework/src/Illuminate/Foundation/Http/Kernel.php(175): Illuminate\\Pipeline\\Pipeline->then()
#55 /home/wonderparkbd/public_html/vendor/laravel/framework/src/Illuminate/Foundation/Http/Kernel.php(144): Illuminate\\Foundation\\Http\\Kernel->sendRequestThroughRouter()
#56 /home/wonderparkbd/public_html/public/index.php(51): Illuminate\\Foundation\\Http\\Kernel->handle()
#57 {main}

[previous exception] [object] (ErrorException(code: 0): Attempt to read property \"image\" on null at /home/wonderparkbd/public_html/storage/framework/views/05ba2f8d6b8577e49f382ec6c960210b.php:43)
[stacktrace]
#0 /home/wonderparkbd/public_html/vendor/laravel/framework/src/Illuminate/Foundation/Bootstrap/HandleExceptions.php(255): Illuminate\\Foundation\\Bootstrap\\HandleExceptions->handleError()
#1 /home/wonderparkbd/public_html/storage/framework/views/05ba2f8d6b8577e49f382ec6c960210b.php(43): Illuminate\\Foundation\\Bootstrap\\HandleExceptions->{closure:Illuminate\\Foundation\\Bootstrap\\HandleExceptions::forwardsTo():254}()
#2 /home/wonderparkbd/public_html/vendor/laravel/framework/src/Illuminate/Filesystem/Filesystem.php(123): require('/home/wonderpar...')
#3 /home/wonderparkbd/public_html/vendor/laravel/framework/src/Illuminate/Filesystem/Filesystem.php(124): Illuminate\\Filesystem\\Filesystem::{closure:Illuminate\\Filesystem\\Filesystem::getRequire():120}()
#4 /home/wonderparkbd/public_html/vendor/laravel/framework/src/Illuminate/View/Engines/PhpEngine.php(58): Illuminate\\Filesystem\\Filesystem->getRequire()
#5 /home/wonderparkbd/public_html/vendor/livewire/livewire/src/ComponentConcerns/RendersLivewireComponents.php(69): Illuminate\\View\\Engines\\PhpEngine->evaluatePath()
#6 /home/wonderparkbd/public_html/vendor/laravel/framework/src/Illuminate/View/Engines/CompilerEngine.php(72): Livewire\\LivewireViewCompilerEngine->evaluatePath()
#7 /home/wonderparkbd/public_html/vendor/livewire/livewire/src/ComponentConcerns/RendersLivewireComponents.php(35): Illuminate\\View\\Engines\\CompilerEngine->get()
#8 /home/wonderparkbd/public_html/vendor/laravel/framework/src/Illuminate/View/View.php(207): Livewire\\LivewireViewCompilerEngine->get()
#9 /home/wonderparkbd/public_html/vendor/laravel/framework/src/Illuminate/View/View.php(190): Illuminate\\View\\View->getContents()
#10 /home/wonderparkbd/public_html/vendor/laravel/framework/src/Illuminate/View/View.php(159): Illuminate\\View\\View->renderContents()
#11 /home/wonderparkbd/public_html/vendor/laravel/framework/src/Illuminate/Http/Response.php(69): Illuminate\\View\\View->render()
#12 /home/wonderparkbd/public_html/vendor/laravel/framework/src/Illuminate/Http/Response.php(35): Illuminate\\Http\\Response->setContent()
#13 /home/wonderparkbd/public_html/vendor/laravel/framework/src/Illuminate/Routing/Router.php(918): Illuminate\\Http\\Response->__construct()
#14 /home/wonderparkbd/public_html/vendor/laravel/framework/src/Illuminate/Routing/Router.php(885): Illuminate\\Routing\\Router::toResponse()
#15 /home/wonderparkbd/public_html/vendor/laravel/framework/src/Illuminate/Routing/Router.php(805): Illuminate\\Routing\\Router->prepareResponse()
#16 /home/wonderparkbd/public_html/vendor/laravel/framework/src/Illuminate/Pipeline/Pipeline.php(144): Illuminate\\Routing\\Router->{closure:Illuminate\\Routing\\Router::runRouteWithinStack():805}()
#17 /home/wonderparkbd/public_html/app/Http/Middleware/SetLocale.php(18): Illuminate\\Pipeline\\Pipeline->{closure:Illuminate\\Pipeline\\Pipeline::prepareDestination():142}()
#18 /home/wonderparkbd/public_html/vendor/laravel/framework/src/Illuminate/Pipeline/Pipeline.php(183): App\\Http\\Middleware\\SetLocale->handle()
#19 /home/wonderparkbd/public_html/vendor/laravel/framework/src/Illuminate/Routing/Middleware/SubstituteBindings.php(50): Illuminate\\Pipeline\\Pipeline->{closure:{closure:Illuminate\\Pipeline\\Pipeline::carry():158}:159}()
#20 /home/wonderparkbd/public_html/vendor/laravel/framework/src/Illuminate/Pipeline/Pipeline.php(183): Illuminate\\Routing\\Middleware\\SubstituteBindings->handle()
#21 /home/wonderparkbd/public_html/vendor/laravel/framework/src/Illuminate/Foundation/Http/Middleware/VerifyCsrfToken.php(78): Illuminate\\Pipeline\\Pipeline->{closure:{closure:Illuminate\\Pipeline\\Pipeline::carry():158}:159}()
#22 /home/wonderparkbd/public_html/vendor/laravel/framework/src/Illuminate/Pipeline/Pipeline.php(183): Illuminate\\Foundation\\Http\\Middleware\\VerifyCsrfToken->handle()
#23 /home/wonderparkbd/public_html/vendor/laravel/framework/src/Illuminate/View/Middleware/ShareErrorsFromSession.php(49): Illuminate\\Pipeline\\Pipeline->{closure:{closure:Illuminate\\Pipeline\\Pipeline::carry():158}:159}()
#24 /home/wonderparkbd/public_html/vendor/laravel/framework/src/Illuminate/Pipeline/Pipeline.php(183): Illuminate\\View\\Middleware\\ShareErrorsFromSession->handle()
#25 /home/wonderparkbd/public_html/vendor/laravel/framework/src/Illuminate/Session/Middleware/StartSession.php(121): Illuminate\\Pipeline\\Pipeline->{closure:{closure:Illuminate\\Pipeline\\Pipeline::carry():158}:159}()
#26 /home/wonderparkbd/public_html/vendor/laravel/framework/src/Illuminate/Session/Middleware/StartSession.php(64): Illuminate\\Session\\Middleware\\StartSession->handleStatefulRequest()
#27 /home/wonderparkbd/public_html/vendor/laravel/framework/src/Illuminate/Pipeline/Pipeline.php(183): Illuminate\\Session\\Middleware\\StartSession->handle()
#28 /home/wonderparkbd/public_html/vendor/laravel/framework/src/Illuminate/Cookie/Middleware/AddQueuedCookiesToResponse.php(37): Illuminate\\Pipeline\\Pipeline->{closure:{closure:Illuminate\\Pipeline\\Pipeline::carry():158}:159}()
#29 /home/wonderparkbd/public_html/vendor/laravel/framework/src/Illuminate/Pipeline/Pipeline.php(183): Illuminate\\Cookie\\Middleware\\AddQueuedCookiesToResponse->handle()
#30 /home/wonderparkbd/public_html/vendor/laravel/framework/src/Illuminate/Cookie/Middleware/EncryptCookies.php(67): Illuminate\\Pipeline\\Pipeline->{closure:{closure:Illuminate\\Pipeline\\Pipeline::carry():158}:159}()
#31 /home/wonderparkbd/public_html/vendor/laravel/framework/src/Illuminate/Pipeline/Pipeline.php(183): Illuminate\\Cookie\\Middleware\\EncryptCookies->handle()
#32 /home/wonderparkbd/public_html/vendor/laravel/framework/src/Illuminate/Pipeline/Pipeline.php(119): Illuminate\\Pipeline\\Pipeline->{closure:{closure:Illuminate\\Pipeline\\Pipeline::carry():158}:159}()
#33 /home/wonderparkbd/public_html/vendor/laravel/framework/src/Illuminate/Routing/Router.php(805): Illuminate\\Pipeline\\Pipeline->then()
#34 /home/wonderparkbd/public_html/vendor/laravel/framework/src/Illuminate/Routing/Router.php(784): Illuminate\\Routing\\Router->runRouteWithinStack()
#35 /home/wonderparkbd/public_html/vendor/laravel/framework/src/Illuminate/Routing/Router.php(748): Illuminate\\Routing\\Router->runRoute()
#36 /home/wonderparkbd/public_html/vendor/laravel/framework/src/Illuminate/Routing/Router.php(737): Illuminate\\Routing\\Router->dispatchToRoute()
#37 /home/wonderparkbd/public_html/vendor/laravel/framework/src/Illuminate/Foundation/Http/Kernel.php(200): Illuminate\\Routing\\Router->dispatch()
#38 /home/wonderparkbd/public_html/vendor/laravel/framework/src/Illuminate/Pipeline/Pipeline.php(144): Illuminate\\Foundation\\Http\\Kernel->{closure:Illuminate\\Foundation\\Http\\Kernel::dispatchToRouter():197}()
#39 /home/wonderparkbd/public_html/vendor/livewire/livewire/src/DisableBrowserCache.php(19): Illuminate\\Pipeline\\Pipeline->{closure:Illuminate\\Pipeline\\Pipeline::prepareDestination():142}()
#40 /home/wonderparkbd/public_html/vendor/laravel/framework/src/Illuminate/Pipeline/Pipeline.php(183): Livewire\\DisableBrowserCache->handle()
#41 /home/wonderparkbd/public_html/vendor/laravel/framework/src/Illuminate/Foundation/Http/Middleware/TransformsRequest.php(21): Illuminate\\Pipeline\\Pipeline->{closure:{closure:Illuminate\\Pipeline\\Pipeline::carry():158}:159}()
#42 /home/wonderparkbd/public_html/vendor/laravel/framework/src/Illuminate/Foundation/Http/Middleware/ConvertEmptyStringsToNull.php(31): Illuminate\\Foundation\\Http\\Middleware\\TransformsRequest->handle()
#43 /home/wonderparkbd/public_html/vendor/laravel/framework/src/Illuminate/Pipeline/Pipeline.php(183): Illuminate\\Foundation\\Http\\Middleware\\ConvertEmptyStringsToNull->handle()
#44 /home/wonderparkbd/public_html/vendor/laravel/framework/src/Illuminate/Foundation/Http/Middleware/TransformsRequest.php(21): Illuminate\\Pipeline\\Pipeline->{closure:{closure:Illuminate\\Pipeline\\Pipeline::carry():158}:159}()
#45 /home/wonderparkbd/public_html/vendor/laravel/framework/src/Illuminate/Foundation/Http/Middleware/TrimStrings.php(40): Illuminate\\Foundation\\Http\\Middleware\\TransformsRequest->handle()
#46 /home/wonderparkbd/public_html/vendor/laravel/framework/src/Illuminate/Pipeline/Pipeline.php(183): Illuminate\\Foundation\\Http\\Middleware\\TrimStrings->handle()
#47 /home/wonderparkbd/public_html/vendor/laravel/framework/src/Illuminate/Foundation/Http/Middleware/ValidatePostSize.php(27): Illuminate\\Pipeline\\Pipeline->{closure:{closure:Illuminate\\Pipeline\\Pipeline::carry():158}:159}()
#48 /home/wonderparkbd/public_html/vendor/laravel/framework/src/Illuminate/Pipeline/Pipeline.php(183): Illuminate\\Foundation\\Http\\Middleware\\ValidatePostSize->handle()
#49 /home/wonderparkbd/public_html/vendor/laravel/framework/src/Illuminate/Foundation/Http/Middleware/PreventRequestsDuringMaintenance.php(99): Illuminate\\Pipeline\\Pipeline->{closure:{closure:Illuminate\\Pipeline\\Pipeline::carry():158}:159}()
#50 /home/wonderparkbd/public_html/vendor/laravel/framework/src/Illuminate/Pipeline/Pipeline.php(183): Illuminate\\Foundation\\Http\\Middleware\\PreventRequestsDuringMaintenance->handle()
#51 /home/wonderparkbd/public_html/vendor/laravel/framework/src/Illuminate/Http/Middleware/HandleCors.php(49): Illuminate\\Pipeline\\Pipeline->{closure:{closure:Illuminate\\Pipeline\\Pipeline::carry():158}:159}()
#52 /home/wonderparkbd/public_html/vendor/laravel/framework/src/Illuminate/Pipeline/Pipeline.php(183): Illuminate\\Http\\Middleware\\HandleCors->handle()
#53 /home/wonderparkbd/public_html/vendor/laravel/framework/src/Illuminate/Http/Middleware/TrustProxies.php(39): Illuminate\\Pipeline\\Pipeline->{closure:{closure:Illuminate\\Pipeline\\Pipeline::carry():158}:159}()
#54 /home/wonderparkbd/public_html/vendor/laravel/framework/src/Illuminate/Pipeline/Pipeline.php(183): Illuminate\\Http\\Middleware\\TrustProxies->handle()
#55 /home/wonderparkbd/public_html/vendor/laravel/framework/src/Illuminate/Pipeline/Pipeline.php(119): Illuminate\\Pipeline\\Pipeline->{closure:{closure:Illuminate\\Pipeline\\Pipeline::carry():158}:159}()
#56 /home/wonderparkbd/public_html/vendor/laravel/framework/src/Illuminate/Foundation/Http/Kernel.php(175): Illuminate\\Pipeline\\Pipeline->then()
#57 /home/wonderparkbd/public_html/vendor/laravel/framework/src/Illuminate/Foundation/Http/Kernel.php(144): Illuminate\\Foundation\\Http\\Kernel->sendRequestThroughRouter()
#58 /home/wonderparkbd/public_html/public/index.php(51): Illuminate\\Foundation\\Http\\Kernel->handle()
#59 {main}
"} 
